label,Care/Harm (R),Fairness/Cheating (R),Loyalty/Betrayal (R),Authority/Subversion (R),Sanctity/Degradation (R),Anger (R),Hate (R),Nervousness (R),Positive Emotion (R),Misinformation (E),Conspiracy (E),Engagement (C)
1,0.0738438728664313,0.078676603834031,0.0669843024431345,0.0697968088703122,0.0467917133212058,0.0,0.0,0.0,0.0862068965517241,-1.5297418630751964,0.0518584538192381,0.057504412880358
1,0.0829877455743896,0.0747754480627643,0.0719304926485038,0.0681182100628448,0.0689936555522566,0.0093457943925233,0.0342679127725856,0.0249221183800623,0.0996884735202492,-1.1855379848567802,0.1488375282695431,0.1726784200288624
0,0.0951682709807569,0.0900085658702589,0.0821410850722595,0.0796402567138262,0.0759075992862792,0.0064205457463884,0.0513643659711075,0.0272873194221508,0.1252006420545746,-1.4007449203697482,0.1233314427468857,0.1252076228004311
1,0.0851005271589334,0.083235472137735,0.0751021987671349,0.075858680024893,0.0629348783962144,0.0042553191489361,0.0085106382978723,0.0148936170212765,0.076595744680851,-1.3923055457903086,0.0640607767040654,0.105662246434871
0,0.0928634817693884,0.096408993991773,0.0862562085070995,0.0849544913174553,0.0726054926076114,0.015,0.015,0.025,0.07,-1.0446221937307467,0.0767740740869792,0.093711554850863
1,0.092497876496181,0.0866729516967794,0.0791359856878667,0.0763646035412049,0.0759173095113117,0.0057311566516151,0.0425494963529003,0.024313997915943,0.1080236193122612,-1.3344309517092652,0.1221543951492468,0.1360288835264879
0,0.0806152941941673,0.0722816653003815,0.0697979602926618,0.0662936085149764,0.0667708801171423,0.009325681492109,0.0451936872309899,0.0373027259684361,0.1226685796269727,-1.2352117358910106,0.1321725408145215,0.1417077287308367
1,0.0855987205631865,0.0829783048019249,0.0758549280379399,0.0729507492560592,0.0681099574946473,0.0019841269841269,0.0215773809523809,0.0314980158730158,0.0905257936507936,-1.5211832206712028,0.0863502155517146,0.1025194442338992
0,0.0943855380480787,0.0810827036335322,0.0851750525218995,0.0720332511402588,0.0743070995590562,0.0,0.0689655172413793,0.1034482758620689,0.4137931034482758,,,0.0633076278224489
1,0.0938038805798967,0.082747693589238,0.0777724123792379,0.0756995224227897,0.0736976608375625,0.011049723756906,0.0464088397790055,0.0176795580110497,0.1292817679558011,-1.2307018420000004,0.1135947076463064,0.1575348614273746
0,0.0795978162909991,0.0721204918480455,0.0688277131999363,0.0636115390551778,0.0649833208134805,0.0038684719535783,0.0638297872340425,0.0154738878143133,0.0618955512572533,-1.854173158632496,0.0148142573167542,0.1746560964348976
1,0.0816727418282367,0.0792861264295701,0.0752897353066032,0.0706971048625975,0.071741806312538,0.0092879256965944,0.0510835913312693,0.0170278637770897,0.0851393188854489,-1.047697848326263,0.1303275273054939,0.1702914858627268
1,0.0927689768618745,0.0866008857147966,0.0821845994279868,0.0773633063031264,0.0752616978424839,0.048048048048048,0.1366366366366366,0.1111111111111111,0.2282282282282282,-1.2674209307808078,0.1072577532058586,0.1639152682316424
1,0.0689627507133191,0.0717754719081053,0.0691646087836892,0.0687638860229175,0.0593954235935489,0.0028776978417266,0.0172661870503597,0.0071942446043165,0.0316546762589928,-1.1653042987401812,0.1425263084603218,0.1529674782022547
1,0.1112651256808618,0.1079960061102102,0.0992043841684031,0.0960567029048264,0.0907805923425703,0.0232558139534883,0.1802325581395348,0.1046511627906976,0.2093023255813953,-1.2364600968486124,0.1005054750017392,0.1531831742719526
1,0.0902141484132755,0.0842284371337227,0.0800399186020794,0.0776125437006911,0.076593371404761,0.0129240710823909,0.0420032310177706,0.0080775444264943,0.1405492730210016,-0.6018106908119446,0.3520091723857834,0.1767136931109781
1,0.0874686700620208,0.0808842419917897,0.074533329740805,0.0717865907447293,0.0708701246141077,0.0118230358504958,0.0602593440122044,0.0244088482074752,0.1475972540045766,-1.1991791123996542,0.1428508281230879,0.1425275864946909
1,0.0605382833452476,0.0570059167923123,0.0503005901377991,0.0471747925543947,0.04861673985182,0.0012453300124533,0.024906600249066,0.0149439601494396,0.0224159402241594,-1.1217689790303291,0.0786580055237555,0.1668301358148563
0,0.0884254584451593,0.0781026215265416,0.0769583074408743,0.072711078299599,0.0751292349252089,0.009009009009009,0.0396396396396396,0.0396396396396396,0.1117117117117117,-1.296934592713629,0.0877068632804847,0.1075536771565187
1,0.1033333869197836,0.09773347520785,0.0900522418697552,0.0865371011706578,0.0855326181123946,0.0111842105263157,0.0763157894736842,0.031578947368421,0.1585526315789473,-1.433962653515085,0.1071538623699405,0.1652754333698267
0,0.1039750150385962,0.0943345270499523,0.0862564508715282,0.0800396610207719,0.0842271689474462,0.0058479532163742,0.0350877192982456,0.0292397660818713,0.1403508771929824,-0.7576859026192958,0.1071303345941021,0.192607429038757
1,0.0948860889492763,0.0922445249371401,0.086594474721994,0.0850705343525323,0.0816636014021423,0.0337349397590361,0.0987951807228915,0.036144578313253,0.3325301204819277,-0.5713277701009901,0.3854708354477818,0.190080228235912
0,0.0999493210388257,0.0947939014926869,0.0884296474868874,0.0853644574891278,0.080611420037645,0.0336391437308868,0.1513761467889908,0.0703363914373088,0.308868501529052,-1.3285505568627098,0.1083274569840558,0.1514655136267849
1,0.0894556777121374,0.0830196116783605,0.0785434871923258,0.0749670957546998,0.0731661544869871,0.0153022188217291,0.0680948737566947,0.0520275439938791,0.0964039785768936,-1.4323317766022918,0.0648357014564154,0.1344107939935674
1,0.083540993487753,0.0707718452710109,0.0669665901312812,0.0659761183861878,0.0683946605730572,0.0053609721229449,0.0525375268048606,0.0192994996426018,0.0764832022873481,-1.058617505671414,0.1617712344060189,0.17560669989503
0,0.0702305764623331,0.0639403464504298,0.061274220485345,0.0580234293761009,0.0576951259086746,0.004070004070004,0.0256410256410256,0.0219780219780219,0.0557590557590557,-0.9076221560125324,0.2454123159829475,0.1014974318198976
0,0.1049280012003472,0.0988063360738673,0.0917918786418019,0.0884713370083905,0.0871267921465836,0.0359355638166047,0.1016109045848822,0.0297397769516728,0.1251548946716233,-1.1749457902086466,0.1473125820727439,0.1571083914647171
1,0.0921795953671784,0.0838954244937577,0.0766625171770637,0.0746722877504372,0.0717057299421807,0.0109375,0.04609375,0.0171875,0.1203125,-1.1748816201030523,0.1639007205125041,0.1535932052875014
1,0.1018711996471126,0.0951377456958012,0.0868647366108255,0.08397224550488,0.0842325225977995,0.0133681121617215,0.0821649820671666,0.039126181936746,0.1382458428431692,-1.3196331090361677,0.0937221408926172,0.1528275174633042
1,0.1043826321721947,0.0986279131489059,0.0891819282946975,0.0868020606957876,0.0850500999475178,0.0242451967063129,0.096523330283623,0.0750228728270814,0.2086001829826166,-1.26120380732213,0.1539051942651151,0.1410919378058426
1,0.0944675095991447,0.087792528319436,0.0822907973510145,0.0792736167702002,0.0800926284045255,0.0088706925963834,0.074718526100307,0.0324121460252473,0.1231661548959399,-1.1415856652523275,0.149021153967554,0.1546136474027605
1,0.0860238042972919,0.0736062715446993,0.0699071391795418,0.0680999488413678,0.0737958500050297,0.0040890504316219,0.052248977737392,0.0636074511585642,0.0899591094956837,-1.2064792148510743,0.1251147873756026,0.1585509556496013
1,0.1122732589027591,0.1065327230706186,0.0948554449007017,0.0966323665568604,0.0898934918910086,0.0214205186020293,0.1352874859075535,0.0552423900789177,0.2671927846674182,-0.9945272188155396,0.2421335350664471,0.1602899731116481
0,0.1032380100497781,0.0979942116329629,0.0897684100252794,0.0866219669247554,0.0850463359160366,0.0130515848353014,0.0596643878185208,0.0310752019888129,0.1417029210689869,-1.400558221083375,0.0924012745015754,0.1546276026258868
0,0.0935508114407593,0.0849864599363578,0.0794704940570674,0.0776382921253228,0.0739064781434233,0.0071254453403337,0.0883180198762422,0.0258766172885805,0.1316332270766922,-0.9895880374364706,0.0732437046797946,0.1091497603917733
1,0.0939224804953338,0.0862131194218027,0.0810089201088778,0.0770677700773649,0.0764071309810011,0.0182767624020887,0.1057441253263707,0.0665796344647519,0.1889686684073107,-1.184330422358154,0.1680964657119888,0.1604060105324597
1,0.0835155008477661,0.0785282753368296,0.0724474868834432,0.0699796664471287,0.0694360634807615,0.0058309037900874,0.0437317784256559,0.0204081632653061,0.0612244897959183,-1.111404798271693,0.1692879268136324,0.1591163136202443
1,0.0803319157814342,0.0764526439114466,0.0639975056976667,0.0628399874621813,0.0672794620050222,0.0033444816053511,0.0434782608695652,0.0133779264214046,0.0501672240802675,-1.2775070989304942,0.0999406092894013,0.1595311463810038
1,0.1107511140894616,0.0943829001688313,0.0906233782921511,0.0829012807854359,0.0894435519384378,0.0345911949685534,0.1081761006289308,0.1547169811320754,0.2622641509433962,-1.4597390276048077,0.0803342940539208,0.1701645790587171
0,0.0842998284839289,0.0728550207572576,0.0721628040690389,0.0678168257210385,0.0684937933531258,0.0,0.0583657587548638,0.0194552529182879,0.0700389105058365,-1.379585073044229,0.072958290380268,0.1485766367801121
1,0.0914574424958522,0.0856205759750916,0.0788660933138582,0.0758526845687074,0.0741625939882008,0.008695652173913,0.0532608695652173,0.0282608695652173,0.1043478260869565,-1.2454950358459778,0.0522673702281676,0.1315138448732905
0,0.102116866803234,0.0903014355717565,0.0893276366252452,0.0822226125469212,0.0824249373878986,0.0309278350515463,0.1030927835051546,0.1030927835051546,0.1237113402061855,-1.2635112395187422,0.1083317293397624,0.111821947184145
0,0.0940906921456355,0.0891453975737592,0.0836327740256073,0.0800042427710755,0.0795472648377893,0.0118110236220472,0.0779527559055118,0.0299212598425196,0.1330708661417322,-1.3922928686188516,0.0565115540318219,0.1484038919664341
1,0.1014588507318485,0.1013457934882588,0.0865685332889735,0.082235802312107,0.0785419461334483,0.0059880239520958,0.0179640718562874,0.0658682634730539,0.1017964071856287,-1.786355935309914,0.0631878478658234,0.1081351922049687
0,0.09130856911618,0.0967924666828245,0.0865744162577143,0.087282285200586,0.0812794900868632,0.0,0.0416666666666666,0.0,0.0416666666666666,-1.0597722960151803,0.0488614800759013,0.1257260016488681
1,0.0829272168105842,0.0791804110646616,0.0742850283761154,0.0727325541576612,0.0703312741763011,0.0075075075075075,0.0334084084084084,0.0232732732732732,0.0882132132132132,-0.8886793839538042,0.1437749941077649,0.1396200154148
1,0.1023153450862036,0.0933391119628652,0.0874414075387745,0.0827644933505734,0.0860209597915476,0.0165700082850041,0.0927920463960232,0.0430820215410107,0.1706710853355426,-1.4176634314156935,0.0470006832973387,0.1771189919600599
1,0.0836338968511258,0.077603401997489,0.073056645754102,0.0721663075861789,0.068018588895073,0.0111111111111111,0.0623931623931623,0.0153846153846153,0.0623931623931623,-1.192078390969972,0.1287859521622173,0.1382644274959603
1,0.0823185951519699,0.0777634492742666,0.0730574986561882,0.0703158905165887,0.0684267850474626,0.0047393364928909,0.0236966824644549,0.0284360189573459,0.0853080568720379,-1.314108521816788,0.0624245755807175,0.1253839055053129
0,0.0670673140419395,0.0620103840702462,0.0669714985390524,0.0596499776731024,0.0511372621125234,0.0,0.0,0.0,0.0333333333333333,-1.2198555857562527,0.0631084754138868,0.101372886637784
0,0.0718765451242366,0.0579640018195538,0.057155109011543,0.0609495667009886,0.0540895274932063,0.0,0.0,0.0,0.0,-1.0749733759318425,0.1351082712105076,0.1518295051368464
1,0.0977805300572458,0.095029427741163,0.0879959511173978,0.0847411385456521,0.0821804103238232,0.0224609375,0.12109375,0.033203125,0.158203125,-1.3895488445267727,0.0867856329138603,0.1616881947972922
1,0.0964155109475359,0.0879920939938332,0.0829110585862577,0.0807624987631283,0.0782052824597831,0.0222652468538238,0.0856727976766699,0.0459825750242013,0.1723136495643756,-1.5484572272073251,0.071042366710164,0.1338731066655411
1,0.1108034222446545,0.1002621578321885,0.0898630326267069,0.086612444210253,0.0805329157156578,0.003487358326068,0.038360941586748,0.025283347863993,0.2162162162162162,-1.4026186341518168,0.1408915539469595,0.1229954679326648
0,0.0855562547144756,0.0797953472402747,0.0727563809833596,0.0726717264211342,0.0683460139866252,0.0048250904704463,0.0434258142340168,0.0072376357056694,0.0868516284680337,-0.9816640136408444,0.136552885178618,0.1536292518976706
0,0.0650488610480628,0.0541474305376736,0.0562465531038757,0.0504114433229447,0.0527852373592444,0.0,0.018348623853211,0.018348623853211,0.1009174311926605,-1.2207872278294731,0.1546132053423473,0.1621539426116643
0,0.0875022402032624,0.0781092668241725,0.0850489260744348,0.0790274901715321,0.0780698252047159,0.0,0.1818181818181818,0.0454545454545454,0.0909090909090909,-1.1796698325490995,0.1078351137052519,0.0928837586924775
0,0.0965374209046302,0.0862497284959341,0.0803250043065837,0.0786974726979884,0.0760632002115964,0.0133909287257019,0.055291576673866,0.0311015118790496,0.0833693304535637,-1.4796914606784983,0.0956413065801228,0.1533143842792454
0,0.0571012135747707,0.0527619581975399,0.0542212154027838,0.0567557882332259,0.0473676952300224,0.0,0.0219298245614035,0.0131578947368421,0.0307017543859649,-1.267763311336188,0.1139002137439627,0.1256304515629662
1,0.1088533000098314,0.0990650178545905,0.0943615628659723,0.0911944353660794,0.0865221003097272,0.036,0.14,0.112,0.388,-0.9982869223010234,0.1813894558779046,0.205230194329131
0,0.0913205787403739,0.0916730928621409,0.0831079640148056,0.0793799617841457,0.0782848373878215,0.0102564102564102,0.0307692307692307,0.0153846153846153,0.2205128205128205,-1.4620266036520388,0.0606196020908426,0.1420488589953748
0,0.0787606580828298,0.0772412096457736,0.0718706941340258,0.0673116824717202,0.0665586898302763,0.0061728395061728,0.0444444444444444,0.0222222222222222,0.0592592592592592,-1.3586110399542637,0.0963447738485571,0.179708550974642
1,0.0994931624207464,0.1000708696948333,0.0941981679256055,0.0911387788036343,0.0840194874260871,0.0147420147420147,0.1326781326781326,0.0417690417690417,0.2604422604422604,-1.468645529649534,0.0745145007430964,0.1541104054362086
1,0.0957599858051057,0.0901647612787609,0.0854233000956454,0.083274948159341,0.0817354544718863,0.0317460317460317,0.119047619047619,0.0386904761904761,0.0942460317460317,-1.355426986833822,0.0860478664147073,0.2773260622161057
1,0.0886337720105931,0.0811901694852281,0.076680948332893,0.0745001636264591,0.073939508072024,0.008695652173913,0.0550724637681159,0.0347826086956521,0.0985507246376811,-1.103272600643069,0.1860378074959737,0.1782704089465168
0,0.0780025041167535,0.0722651541580508,0.0680224861504321,0.0623323085327092,0.0725498985791451,0.003584229390681,0.021505376344086,0.007168458781362,0.068100358422939,-1.2794854976072092,0.1288730289207772,0.1466660496745266
0,0.1053224999609711,0.1039943745466652,0.0954385151025415,0.0919247273478352,0.0915320732435072,0.0066050198150594,0.0898282694848084,0.0462351387054161,0.095112285336856,-0.4587507602971027,0.4130465947317047,0.1316174253117301
1,0.1036597115094716,0.0968263259410807,0.0892906380437973,0.0872111375251881,0.0884292753711389,0.0108225108225108,0.0887445887445887,0.0454545454545454,0.1255411255411255,-1.369210452635033,0.0987193476964856,0.148458007674705
1,0.0833536767141969,0.076999369063186,0.073171297550407,0.070606312151338,0.0673304278412871,0.0035211267605633,0.0859154929577464,0.030281690140845,0.1218309859154929,-1.0835793719933768,0.1156892000076861,0.1507066348162775
1,0.0805268792035179,0.0728822934675371,0.0672283492489706,0.0664190725139604,0.0638805406822418,0.0044203335342575,0.0397830018083182,0.0094434398231866,0.0442033353425758,-1.3119341341721296,0.1090398535965906,0.1839709852595364
1,0.1049417803847934,0.0928216264296352,0.0897963274050592,0.083415371334854,0.0860048333546625,0.01125,0.095,0.02,0.13,-1.3857857397314937,0.0794395922540949,0.1361573831404599
1,0.08408826726393,0.078482672094846,0.0741436740292401,0.0722607050859186,0.0713317533713628,0.0093085106382978,0.026595744680851,0.0119680851063829,0.1023936170212766,-1.542887142416611,0.0538758979146035,0.1111693488188088
1,0.0862080876062137,0.0797399050300122,0.0750761068808915,0.0714585279793838,0.0712003952607539,0.0064446831364124,0.0633727175080558,0.0268528464017185,0.0934479054779806,-0.8724198115674427,0.2520244275795057,0.1520113093946257
1,0.0927757294436013,0.079885461294125,0.0824474141929078,0.0751975629027285,0.0786005939653663,0.0203252032520325,0.0284552845528455,0.024390243902439,0.2032520325203252,-1.2070786091789492,0.1898640740817009,0.1705235727112554
0,0.1005040432007847,0.091798750606801,0.0870825766890231,0.082587395612221,0.0804514664395014,0.0155902004454342,0.2182628062360802,0.0623608017817371,0.2694877505567928,-1.0816966267511254,0.088895219593059,0.1203590166240526
0,0.0928444728640629,0.0918121918115161,0.0892892637960303,0.0840995025889342,0.0781269610212064,0.0075159714393085,0.0898158586997369,0.0259301014656144,0.1754979331078542,-1.5198013254572351,0.0576839916858962,0.1101707700411878
1,0.110665155469274,0.1046594258691683,0.092162388381984,0.0888688731071109,0.0882493715855337,0.0155778894472361,0.1025125628140703,0.0211055276381909,0.1246231155778894,-1.0732643558350512,0.1428919828033313,0.1590515296172759
1,0.0995955289785251,0.0963027311369768,0.0886189554619973,0.0838961416386823,0.0844731059963143,0.0348652931854199,0.1592709984152139,0.0332805071315372,0.1925515055467511,-1.3445890882955192,0.1069980769715787,0.1640445112196449
1,0.0864456865809513,0.0799236827789985,0.0802956396595042,0.0739540239575758,0.0730303950601268,0.0050479555779909,0.0323069156991418,0.0227158001009591,0.1004543160020191,-1.4882355869521438,0.0522902514160526,0.1198718106930992
0,0.0764770148751995,0.1146130390232459,0.0720656585493584,0.0971791927551617,0.0752993708138826,0.0,0.0,0.0,0.0,,,0.1029028474087719
0,0.0988274984922335,0.0873592680564416,0.0821944017410847,0.0789814393969436,0.0769236363625518,0.0113475177304964,0.0397163120567375,0.0524822695035461,0.1432624113475177,-1.600284259285663,0.0994860103618835,0.1183477642816578
1,0.094040365658269,0.0882807813024504,0.0818816003588867,0.0792432501387383,0.0772746432607777,0.0131885182311869,0.0449961210240496,0.0209464701318851,0.1148176881303335,-1.2651270528402945,0.0989666969187767,0.1561323766316688
1,0.100415917739521,0.092643933913055,0.0774026999020748,0.0837812700996211,0.0788677035314365,0.0,0.0,0.0476190476190476,0.0476190476190476,-1.0710814158972992,0.0577002329081066,0.0919837363989689
1,0.0942125568873522,0.0872454734970109,0.081771638604895,0.0769974530275702,0.0790801353994132,0.0096153846153846,0.0769230769230769,0.0384615384615384,0.1442307692307692,-1.0780276237739246,0.1190669907547064,0.1124742214981543
1,0.0999629716257317,0.0838920950506929,0.0764227898939351,0.0770668780011141,0.0770516339511852,0.0093457943925233,0.0373831775700934,0.0093457943925233,0.0420560747663551,-0.9813596578561848,0.2314593685095701,0.1639929413965712
0,0.0974786398247039,0.0922070037133389,0.0846465442842964,0.0839450779971091,0.0799256212351957,0.0276679841897233,0.0790513833992094,0.0276679841897233,0.1383399209486166,-1.1403587366903278,0.218578196677372,0.168226758037448
1,0.092819361266858,0.0896424932467614,0.0821740195140198,0.079681576240821,0.0761433976611801,0.0045977011494252,0.082471264367816,0.0146551724137931,0.1063218390804597,-1.4372248148466888,0.0648466244520005,0.1289452879249245
0,0.0874096801251473,0.0795750714290323,0.0759122833505736,0.0706802054529614,0.0702433302457332,0.0075394105551747,0.0726525017135024,0.0370116518163125,0.1220013708019191,-1.458191408449616,0.0743242050952909,0.1264600235836438
0,0.076262928942583,0.0767658071566208,0.0772066581131603,0.075626141875086,0.0640598139910652,0.0,0.0,0.0350877192982456,0.087719298245614,-1.4298477587458578,0.0468046043260327,0.1120935316027189
1,0.1002261986265978,0.0950231362141411,0.0879803425714913,0.0830430472400432,0.0862692394497269,0.0235191637630662,0.1260162601626016,0.0888501742160278,0.2357723577235772,-1.183708821184202,0.1037994323034548,0.220081850522853
0,0.0922217511621465,0.0912017761095666,0.0859138961234012,0.0828669793556143,0.0793720021132441,0.0,0.0632911392405063,0.0126582278481012,0.2025316455696202,-1.1396368972571025,0.0840644960949127,0.1130060324981242
1,0.1094672457549284,0.100514391658654,0.0941975314678088,0.0899424034120086,0.0905717318957657,0.0287662476028127,0.1353079053910078,0.0418708715107607,0.1546984871084594,-1.1707573499384747,0.1424380416442127,0.1635667714298226
1,0.0962253166624894,0.0917759967549554,0.0861019309193083,0.0811075419286749,0.0838933307617146,0.0150537634408602,0.1053763440860215,0.0810035842293906,0.2881720430107526,-0.96389189838312,0.1186818569776068,0.2114660581632459
1,0.0958322568471264,0.0906473483132068,0.0869554155135713,0.0824067540100321,0.0798785325787256,0.014514896867838,0.1398013750954927,0.0855614973262032,0.2681436210847975,-1.4085953399045128,0.0643473807621211,0.1429536580326591
1,0.077536470123525,0.0685516524200314,0.0648318320785226,0.0628526817152983,0.0654330879165431,0.0023201856148491,0.0609048723897911,0.0116009280742459,0.0887470997679814,-1.2978138172965343,0.1127527162707075,0.1615785568975592
0,0.1028973006907501,0.1010864385363138,0.0910781202405835,0.0916872689846676,0.0849164613757959,0.0375,0.13125,0.0625,0.3125,-1.3042200332409668,0.1651904846382036,0.1640575858050535
1,0.0884223710552823,0.0804645721440572,0.0783870651453817,0.0765597514873182,0.0717690842153567,0.0126984126984126,0.0476190476190476,0.0158730158730158,0.1523809523809524,-0.6838665290677675,0.2518059855521156,0.1185087906242828
1,0.1086187626267384,0.1033372549376,0.101559011747728,0.0958150315890914,0.0968689067446165,0.0285714285714285,0.3285714285714285,0.3,0.6285714285714286,,,0.1885380097773476
1,0.1000219494084071,0.0915706635210165,0.0838601599195719,0.0819047361226617,0.0764923522353225,0.0157766990291262,0.0983009708737864,0.012135922330097,0.1189320388349514,-1.2680484727197503,0.0534331483594383,0.132517276713454
1,0.0976381629626454,0.098447433821158,0.0857477871091498,0.0841864454323981,0.0799614885777098,0.0095864146809093,0.0745001369487811,0.0216379074226239,0.1561216105176664,-1.254522411467347,0.1328373627619498,0.163564505761966
1,0.1012506465914682,0.0921727182619894,0.0891216647842153,0.0852929929822729,0.0802205235114057,0.0180999320190346,0.1166723317471108,0.0457171991842284,0.2023283480625425,-1.3717671687005362,0.1047606624554654,0.1560362210860263
0,0.0752396727987803,0.0768335410999861,0.0886760143415478,0.0624545857199616,0.0629874974110435,0.0,0.0,0.0,0.0058479532163742,,,0.0302621210196194
1,0.1036473259899086,0.0953193497709018,0.0842162455409536,0.0834861768542013,0.081749238384465,0.0026954177897574,0.0646900269541779,0.0700808625336927,0.2493261455525606,-1.2572032128822537,0.0986102507770912,0.120761908676788
0,0.0882281287146079,0.0847165561436984,0.0868253908415579,0.0808878791497749,0.0785928938152788,0.0,0.0196078431372549,0.0,0.1372549019607843,-1.3093282801193844,0.111390938767086,0.1363594562193897
1,0.0856924321974885,0.0836193223970224,0.0772767278666569,0.074970275817928,0.0701786183192737,0.0152941176470588,0.1235294117647058,0.0494117647058823,0.1911764705882352,-1.0543334802348132,0.1270467256749653,0.128436997463717
1,0.0985398663493597,0.0903840992770205,0.0855125883147881,0.0799734450145808,0.0826746478081857,0.0172074729596853,0.1932153392330383,0.1057030481809242,0.339724680432645,-1.0818048899879058,0.1668762288088271,0.1691828164983085
1,0.0982712819294466,0.1039377032749907,0.0934496286121522,0.0931417217456009,0.0852343062038452,0.0194174757281553,0.0852211434735706,0.0258899676375404,0.1639697950377562,-1.0981953797039998,0.205085032894319,0.1696909705650633
1,0.1052208141074616,0.0971564355546885,0.0878248045230485,0.0848754163144946,0.0853967662001582,0.0197368421052631,0.0657894736842105,0.0394736842105263,0.1447368421052631,-1.2173075792662802,0.1053085447516315,0.1581336425837453
1,0.1067872234700715,0.1022539104809173,0.0947804176302706,0.0870771427022311,0.090895341394727,0.015527950310559,0.1350931677018633,0.1723602484472049,0.3928571428571428,-1.2675283069257104,0.0716574797229551,0.1461383586607682
1,0.0972471819326792,0.094414360060307,0.0869818727621282,0.0839600246093718,0.0812812127142338,0.0033557046979865,0.0453020134228187,0.0302013422818791,0.1174496644295302,-0.7315956405902793,0.3056286419628251,0.1820504595048737
1,0.0961311635676992,0.0875390196356282,0.0852389017336755,0.0802710215863806,0.0776468342928855,0.0146750524109014,0.0691823899371069,0.0188679245283018,0.1048218029350104,-1.250960640311117,0.1126659546003619,0.1589022366280749
0,0.0899229979758417,0.0895263085341603,0.0846438270370892,0.0873981611300256,0.0740330780154129,0.0077519379844961,0.0310077519379844,0.0232558139534883,0.1317829457364341,-0.9486264342453664,0.0734940423654015,0.1399418849490384
0,0.0897603514377815,0.0868883404997675,0.0816366678690753,0.0816045803410901,0.072917796182328,0.0,0.0292397660818713,0.0292397660818713,0.1695906432748538,-1.4896413110698823,0.0466422701592193,0.0817829481490857
1,0.0970835322234607,0.091388561590088,0.0883210771117057,0.0870673051061418,0.0806037613055012,0.0280065897858319,0.1383855024711696,0.0230642504118616,0.2174629324546952,-1.0544739076700855,0.1344823573894639,0.1610258973593773
0,0.0940698016006208,0.0862584511909409,0.0837117737839255,0.0771397929897646,0.0781053812835455,0.0156543519098309,0.101753287413901,0.0604257983719474,0.2075767063243581,-1.389101296837805,0.0852915922506592,0.1496693745880231
0,0.1053867731299904,0.1045058765929162,0.0872291174725716,0.0884318203038663,0.0890644341314776,0.0,0.0,0.2,0.4,,,0.1955159852817072
1,0.0858717060899928,0.0884693513482623,0.0763106659448193,0.0752904582006686,0.0665107670355751,0.0135135135135135,0.0608108108108108,0.027027027027027,0.1418918918918918,-1.3948119419090927,0.0869090314822923,0.1348924661733771
1,0.0917138028484732,0.0891229542374516,0.0841066474811309,0.0815298511387135,0.0752071884992616,0.0125906142693628,0.0679130103014116,0.0190766882869133,0.1133155284242655,-1.4008848699667873,0.0850339035092903,0.1393261316076149
0,0.0979618298391243,0.085258712429481,0.0804152868453066,0.0765681526460168,0.0773377967248702,0.0072516316171138,0.0500362581580855,0.0195794053662073,0.1007976794778825,-1.1058221881803665,0.196689747635394,0.1951194210196191
1,0.096310607927598,0.0881425695119868,0.0835220808076009,0.0806261553328717,0.078932111915538,0.0075119508308672,0.0689733667197814,0.0147962667880719,0.1085818347370817,-1.3109304645762363,0.102679613782765,0.1561977520818215
0,0.0950099321247546,0.0880944891667138,0.080657607571735,0.0779813563181366,0.0782648653343306,0.0025854639471416,0.0565929330652111,0.0140764148233266,0.0609020396437805,-1.2873591027938962,0.1085320565772619,0.1490439135286523
1,0.0686673151010365,0.0629102039661537,0.06031038657496,0.0550397277596883,0.0535591689174594,0.0,0.0379746835443038,0.0063291139240506,0.0126582278481012,-1.3177816915941174,0.0960027532212522,0.1477617848966425
0,0.1018451787357422,0.0988108454505955,0.0920865506124855,0.0909486707937657,0.0857821995098207,0.0311377245508982,0.0910179640718562,0.0467065868263473,0.0982035928143712,-0.9821432511044196,0.1201691848399841,0.1588979671781381
1,0.1203296790090583,0.1077341448708439,0.097620564634508,0.1003359499330567,0.0951418451266318,0.0210727969348659,0.1590038314176245,0.0134099616858237,0.0919540229885057,-1.221048971947389,0.0961982519491928,0.1599193930709528
0,0.1119765801977413,0.107634716641302,0.0996276262770487,0.1014325472029111,0.0881227895139578,0.0536044362292051,0.1589648798521257,0.0813308687615526,0.3142329020332717,-1.511423660765043,0.0681890079105176,0.1600822361054523
0,0.104626563689052,0.0984503022794983,0.0894296909839566,0.083306463912169,0.0872188088107639,0.0153374233128834,0.0797546012269938,0.0828220858895705,0.2760736196319018,-1.0950411869842973,0.0986224394285234,0.1691659939141399
0,0.0831104504993425,0.0831832116087403,0.0828143227621707,0.0741431076626797,0.0682203058092546,0.0151515151515151,0.0303030303030303,0.0757575757575757,0.1969696969696969,-1.3672610772129603,0.0899743541914291,0.1317658994870058
1,0.1007721811859275,0.0953736795624256,0.0888937041152923,0.0843652970403141,0.083117927861434,0.0178018575851393,0.0886222910216718,0.0425696594427244,0.2043343653250774,-1.264007818789038,0.1253933491343508,0.1583110612145894
0,0.0944625848201074,0.092860283318752,0.0858717899385294,0.0825323088889197,0.0748802241681485,0.013953488372093,0.0883720930232558,0.0372093023255813,0.3348837209302325,-1.4234798952915633,0.0612550955905229,0.1589155418948324
0,0.0890116924530583,0.0851810147728704,0.072844311016999,0.0704630897768911,0.0710486555753427,0.0062305295950155,0.043613707165109,0.0249221183800623,0.1090342679127725,-1.5522596923249807,0.0401215926297111,0.161357558061925
1,0.099731483876996,0.0911016574365735,0.0860576368038812,0.0811616842389485,0.0818525063034734,0.008284023668639,0.0923076923076923,0.0355029585798816,0.1372781065088757,-1.0790282097675463,0.1526206034112394,0.1541185504159412
1,0.081749252729466,0.0728051247951327,0.0704193066533683,0.0673133949201111,0.0644954640413215,0.0063469675599435,0.0373765867418899,0.0126939351198871,0.0839210155148095,-1.3116921842938043,0.0700337612503384,0.1413768055842963
0,0.0725895368714453,0.0725011397563514,0.0653207422234608,0.063043287967219,0.0659218382648966,0.0072992700729927,0.0072992700729927,0.0145985401459854,0.0583941605839416,-0.94022476026965,0.2091171031853804,0.1524646095596218
0,0.090502992374208,0.0877500651803785,0.0822184545769773,0.0767418066930758,0.0761854078803672,0.0122324159021406,0.0581039755351682,0.0305810397553516,0.2048929663608562,-1.1587782509792297,0.1257866939039329,0.093884129724035
0,0.101928219378141,0.0914116324895315,0.0882444717624153,0.0851072902263876,0.0821867330236923,0.0338983050847457,0.2372881355932203,0.0254237288135593,0.2627118644067797,-0.7331862911119306,0.2172456966851899,0.1375754574149744
0,0.0863837160328186,0.08228633221907,0.0768281677286282,0.0747759248722579,0.0737770644503841,0.0048475371383893,0.0314308053166536,0.0117279124315871,0.0489444878811571,-0.4305234097048854,0.4370318032348452,0.2121599078299295
1,0.0949554136149548,0.0886087376554094,0.0851759392312085,0.0813185565001488,0.0750941119668672,0.0169491525423728,0.03954802259887,0.019774011299435,0.1468926553672316,-0.82038991749854,0.3140731305889646,0.1484810702652825
1,0.0872955156130315,0.0842578475400264,0.0773898010301232,0.0755444352930226,0.073950502356278,0.0108303249097472,0.0342960288808664,0.0324909747292418,0.0577617328519855,-1.3184601112043013,0.1027670313868798,0.1572938598477097
1,0.0719884486731642,0.0711952160834972,0.0665727631910432,0.062013248352081,0.0609628929246677,0.0050377833753148,0.0445004198152812,0.0109151973131822,0.0814441645675902,-0.5876570082026253,0.3819315738407489,0.1860942274430746
1,0.1021336946738074,0.0991400544536126,0.0914233250866187,0.0905222316264172,0.0851641051320504,0.0389527458492975,0.1704980842911877,0.053639846743295,0.3071519795657726,-1.126566732308355,0.2206496674439512,0.1520840104442736
1,0.0919524032635401,0.0863441057892204,0.0803940989584248,0.0777986066533514,0.066327100799917,0.0063291139240506,0.0348101265822784,0.0126582278481012,0.0822784810126582,-1.55908768732334,0.0724910225723299,0.1077132201969564
1,0.0565172068503577,0.0528809944560403,0.0497577940576069,0.0484930124354023,0.0478772713713113,0.0038819875776397,0.0240683229813664,0.015527950310559,0.0683229813664596,-0.8483049475206793,0.0564479407996495,0.1228750319282881
1,0.100423366909283,0.0832954835519996,0.0828085377345566,0.0823070893730835,0.0719666632318764,0.0331067100206916,0.2154892107596807,0.2222879101389299,0.4120603015075377,-1.2794416137202826,0.1652546105370699,0.1166754707765499
1,0.0975904427266155,0.0929502970148598,0.0845373851102427,0.0820455500896193,0.0807286472803598,0.004594180704441,0.0689127105666156,0.0234813680449208,0.0862685043389484,-1.0064382336263442,0.2048177491259568,0.1846063934330261
1,0.0882146162075264,0.0927458919589239,0.0866484548009101,0.0842033951202969,0.0748891228922758,0.0144539614561027,0.05406852248394,0.0230192719486081,0.1038543897216274,-1.549695603487307,0.058197843507516,0.1595332583022802
0,0.0377365528332354,0.0436079221143554,0.0430074279527127,0.038223491477959,0.0367281498199145,0.0,0.0,0.0,0.0,-0.927063339731286,0.0518234165067178,0.1405167878870583
0,0.0772425449161288,0.0738516322547154,0.070729465449483,0.0676509076702572,0.0652617845458471,0.0239520958083832,0.029940119760479,0.0538922155688622,0.2275449101796407,-1.333324080791173,0.0614828913174732,0.1108007758117754
1,0.0846219029934463,0.0786253982455146,0.0717964404996407,0.0729769556554357,0.0713933063965231,0.0035193564605329,0.0246354952237305,0.0110608345902463,0.0482654600301659,-1.03909417352337,0.1049101852388598,0.1534406857551855
0,0.0994489972512369,0.0775032177876834,0.0816021031798064,0.0774894653407324,0.0709967513724744,0.0035335689045936,0.0353356890459364,0.0459363957597173,0.1342756183745583,-1.5862932631788658,0.0979830694268268,0.0831047570062961
1,0.0889653891198102,0.0807410355834608,0.0748196595568339,0.0724304741812002,0.0723863508427008,0.0049220672682526,0.0451189499589827,0.0246103363412633,0.0598851517637407,-1.1536598174281072,0.1576475349379717,0.1750026332894532
1,0.1000294869341895,0.0964596731245602,0.0894987145789325,0.0860283139084396,0.0824556360203548,0.0173053152039555,0.1137206427688504,0.0988875154511742,0.249690976514215,-1.1947125873523954,0.1478512432919874,0.1598186405071306
0,0.0958209016278098,0.0893927675130547,0.0865890854124632,0.0782069988593312,0.0822986779219644,0.0154440154440154,0.2162162162162162,0.2162162162162162,0.4401544401544401,-1.316528734780132,0.0474971505373047,0.2175122618887289
1,0.0449391947183598,0.0433607784639379,0.0398386443995187,0.0372451262430494,0.0346115198331771,0.0,0.0256410256410256,0.0034188034188034,0.0324786324786324,-1.3365506262706617,0.143709332689487,0.1185907059703823
0,0.0877310245039758,0.0786429086846061,0.0763533078865262,0.07465140860596,0.0690726270220064,0.0067136623027861,0.049009734810339,0.0285330647868412,0.1581067472306143,-1.423620815475972,0.1002947647951016,0.149514611186755
1,0.1005217869667306,0.1020157440585541,0.0927681208928649,0.0922700324648797,0.084599358754761,0.0326594090202177,0.255054432348367,0.0373250388802488,0.286158631415241,-0.5982174197723521,0.3699545644050346,0.1691556799974244
1,0.0948099008744559,0.0896762565494907,0.0830247687388105,0.0821785090211646,0.0778737669389749,0.0115356885364095,0.0894015861571737,0.0209084354722422,0.1413121845710165,-1.1742959476400412,0.109176456797179,0.1499605622146067
1,0.0826018181223548,0.0765568491910799,0.0690466636155151,0.0633871738666059,0.0686809559215896,0.0,0.0228310502283105,0.0182648401826484,0.0684931506849315,-0.7412906347566874,0.118368025796295,0.1210156718854285
1,0.0941882893833358,0.0755504623086326,0.0785098963233014,0.0707609657540229,0.0762184543810188,0.0028901734104046,0.0202312138728323,0.0086705202312138,0.1098265895953757,-1.1921115170264964,0.1597878239347593,0.1616480926281344
1,0.0713133261503742,0.0631259542044358,0.0589044665963891,0.0540301771865849,0.0572626816575686,0.0,0.03003003003003,0.009009009009009,0.045045045045045,-0.8129482283752678,0.0564917439493327,0.1732207840843643
1,0.0993281152410102,0.0997695149916548,0.091088299354318,0.0877136114552592,0.0840057834671748,0.0083790811904073,0.0898584224212655,0.0418954059520369,0.2036983530771453,-1.4816933063347002,0.0544489926750377,0.1452157632000311
1,0.0797109347176822,0.0736092231547321,0.0689044091021113,0.067118668317892,0.0650206475729723,0.0049566294919454,0.0346964064436183,0.0024783147459727,0.0545229244114002,-1.0606552647723069,0.1850944893582222,0.1328861319726089
0,0.0661612260882256,0.0844161996963417,0.0727645162719992,0.0626308041119521,0.0669812724865307,0.0,0.0,0.0,0.0,-1.466271570507234,0.037708442275289,0.1767596561085489
0,0.1007096191799336,0.0748478533934022,0.0815332124837763,0.0744070899215796,0.0743923722221888,0.0,0.081967213114754,0.0163934426229508,0.081967213114754,-1.1913655834532548,0.2774581852459747,0.2073745758598922
0,0.0990788091723743,0.0908157453777155,0.0845633853536662,0.0762607454363054,0.0787300633536594,0.0144927536231884,0.0821256038647343,0.0531400966183574,0.1545893719806763,-1.130141393226975,0.10251332143622,0.0973897766316911
0,0.0688661704850267,0.0626653511322853,0.0576556867761419,0.0577006917589413,0.0571632998035333,0.0070733863837312,0.0380194518125552,0.0106100795755968,0.0459770114942528,-0.9608408655168764,0.1892112836467193,0.1341785645055836
1,0.0745274698419714,0.0680614472324946,0.0673262767564937,0.0652994431188062,0.0600073663970398,0.0,0.0170132325141776,0.0151228733459357,0.0793950850661625,-0.7751102694405155,0.3111248852985247,0.17061770398589
1,0.0883111210988121,0.0827376374984976,0.0791838917160548,0.0747703760122723,0.0740591186739765,0.0051948051948051,0.0649350649350649,0.0194805194805194,0.1246753246753246,-1.3263405877461474,0.1097514326487238,0.1613489817292939
0,0.0967637558029411,0.079485327463437,0.0804245569913982,0.0751098577322112,0.0709774035660422,0.0,0.075,0.025,0.1,-1.6265307315933168,0.0067531935720734,0.1379090955115419
1,0.0916198157910657,0.0866927806350076,0.0824469272602737,0.0786495803124377,0.0750972016648012,0.0043554006968641,0.0688153310104529,0.03397212543554,0.1428571428571428,-1.7316582735640853,0.0534179129356328,0.1751040507009349
1,0.0889651839591356,0.0823760739517405,0.0771945199073941,0.0730652864476853,0.0745896620409336,0.0068439577630035,0.0621822448181462,0.0213140398904966,0.0889714509190457,-0.9354493679882198,0.1986961459107978,0.1952585029173787
1,0.1017464185944403,0.0957614380398873,0.0903748210463939,0.0886314334985037,0.0836212867016259,0.0129533678756476,0.1373056994818652,0.0155440414507772,0.2746113989637305,-1.1138381106732125,0.0467157978657942,0.1159846613054084
0,0.0960341274856414,0.0833355462242272,0.0799020410494557,0.0775626420844092,0.0750504492921076,0.0151706700379266,0.0518331226295828,0.0151706700379266,0.0623683101559207,-1.319840188883597,0.0638209936708067,0.1544879437253271
0,0.0831857208159834,0.0751501847165217,0.0732421564862193,0.0686381161494254,0.0676988885229165,0.0,0.0526315789473684,0.0143540669856459,0.1602870813397129,-1.2802713059817492,0.0743766896678883,0.1439321192300001
0,0.0833612048052423,0.0693657548585021,0.0693378118701257,0.0666200487964193,0.0641986397211063,0.0058565153733528,0.048316251830161,0.0527086383601757,0.1054172767203514,-1.2609178919594717,0.1006537722603956,0.1449743767566303
0,0.1934365432643763,0.1571573794174385,0.0990210701121923,0.0946123914800176,0.0880282814223031,0.0,0.0,0.0,0.6666666666666666,-2.0,0.0,0.047780801800813
1,0.1027439944741191,0.089039997251939,0.0870242966548073,0.0797353985934915,0.0823573513134487,0.0225409836065573,0.1352459016393442,0.081967213114754,0.25,-1.443729248369409,0.1162842233844019,0.1368722073461498
1,0.0380962650801342,0.0352807905119422,0.0329108634699243,0.0320346318775078,0.0316904368365265,0.0026881720430107,0.0116487455197132,0.0044802867383512,0.025089605734767,-1.3390248014847947,0.0705146838215989,0.05465820987988
1,0.082315262401925,0.074770194591078,0.070812597606629,0.0702568379151444,0.066040868403122,0.0075254537405931,0.049136786188579,0.0190349712262062,0.0756972111553784,-1.1350715235413182,0.1479296621628041,0.1726228746116851
0,0.1074163173325825,0.1082565045141409,0.0987399967165747,0.0973201999323169,0.0912924042129158,0.0365758754863813,0.156420233463035,0.0957198443579766,0.3688715953307393,-1.4928844397515857,0.0680683777680709,0.1390614059462923
1,0.0929890553803656,0.0860264621725083,0.077921327820402,0.0778035697573129,0.0754774439681176,0.0030864197530864,0.0380658436213991,0.0092592592592592,0.0504115226337448,-1.5998627664185174,0.0533984551173019,0.1235428609317905
1,0.0537845546527582,0.0446349134040207,0.0448400893380666,0.0418094110954185,0.0471780698698878,0.0040322580645161,0.0181451612903225,0.0141129032258064,0.0201612903225806,-1.1499975280735544,0.1486384956689867,0.1736780682435481
0,0.0849788298326018,0.0915463909395823,0.0797968798097556,0.0842152590384794,0.0684717480463023,0.0,0.0303030303030303,0.0151515151515151,0.0909090909090909,-0.9938230764160296,0.1389931524134476,0.1175002429847214
0,0.0935262369434354,0.0883094455696284,0.0804842495205915,0.075934250906953,0.0753824862478826,0.0056242969628796,0.0478065241844769,0.0331833520809898,0.1029246344206974,-1.4057666683165864,0.0622250534940454,0.1357540007704119
0,0.0990785693371571,0.0968633263464013,0.0880185414405429,0.0859377695279944,0.0811833835884592,0.0069444444444444,0.1388888888888889,0.0694444444444444,0.2361111111111111,-1.4393218003927253,0.035174074434417,0.0914024375598146
1,0.0934840324311518,0.0912654569111698,0.082019774903593,0.0818116022315101,0.0755116581337354,0.0040241448692152,0.0382293762575452,0.0090543259557344,0.062374245472837,-1.232135687549324,0.1226542285112467,0.1594861012427922
1,0.1013749911641404,0.0945083649899517,0.0888957161610815,0.0835424822862186,0.0807115497029884,0.0342105263157894,0.1131578947368421,0.0578947368421052,0.25,-0.9219010180666644,0.2239579837150035,0.1402497320641657
0,0.0815784397867063,0.0689875235810403,0.0632214609525863,0.0579095242848653,0.0593934129535532,0.0,0.0,0.1428571428571428,0.0714285714285714,-1.520879033453678,0.0557825188842393,0.1393629567062835
1,0.0716024805249762,0.066833766393562,0.0613297327258185,0.0587196554927697,0.0593834344849682,0.0025062656641604,0.0426065162907268,0.0150375939849624,0.112781954887218,-0.8761741431173253,0.2337342637207682,0.1416746728963965
1,0.0749804935323016,0.0668793420817438,0.0655935295708478,0.0621253824712331,0.0604396905902638,0.000871839581517,0.030514385353095,0.016564952048823,0.071490845684394,-1.130397557114739,0.1079500777992946,0.1296163798510555
0,0.1007340957933041,0.0979133914362885,0.0906925010202304,0.0881881922728463,0.0838631218054608,0.0241891148982957,0.1039032435404068,0.0736668499175371,0.2270478284771852,-1.420233735521,0.0845433763862091,0.147925933984133
0,0.0752087988343876,0.0720640931974092,0.0742847052467167,0.0704913041485628,0.0582795565529512,0.0,0.032258064516129,0.0161290322580645,0.0161290322580645,-1.5793545243348144,0.0627924497722685,0.1309345803823839
1,0.0673321589414833,0.0651085233028496,0.0591562875756812,0.0576902171802995,0.0588599879728569,0.0072765072765072,0.0405405405405405,0.0166320166320166,0.0561330561330561,-1.0693998496841908,0.1450928626598394,0.1376101416166907
1,0.0858832593639178,0.0787513287304524,0.0758534209033943,0.0709911472418229,0.071388213079625,0.0022246941045606,0.0545050055617352,0.0456062291434927,0.1234705228031145,-1.145796531524616,0.0836535343388345,0.1288118776827953
1,0.1000560469214573,0.090533750224552,0.0843264833143982,0.0810886828882821,0.0797716329971187,0.0073589533932951,0.0744071954210956,0.0335241210139002,0.1022076860179885,-1.192899157257793,0.1587107822296868,0.1512181818980263
0,0.1028046106793576,0.0918887403281474,0.0850699876439849,0.08023719178658,0.0754278652115927,0.0,0.0657894736842105,0.0,0.1578947368421052,-1.2477001933305656,0.052055853012833,0.1277740045399965
1,0.0881468659489054,0.080076699780966,0.0760624093438478,0.0714894710081295,0.0736200288254782,0.0043165467625899,0.037410071942446,0.0244604316546762,0.0949640287769784,-1.072835558826476,0.0881663629236791,0.1404237595880266
1,0.0934836140940494,0.0905432146905152,0.0830367532540082,0.0815440869505853,0.0788310813241116,0.0038387715930902,0.0518234165067178,0.0239923224568138,0.1055662188099808,-1.4061124734954429,0.0874687971434811,0.1464911844160106
0,0.1026516987617354,0.1005194874663284,0.0922347387710813,0.0837623998127007,0.090523420250488,0.0,0.1333333333333333,0.0,0.2,-0.9295178717511944,0.2243066794629797,0.1805756083090008
0,0.0823878643840999,0.0767481668286311,0.0720529135323334,0.0698591082452957,0.0690027818980591,0.0022573363431151,0.0203160270880361,0.0112866817155756,0.0586907449209932,-0.9294757957938315,0.1651234363556505,0.1241066291259386
0,0.0928669672758287,0.0900348989052625,0.0827332199848578,0.0824647374375651,0.0765703298466132,0.020021645021645,0.060064935064935,0.0443722943722943,0.1785714285714285,-1.3437412571215384,0.0649704380344592,0.1395274465548124
1,0.0780632510779331,0.0795011376753956,0.0725718905274175,0.0789410142405429,0.0659623200788891,0.0127388535031847,0.0254777070063694,0.0127388535031847,0.0764331210191082,-1.3525874723707774,0.1114572523914224,0.118951620206492
0,0.1046932679654746,0.0986476242590119,0.0908058302783911,0.0834746488368839,0.0889104885661198,0.0103626943005181,0.1088082901554404,0.0518134715025906,0.2227979274611398,-1.1971074608848944,0.1015795052811627,0.1603530192755598
0,0.1021861020028288,0.0999054799120063,0.0936738025760306,0.0915868657223649,0.0827209594334679,0.0278113663845223,0.0701330108827085,0.0374848851269649,0.1946795646916566,-1.3283624889614831,0.08890423389495,0.1435440751362929
1,0.0843742964016239,0.082942050034227,0.0712996690862682,0.0736409459807118,0.06716912941787,0.004225352112676,0.0267605633802816,0.0098591549295774,0.0464788732394366,-1.345720725869242,0.0975066538144714,0.1445704557989345
1,0.0712332275393086,0.0630054849863662,0.0583053168999734,0.0542040601479453,0.0581962169463641,0.003610108303249,0.0523465703971119,0.0072202166064981,0.03971119133574,-1.002255281069507,0.1771658765544109,0.1483045390725676
1,0.0936867453636951,0.0881047030783243,0.086752255385832,0.0847064788552418,0.07847988037319,0.0085836909871244,0.0665236051502145,0.0171673819742489,0.1287553648068669,-0.4746715601564396,0.4227114359385094,0.1886251244888363
0,0.0967639703460037,0.0920292870520113,0.0848327211647456,0.0803025134866732,0.0797887428178144,0.0139103554868624,0.0417310664605873,0.026275115919629,0.1081916537867078,-1.2868965232408034,0.0791690586282101,0.1564033720638137
1,0.1032314130110755,0.0903753027297188,0.0887087981307019,0.0851999999198241,0.0836602846087109,0.0280612244897959,0.102891156462585,0.042517006802721,0.221938775510204,-1.0957951545779023,0.0974672992503928,0.1325580135270512
0,0.0922014467019589,0.0928331522668211,0.0835235154063966,0.0817541333088829,0.0781085996039875,0.0033288948069241,0.0499334221038615,0.0259653794940079,0.133155792276964,-1.4632516362782937,0.0824291729993708,0.139420685253147
1,0.0928067482550687,0.0876725703388241,0.0846653459817761,0.0780845921195458,0.0764803443004278,0.0087808172914555,0.0675447483958122,0.0246538331644714,0.1773049645390071,-1.111977727543511,0.2208665893807115,0.155091591644136
1,0.0933504376218224,0.0920434180273152,0.0837936409054556,0.0815360132480456,0.0789123928697419,0.0048496605237633,0.02909796314258,0.0184287099903006,0.066925315227934,-1.2586421763692013,0.1299905973298681,0.1336530114841155
0,0.0852477185245178,0.0832226068960347,0.0756933857976346,0.073715998541599,0.0688813690052732,0.0,0.0596491228070175,0.0175438596491228,0.1508771929824561,-1.1871757822666489,0.1145468776586201,0.1303928177269911
1,0.0759224663674015,0.0713092764624484,0.0682857354257884,0.0654974659566386,0.0642778697034368,0.002466091245376,0.0437731196054254,0.0184956843403205,0.064118372379778,-1.163910430123504,0.0964407103837793,0.152959952785616
1,0.0920212934744231,0.0818675987846628,0.0779783284833049,0.0715963062020329,0.0765910164139296,0.0160235448005232,0.0843688685415304,0.0810987573577501,0.1386527141922825,-1.1786562986518905,0.1591928797311193,0.1501240971733013
1,0.1054132865535964,0.111358213926292,0.0976773584450093,0.0914405746239735,0.0872857456798203,0.0130475302889096,0.0605778191985088,0.0195712954333644,0.1491146318732525,-1.299123393327983,0.0843410162884737,0.1618134593553119
0,0.0864591281866309,0.0765048701449272,0.0733743822981307,0.0682850771996756,0.0699346274375097,0.0,0.1317073170731707,0.1121951219512195,0.2780487804878049,-1.381377563380979,0.1175444372994865,0.1643940021727857
0,0.0892853065369254,0.0798937375726585,0.0781700304582429,0.0752456112831034,0.068088538637231,0.0,0.0606060606060606,0.0303030303030303,0.2121212121212121,-1.411108940680877,0.1189280665652796,0.1353178167662723
1,0.0748241116904237,0.0757947590154899,0.0703529770326651,0.0671786377980679,0.064007326019565,0.0006791940230925,0.031922119085352,0.0074711342540185,0.0464115915779941,-0.4671258575434416,0.4239753206505476,0.1961229721236276
0,0.0861100593593675,0.074892543994567,0.0718103835887591,0.0683629976679376,0.0664622107950738,0.0,0.0386100386100386,0.0077220077220077,0.0501930501930501,-1.12813633152395,0.1304382714292858,0.1472421903348894
1,0.0822137546724577,0.0758509426041032,0.0728099176595382,0.067094621871206,0.0696950723488574,0.0052631578947368,0.0210526315789473,0.0236842105263157,0.1631578947368421,-1.2988716049576745,0.128429935374608,0.1626185526979221
1,0.085893846634633,0.0808914066935966,0.0747072290393715,0.0713460966676736,0.0715346781157579,0.0083333333333333,0.0833333333333333,0.0633333333333333,0.1516666666666666,-1.3055845218589797,0.1064457316269247,0.1345419810079508
0,0.0962181457179406,0.09680050477386,0.0901290572357908,0.0902913651583379,0.0795188517317721,0.015625,0.0610795454545454,0.0170454545454545,0.1136363636363636,-0.5017273924354524,0.39184722725845,0.139414270037408
0,0.1042639954372205,0.0981855637206099,0.0892684845490057,0.0875871455037083,0.0848662484077199,0.0292530531099119,0.0798068730474297,0.0320931553535927,0.1811985231468333,-1.438635304798102,0.061239068240289,0.1478471354261665
0,0.0967764175596238,0.0877098336734337,0.0862634859461822,0.0878266484012135,0.0682232377448426,0.0035211267605633,0.0633802816901408,0.028169014084507,0.1971830985915492,-1.3426480662424798,0.0402434491601175,0.1007860774085337
0,0.0832457657609938,0.0811923352412473,0.0747098873422534,0.0736874792192614,0.0679841034865023,0.0089020771513353,0.0534124629080118,0.0148367952522255,0.1008902077151335,-0.9442180640545468,0.0962141556452067,0.1274165709003519
0,0.091930806573125,0.0825178514079807,0.0820397092198184,0.0761528178871682,0.0734101502279255,0.0279661016949152,0.0635593220338983,0.0533898305084745,0.3203389830508474,-1.225223071983789,0.1355491363004761,0.1029328302444935
0,0.0870836107595128,0.0852178200999707,0.0807320092818957,0.0791541839810779,0.0717450830067106,0.0,0.0259481037924151,0.0099800399201596,0.0798403193612774,-1.4014533227033632,0.0593863123310898,0.1145442404060412
1,0.1037048810810387,0.0956370108594395,0.0876316335346149,0.0854539963785725,0.0824454063000062,0.0151515151515151,0.0815850815850815,0.0303030303030303,0.1398601398601398,-1.2274841584115472,0.144364482726007,0.1595578392088207
1,0.1059309584696341,0.110061982769919,0.0956538098471322,0.0935599240845324,0.0891022444927307,0.0097799511002444,0.1393643031784841,0.0244498777506112,0.2665036674816626,-1.1837303648667692,0.1649306725374893,0.143581917964789
0,0.1031147686191133,0.0951663573998106,0.0953104494484456,0.0901834100209934,0.0841129126607451,0.0520673813169984,0.173813169984686,0.0390505359877488,0.2044410413476263,-1.2944546204729113,0.0772949293144738,0.174044748903449
1,0.0783259253874701,0.0731737510690964,0.0687442524797998,0.0709243730055352,0.0676808730830405,0.0019011406844106,0.0551330798479087,0.0114068441064638,0.0836501901140684,-1.2781034543019154,0.0589556709132352,0.1428152328822293
1,0.0864346763875467,0.0777635242607373,0.0811299644952474,0.0689295918335578,0.0791606410980913,0.0,0.0485436893203883,0.0388349514563106,0.1262135922330097,-1.195451789801982,0.1228004195346563,0.1596089438455826
1,0.0840755470154737,0.074165639321825,0.0720988243911282,0.0672430001195922,0.067055614886695,0.009847806624888,0.11727842435094,0.0286481647269471,0.1190689346463742,-1.2483669485358668,0.0716046566515922,0.14776173912811
1,0.0985349123617771,0.0864957205725223,0.0850849406613125,0.0788944050845262,0.0783361505706311,0.0117154811715481,0.1230125523012552,0.0669456066945606,0.2410041841004184,-0.9836662450963236,0.2277654164813175,0.1395056464150222
1,0.1019282217246378,0.0995833494292661,0.0940918214743503,0.0901648189611406,0.0846688762690074,0.0278688524590163,0.1426229508196721,0.060655737704918,0.3663934426229508,-1.4500379758375408,0.0509989047444534,0.1120731541905135
1,0.0902859052433109,0.0914004203040889,0.0827593631737214,0.0834945503203807,0.0748541984367664,0.0119760479041916,0.0578842315369261,0.059880239520958,0.2594810379241516,-0.7806622911067729,0.2701438671781279,0.1360194618341484
1,0.0893276333536456,0.0824872294340152,0.0763163649204067,0.073755877452376,0.0732958904049195,0.0,0.0665280665280665,0.0187110187110187,0.0914760914760914,-1.150975933453231,0.146612211638452,0.1713791892291262
1,0.0836145872374786,0.0753815889663031,0.072383144391562,0.0698385905903732,0.0666534417502781,0.0060160427807486,0.0193850267379679,0.0153743315508021,0.0407754010695187,-1.1508479891220142,0.1340132908624474,0.151628162760336
1,0.0956817111533502,0.0892808423026891,0.0866990759006949,0.0846086424986103,0.0824190468827737,0.0205562273276904,0.0822249093107617,0.0386940749697702,0.1596130592503023,-0.5206066934271167,0.40259634986302,0.1773083742735377
1,0.0902419413803154,0.0876530640020269,0.0811454125145253,0.0760609682376146,0.073749655320871,0.0069156293222683,0.0373443983402489,0.0401106500691562,0.0899031811894882,-1.5966321088321922,0.0655174574117562,0.131067456558052
1,0.1085146003779808,0.1065785373646036,0.094728139575526,0.0937491438677012,0.0860646103757811,0.0123674911660777,0.0786219081272084,0.0371024734982332,0.1846289752650176,-1.3406067981899965,0.1133559129403314,0.1575058778142945
0,0.0901285820425845,0.0794988054686615,0.073958357920202,0.0731722617281413,0.0686551366012671,0.0039603960396039,0.0257425742574257,0.0184818481848184,0.0514851485148514,-1.264789215663413,0.1567973722778558,0.1481421339859263
1,0.0885188073492479,0.0923220506618065,0.0883685192837167,0.0840546152046638,0.0720190000610174,0.0161290322580645,0.0403225806451612,0.0806451612903225,0.2096774193548387,-0.9901600087721864,0.1702328520727613,0.1291155897567319
1,0.0891224565493835,0.0831770341829399,0.0778814313156084,0.0739409920766695,0.0706660411610867,0.0022573363431151,0.0383747178329571,0.0112866817155756,0.0857787810383747,-1.1461416643648517,0.1410521521922642,0.118239742454147
1,0.1054960675075971,0.1008511968293201,0.0864090284786822,0.0890986749565537,0.0859692988166359,0.0,0.036036036036036,0.009009009009009,0.1081081081081081,-1.3645506025278389,0.0762643109831428,0.1596992060176332
1,0.0851213065869119,0.0815617941033493,0.0763446104933142,0.0730254116548063,0.0704364719211493,0.0029629629629629,0.0392592592592592,0.0314814814814814,0.0837037037037037,-1.240650862643661,0.1225002581813565,0.1484290171580536
1,0.0971230860910375,0.0881605766106388,0.0813550077452088,0.0770919268749366,0.0793046540641622,0.0154798761609907,0.1052631578947368,0.0539584254754533,0.1733746130030959,-1.2868494979856944,0.1114443690708973,0.1538841649155229
1,0.1059978417387411,0.100438008059165,0.0925743382716393,0.0897268775898455,0.0886266631247512,0.0321257689678742,0.1175666438824333,0.0457963089542036,0.1852358168147641,-0.7211695686491593,0.2727026032002358,0.2138319880624989
1,0.0830644583997506,0.0724656646556029,0.0750514342369595,0.0819796518820688,0.0508705557252338,0.0,0.0,0.0,0.0461538461538461,-1.3525422945205374,0.1303001719652756,0.1002330727550177
0,0.1033382437932182,0.0896415186846692,0.0829222907673655,0.0796219510036848,0.0850305379912326,0.0034071550255536,0.0630323679727427,0.0528109028960817,0.1686541737649063,-1.4029485785705833,0.0992737792831968,0.1064105492571056
0,0.0971551321885574,0.0979278720448163,0.0895740717367122,0.0870703636833121,0.0775309126793616,0.0150602409638554,0.0451807228915662,0.036144578313253,0.1144578313253012,-1.61345926479437,0.0546324983790355,0.1357611547138614
0,0.0829972173333938,0.0836499969084277,0.0791185532154749,0.0760067729249675,0.0741209059222037,0.0032679738562091,0.0326797385620915,0.0326797385620915,0.0686274509803921,-1.3725113928817865,0.0746829863545688,0.156570133069539
0,0.1215919304573752,0.1189733380291776,0.1038340125302355,0.1098115249510652,0.0930708817841658,0.025491770373344,0.174227217984745,0.044158972300281,0.2802087515054195,-1.3225791745934177,0.127154227711153,0.2502810468534305
0,0.0998382187814381,0.098904763375088,0.085393210910555,0.0863914658937801,0.0791342497687191,0.0129513343799058,0.0474882260596546,0.0247252747252747,0.0733908948194662,-1.6921992106243853,0.0471936810358177,0.1032202191522511
1,0.080396281043155,0.0733881328692375,0.0657989153144111,0.0613565416576855,0.0663435512863608,0.0160116448326055,0.056768558951965,0.0174672489082969,0.0582241630276564,-1.208655414495228,0.1208419471943489,0.1606558056609578
1,0.0455874649586168,0.042366489922626,0.0372625437084885,0.0378193331735684,0.03679352199826,0.0003421142661648,0.0342114266164899,0.0150530277112555,0.0366062264796442,-1.6703610758089764,0.0409017721976899,0.1549978958794874
1,0.1003039570332668,0.0860791611987748,0.0829002838619222,0.079943801947877,0.0831521735481648,0.0,0.0454545454545454,0.0727272727272727,0.0909090909090909,-0.5201527494460497,0.0344335004631098,0.1045027370194712
0,0.0905034695642128,0.0859930676450344,0.0794059160661756,0.0786026772060685,0.0718636351137999,0.0077220077220077,0.063063063063063,0.0337837837837837,0.1447876447876447,-1.622459033363009,0.049919729659208,0.1232420130424024
0,0.0666191716589923,0.0528109296818245,0.0604916061335761,0.0496400644082555,0.0549778336569829,0.0,0.0,0.1481481481481481,0.1851851851851851,-1.2869548318172082,0.1020903783461398,0.1847374090921227
1,0.1086029744956938,0.1011466718452616,0.0941244977212411,0.0888091770772719,0.0911987293161758,0.0552486187845303,0.1629834254143646,0.0607734806629834,0.2348066298342541,-1.0433270887903687,0.1722257713693357,0.1780149331915057
1,0.0958023279306283,0.0888251345192391,0.0827507541485808,0.0818072756906681,0.0788504394139168,0.0,0.0574324324324324,0.0101351351351351,0.1148648648648648,-1.461137064763181,0.0403611247916196,0.1663117037309527
1,0.0902231583576945,0.0867605578357186,0.0793530223804291,0.0731052719707397,0.0765180748972821,0.0,0.0,0.0081967213114754,0.0655737704918032,-1.1355554010202584,0.1737094031879858,0.142230046355562
1,0.0925414463477163,0.0871650360854829,0.0797285676111596,0.0774242995843734,0.0757756505933372,0.0092695587690025,0.0563589173155357,0.0177975528364849,0.1019651464590285,-1.0259076021991678,0.111812858192382,0.146801418365837
0,0.067066832743264,0.0580842165070505,0.0556763724230025,0.0558695024779162,0.0518455608820977,0.0098360655737704,0.0426229508196721,0.0262295081967213,0.0622950819672131,-1.3821431520956555,0.0914663521978599,0.1510918822163383
1,0.0809154463890662,0.0739387392771749,0.0688753741859321,0.0662002202951396,0.0661158234940345,0.001847290640394,0.0190886699507389,0.0092364532019704,0.0560344827586206,-1.192846630735873,0.153945509889486,0.1539838698482663
1,0.094024769069267,0.0951288426043622,0.0827402492564065,0.0811664024954772,0.078038390436105,0.0064308681672025,0.0578778135048231,0.0418006430868167,0.1479099678456591,-1.2900899667428107,0.1092820031475437,0.1163814067970419
0,0.0941578276421423,0.0875782674835523,0.0810776352656385,0.076810917967427,0.0813905865441976,0.0161527165932452,0.0866372980910425,0.052863436123348,0.1732745961820851,-1.1287165733366118,0.1565178110158459,0.207206613486021
1,0.0850720681266972,0.0823611969850601,0.0780287690230762,0.0739083757999034,0.073479236336877,0.0037243947858473,0.0418994413407821,0.0223463687150838,0.0828677839851024,-1.0041248058084322,0.193067898234201,0.1448041237622259
1,0.1040223590795336,0.1002322063746512,0.0926568085502448,0.0890869792785153,0.0875198540092753,0.0126050420168067,0.1630252100840336,0.0579831932773109,0.3453781512605042,-1.1652818662309272,0.1861104011698829,0.1650574161121056
0,0.0971956490858969,0.0918223583520918,0.0869041812981476,0.0831152714005446,0.0813169448320299,0.0454545454545454,0.1107954545454545,0.065340909090909,0.3096590909090909,-1.5276678814168985,0.0376633405737436,0.105705292384989
1,0.100643960020066,0.0988363907727869,0.090410398946732,0.086973174614673,0.0831047930728951,0.0127285350613283,0.0851654709557972,0.0432770192085165,0.1254339273316362,-1.4219780401373467,0.0620827208356817,0.1626181200774835
1,0.1024131181694232,0.0893698898829986,0.0843645029159795,0.0805827186344066,0.0830264912579531,0.0082987551867219,0.1908713692946058,0.0663900414937759,0.2074688796680498,-1.2240529248822731,0.1558402200270626,0.15033454735322
0,0.0830965446135395,0.0792090264919979,0.0776551180645027,0.0730331096598443,0.070275097164064,0.0,0.0350194552529182,0.0311284046692607,0.1167315175097276,-0.807634061107374,0.127229696276539,0.1293415635891953
0,0.0776443573864269,0.0721844570409031,0.0690896211012077,0.0665745874044246,0.0642507651294452,0.0031201248049922,0.0273010920436817,0.0195007800312012,0.0842433697347894,-1.7197755890760509,0.0293857690295547,0.1251910878149466
0,0.0905794862896639,0.0823759125697535,0.0777775644473255,0.0716504700272069,0.0758311868985822,0.0167310167310167,0.0777027027027027,0.0683719433719433,0.1949806949806949,-1.1364178747798124,0.1642123251676385,0.1799281718567839
0,0.0839883942339298,0.0767341509867757,0.0726406375406822,0.0732543102959844,0.0680233068968118,0.0116279069767441,0.0325581395348837,0.027906976744186,0.0767441860465116,-1.2965882571405851,0.057647724380279,0.1490204711273346
0,0.0888044479441066,0.0880552192885208,0.080985753402985,0.0819404544013983,0.0730777975965724,0.0,0.0454545454545454,0.0,0.0681818181818181,-1.3334222176871342,0.1057682398206529,0.0604063445070478
0,0.0983889961375481,0.0904176393149898,0.084096744881153,0.0792702048233882,0.0837644403365139,0.0054769511638521,0.0798722044728434,0.0232770424463715,0.0981287083523505,-1.2923551164173952,0.1094836967604419,0.1560602994931866
0,0.0955758987599027,0.0966127420520426,0.0910932315934662,0.0865721904180913,0.0835607796782366,0.0205479452054794,0.0841487279843444,0.0743639921722113,0.1859099804305283,-1.1855076472922186,0.0734180730165529,0.1393362927234192
1,0.0815414747846247,0.0755594305324155,0.0711082029661306,0.0664328442884616,0.0696638978490986,0.0054858934169279,0.0642633228840125,0.0227272727272727,0.0885579937304075,-1.671261422148094,0.0615404531372024,0.1711849657945079
1,0.0941512762523082,0.0833466013088143,0.0800864668117644,0.0803005602135522,0.0727522389997006,0.0045300113250283,0.0464326160815402,0.0124575311438278,0.0792751981879954,-0.9755802299549649,0.2526839586051517,0.1629327117755031
0,0.0985204999070582,0.1033368291208431,0.0878980110926761,0.0858456687955991,0.076172902215244,0.0,0.0,0.0,0.3076923076923077,-0.9093096189371482,0.2342655840529277,0.1646777239430895
1,0.0954757680338672,0.0939276377104165,0.0874883027123237,0.087049464068924,0.0798808094447971,0.0062004822597313,0.0785394419565966,0.0072338959696865,0.0933517051326214,-0.9391308119481844,0.1547999868889434,0.1611799152807833
1,0.1013890881444171,0.0937710575951042,0.0885172546288557,0.0830183720683446,0.084419997428284,0.0150602409638554,0.1265060240963855,0.0542168674698795,0.2319277108433735,-1.1600831276201842,0.1668669497843271,0.1923960644307411
1,0.0922891142408034,0.082476654473283,0.0774510445009056,0.075138883081339,0.0732077367723604,0.0027203482045701,0.0310119695321001,0.0130576713819368,0.074537540805223,-1.2634989544484203,0.1357662673160678,0.146204411210824
0,0.0976081911118205,0.083858427375928,0.0802899785318863,0.0754590520752092,0.0775738607669521,0.0139664804469273,0.0544692737430167,0.0418994413407821,0.1550279329608938,-1.2767697780884029,0.1189170377150258,0.1450642457449599
1,0.094645784822112,0.0894678478172315,0.0831750596497975,0.0779638967546741,0.0777193944808988,0.0155440414507772,0.079447322970639,0.1347150259067357,0.2469775474956822,-1.330526008637567,0.1556429549738108,0.1247875677685518
0,0.0880286300423119,0.0790486941061547,0.0775716293876437,0.0756070248727217,0.0686294274943312,0.0114068441064638,0.1102661596958174,0.0760456273764258,0.2205323193916349,-1.129731225572682,0.0895277745344861,0.1490243619174271
0,0.1032144217178872,0.0980439642668647,0.0863947521953826,0.0806929460528289,0.0959381353836151,0.0,0.0294117647058823,0.0,0.088235294117647,-1.0220284201869387,0.0698236278131834,0.1527229923396296
1,0.0958214200063112,0.0863437313541338,0.082088274558111,0.0788589942472878,0.0773370014225162,0.002906976744186,0.0174418604651162,0.0290697674418604,0.0610465116279069,-1.4433247252143313,0.1069172676833849,0.0799058354859788
0,0.103452688795635,0.096631789007922,0.0880795680087791,0.087004241618562,0.0871307752056445,0.026171875,0.098828125,0.0345703125,0.1603515625,-1.3237589678994302,0.0897062544335704,0.1564008211451423
1,0.0973588498653646,0.0926294190193667,0.0876503623088549,0.083254594171523,0.0791187806349591,0.0041208791208791,0.0535714285714285,0.0302197802197802,0.1318681318681318,-0.6576081170275049,0.3499800388529805,0.1506113034151654
1,0.0964412227373777,0.0872345383221553,0.0815383901549396,0.0808192941684266,0.0784497212009045,0.0,0.1140939597315436,0.0335570469798657,0.1879194630872483,-1.4384847478454486,0.0786883067609786,0.1463537967557674
1,0.0973977937918922,0.0886366214040028,0.0826067557232953,0.08022447361401,0.0742510363852616,0.0060240963855421,0.0301204819277108,0.0481927710843373,0.1385542168674698,-1.5828546304421256,0.0880238316767777,0.1428111114642977
0,0.1065847775215372,0.0924951427138581,0.0885572277213769,0.0840941685401389,0.0863446295954861,0.0351239669421487,0.1033057851239669,0.1260330578512396,0.2417355371900826,-1.4696021826461367,0.0737292843477129,0.1516815318329068
1,0.1037108334445911,0.0985759833716461,0.0904959211667806,0.0865146656026071,0.0869278678980166,0.0175298804780876,0.0839309428950863,0.0361221779548472,0.1527224435590969,-0.863943757702054,0.2086348207167088,0.2074189869504835
1,0.0957879869089029,0.0904511406765726,0.0870592673374928,0.0818701029225464,0.0754492261982534,0.0082644628099173,0.024793388429752,0.0475206611570247,0.1632231404958677,-1.4923245088943229,0.0483124982254097,0.0820818225428203
0,0.1044026391978294,0.0979762217444349,0.0918661414856729,0.0841532307028211,0.0868335399042185,0.0334101382488479,0.1244239631336405,0.0794930875576036,0.2131336405529953,-1.218268218957918,0.0459950786970617,0.1295242785158383
1,0.0680854485683162,0.0609005477261557,0.0601210905883249,0.0573638113244337,0.0535059696816042,0.012,0.032,0.016,0.032,-1.3043620556332025,0.1089007839186036,0.1302733046826401
0,0.1025488505110307,0.0916658435877746,0.1025501762740737,0.0921630808327512,0.1035937513512154,0.0,0.0,0.0,0.0,,,
1,0.0850431963647843,0.0794403421513768,0.0724866443222007,0.0713648238879302,0.0680158463014276,0.0064874884151992,0.0481927710843373,0.0101946246524559,0.0713623725671918,-0.5467512815418267,0.3956853446849264,0.1998155739731548
1,0.0761505560411951,0.0695582530538767,0.0686045129145005,0.0667146145038607,0.0643432420338334,0.0045662100456621,0.0890410958904109,0.0342465753424657,0.1506849315068493,-1.1793129188648832,0.0615939405607139,0.1385923636671622
1,0.0891214931002216,0.0831445428317185,0.081399929513962,0.0774713703593446,0.0714062664504588,0.0039682539682539,0.115079365079365,0.0238095238095238,0.1626984126984127,-1.341190752115615,0.0827658818458924,0.1681980703631486
0,0.0984487914451375,0.0959400190711081,0.0915182769115711,0.0867452316594306,0.081321825684596,0.0108695652173913,0.072463768115942,0.1376811594202898,0.2934782608695652,-1.6941624407443951,0.0324668294282103,0.1075671927835602
1,0.0887711620979064,0.0886115057508854,0.0802728973225021,0.0790257194130544,0.0753361604085983,0.0165289256198347,0.0826446280991735,0.0165289256198347,0.0661157024793388,-1.1936970028887135,0.1456268533803402,0.1680511097800043
1,0.0865744354966418,0.08173168544538,0.0799628052068206,0.0741761299497902,0.0714128481788784,0.0277227722772277,0.0653465346534653,0.0554455445544554,0.1326732673267326,-1.5800998879755357,0.0266701968413876,0.0965870824443753
1,0.1086499674728543,0.099249468553277,0.0906430830384554,0.0877502901569174,0.0878903687061836,0.0675675675675675,0.2081081081081081,0.1027027027027027,0.2837837837837837,-1.016709101051266,0.2293357696148003,0.18479087575413
0,0.0981667186769712,0.092321830247933,0.0843825385215136,0.0817026451246985,0.0809070060246062,0.0205882352941176,0.1637254901960784,0.034313725490196,0.1784313725490196,-1.4293970458485972,0.0431079335839707,0.1385096258638214
1,0.1018297055749152,0.0995457052220073,0.0902328191609441,0.0892002966165814,0.0831527137418135,0.0178571428571428,0.1839285714285714,0.0678571428571428,0.2589285714285714,-0.966820888652972,0.2343516218469884,0.1542179796926589
1,0.0976757603974947,0.0906237967016639,0.0861873119738466,0.0824242794699995,0.0823401939910581,0.0207900207900207,0.0852390852390852,0.0686070686070686,0.3139293139293139,-1.5047815586876745,0.0436997969193265,0.1170050652779558
1,0.0933979202284622,0.0863369731860607,0.0804674505725933,0.0785147479647506,0.0727901387796493,0.0039408866995073,0.0275862068965517,0.0236453201970443,0.1310344827586207,-1.2616511495821812,0.0770110653068012,0.1008314436324147
0,0.068587760679891,0.0666657892230941,0.0642909317601221,0.0604126807020544,0.0566989925281964,0.003076923076923,0.0276923076923076,0.003076923076923,0.0584615384615384,-1.1985939195017763,0.2343806689139688,0.0995771911363609
0,0.1053343963690348,0.1057917488202009,0.0933031641478938,0.0888746639565802,0.0895867879225191,0.0255188839741408,0.156175569921742,0.0476352500850629,0.2357944879210615,-1.35753121809561,0.098971494486315,0.1567766524213124
1,0.087709215958035,0.079247207421119,0.0796104804695442,0.0711709677996236,0.0719138978942946,0.0072300045187528,0.0456394035246272,0.0338906461816538,0.1305919566199729,-1.2653614284749486,0.1313855616025976,0.1489589133657398
1,0.1029336207365247,0.0976647750973292,0.0891445949516743,0.0849437051383909,0.084934117132923,0.0195530726256983,0.1229050279329608,0.0391061452513966,0.1927374301675977,-1.2730931597285509,0.126004051254316,0.1612031055779011
1,0.1052786780113254,0.1037623978366889,0.0951939977906035,0.0941312033107981,0.0870918060419446,0.0170132325141776,0.0850661625708884,0.0264650283553875,0.1550094517958412,-1.3478860991903177,0.0573272745435212,0.1821350502168691
1,0.082135639529811,0.0754552041129823,0.0754383868244081,0.0695306766603133,0.0680133866925677,0.0,0.0383747178329571,0.0158013544018058,0.0744920993227991,-1.0506895240166851,0.2058928663365861,0.159970895489082
0,0.0884730745327712,0.0845597429624122,0.0787359446584637,0.0766310880843322,0.0726282489061407,0.0120048019207683,0.0798319327731092,0.0156062424969987,0.0930372148859543,-1.262721980835247,0.1061340829415638,0.135751993739366
1,0.0945961648656567,0.0890909189268735,0.0832749886636228,0.0813728923410378,0.0813120822662001,0.0135135135135135,0.0945945945945946,0.0254054054054054,0.1254054054054054,-1.2472791198240414,0.1169574236447942,0.1779290347446335
0,0.0982828684660423,0.0939509384384625,0.0839385928745232,0.0820024655715475,0.0819895793246055,0.0032362459546925,0.0550161812297734,0.0258899676375404,0.145631067961165,-1.4896717495168932,0.0444009193249925,0.0907920165538538
1,0.0763595279808828,0.0720262526941398,0.0676796353107286,0.0637711479894777,0.0621216809929109,0.0061576354679802,0.0591133004926108,0.0098522167487684,0.0726600985221674,-1.2252757520936248,0.0943204904219838,0.1707677404865642
1,0.1048114372173353,0.0968057622142401,0.0889310940509115,0.0843227698013256,0.0870864883008535,0.0126373626373626,0.0862637362637362,0.0252747252747252,0.1208791208791208,-1.0324508977992235,0.1961980656365568,0.2296797746943818
0,0.0895189247392276,0.0841846115397511,0.0805423258675543,0.0768476086244673,0.0734570953169044,0.0154185022026431,0.0704845814977973,0.0330396475770925,0.1563876651982378,-1.3105522803051497,0.1057590959586374,0.1550817342949266
1,0.0927511507368756,0.08659980173216,0.0813814275352752,0.0786124175771039,0.0801382606807429,0.0230664857530529,0.0678426051560379,0.0583446404341926,0.2306648575305291,-1.3576192206151256,0.0936353781265745,0.1396258590961362
0,0.0765589140059842,0.0671029272902375,0.0583234739729156,0.0574104494068378,0.0627234203526636,0.0103806228373702,0.0138408304498269,0.0069204152249134,0.0380622837370242,-1.5526346198947965,0.0379156804127689,0.1615739639886009
1,0.0845484465478023,0.0801295880472654,0.0738221202071124,0.0708958436626893,0.0674857556377491,0.0191693290734824,0.0575079872204472,0.0223642172523961,0.1309904153354632,-1.2594477080673787,0.111649242512016,0.157851472826905
1,0.104433975954151,0.0978158323547925,0.0892723772517683,0.0848282469324539,0.0849316918598468,0.0203016241299303,0.1258700696055684,0.0336426914153132,0.154292343387471,-1.3640782170232686,0.097340439961721,0.1496815491072124
1,0.0927918952908881,0.0910606968726879,0.0834996600658918,0.0823472277194856,0.0758885755817487,0.013557737260402,0.0558672276764843,0.0285179990649836,0.1245909303412809,-0.5613821344309247,0.3754474901702644,0.1343916151867512
1,0.102039523024658,0.0936068852846662,0.08864736199133,0.0855186615759018,0.0834973352845047,0.0268456375838926,0.2706935123042505,0.0749440715883668,0.2841163310961969,-1.3917344309589297,0.0919152371302953,0.1556600810264307
1,0.0915704271092325,0.0804078156708481,0.0757374436929173,0.0729088775090216,0.0720376619101433,0.0088559551780227,0.0507861919392734,0.0336164829206578,0.0957889029459606,-1.2142053557126449,0.1234484944706828,0.1493878411748942
0,0.0992800468337425,0.1083306487637789,0.0982164206738804,0.096795309052581,0.0841293461645876,0.0260492040520984,0.1114327062228654,0.0520984081041968,0.301013024602026,-1.1393811020094329,0.0492529387151695,0.1442817835071619
1,0.097780373246222,0.0898467510920712,0.0809250690812083,0.0779584659811043,0.0824245810340726,0.0108527131782945,0.0919896640826873,0.0527131782945736,0.17984496124031,-1.30410639709228,0.10080744056746,0.1606802661148876
0,0.1035616789161391,0.0994902284186459,0.0973341112346998,0.0918877383054773,0.0880619542193,0.0170454545454545,0.0284090909090909,0.0,0.1022727272727272,-1.338210886716794,0.0799297024648428,0.125787596455883
1,0.0988209993369788,0.0902333536611669,0.089352842020615,0.0816882016916878,0.0796619741926582,0.005008347245409,0.1193656093489148,0.023372287145242,0.2387312186978297,-1.814514157483148,0.0189188137994175,0.1512695958498287
1,0.094004480356599,0.087886342829465,0.0857307182926511,0.0810897086722928,0.0753144116296021,0.0113636363636363,0.106060606060606,0.0984848484848484,0.3257575757575757,-0.9723884225891612,0.2184886679687881,0.1239883151878405
1,0.0590456791242446,0.0555949267391269,0.0542294500641516,0.0516924774409335,0.0502723614497789,0.0008481764206955,0.015267175572519,0.0110262934690415,0.0398642917726887,-1.0172249023040836,0.148323341428759,0.1632147515721934
0,0.0796186252169449,0.0750127410652221,0.0706513032502683,0.0683207031610454,0.064158036223526,0.0,0.0263157894736842,0.0131578947368421,0.0657894736842105,-1.3330840609225143,0.1061190657910142,0.1132319866197555
1,0.0819521083681434,0.0760062767255337,0.0704734833977007,0.0672792271468159,0.0679001881707618,0.0041597337770382,0.0224625623960066,0.0105379922351636,0.0635052689961175,-1.2343964909105825,0.1365603433013013,0.165061380532509
1,0.0963086888913106,0.0877336329547364,0.0850285998604049,0.0795530038528957,0.0795239991805591,0.0184563758389261,0.1275167785234899,0.0503355704697986,0.1912751677852349,-1.215729518865002,0.1240880535116357,0.1717301634319386
1,0.107375418967176,0.1013204446289443,0.0927904275431187,0.0871597086248366,0.0873041784883829,0.0510204081632653,0.1768707482993197,0.0850340136054421,0.2959183673469387,-1.372746165159725,0.1162580156451325,0.1595164375557331
0,0.1019690713729617,0.0932531069541725,0.0891876497059059,0.0823316974973449,0.0824620187155379,0.0261780104712041,0.1623036649214659,0.3246073298429319,0.3246073298429319,-1.078226902311101,0.1819024223878343,0.1673212163786906
0,0.1085468943224248,0.1036879305224873,0.0946850539789068,0.0923999561829126,0.0862468451030382,0.064516129032258,0.2688172043010752,0.2150537634408602,0.6881720430107527,-1.473801634005789,0.0749690514915313,0.1256325691440597
0,0.0538968642252445,0.0546444553525828,0.0472228609014199,0.0493006908662939,0.0442760239615836,0.0,0.0188679245283018,0.0188679245283018,0.1320754716981132,-1.8641053260212923,0.0167904351913291,0.0896454938904083
1,0.0648350386862432,0.0504647063835942,0.0490589038082199,0.0512429011287615,0.0626479687084891,0.0,0.0,0.0,0.0350877192982456,-1.3159536230328197,0.0979104656863643,0.1683306499103935
1,0.1102263555289735,0.1050771888163482,0.0943077456884382,0.0926290760493914,0.0893341264516141,0.0175344426552156,0.1307926283771694,0.0263016639828234,0.143317230273752,-1.3251025099658795,0.1100815952938155,0.1527368106910965
1,0.0881805163005991,0.079761342987298,0.0757770193530966,0.0717586747230459,0.0743123366289054,0.0058651026392961,0.1173020527859237,0.0263929618768328,0.1055718475073313,-1.204115121789764,0.10920200077506,0.1256385799730626
1,0.0836675067617111,0.0817581110781175,0.0753553702309847,0.0706508138496267,0.0706771061151335,0.0,0.0665137614678899,0.0091743119266055,0.0848623853211009,-1.2425506660310948,0.0771000579300689,0.1857886846584391
0,0.0910304934251158,0.0708432420557676,0.0795005974261787,0.0652842068771557,0.0717687943548054,0.0,0.0,0.0,0.2,-1.289560184997103,0.0641967017362271,0.1203286375426986
0,0.0699584677945936,0.0630483546636501,0.0594020727449817,0.056371810296713,0.0589582685359026,0.0,0.032258064516129,0.002932551319648,0.0586510263929618,-1.1230846221595308,0.1292653291732917,0.1707615753260916
1,0.0984690024240914,0.0981943265296373,0.0869059057436474,0.0830353030803264,0.0810002776950854,0.0108588351431391,0.0937808489634748,0.0138203356367226,0.1688055281342547,-1.416664014192123,0.0676394115582049,0.1275487417440087
1,0.0737027550859261,0.0669584829955656,0.062821522904822,0.0586301492606945,0.0610221059417549,0.0024342745861733,0.0540408958130477,0.0189873417721519,0.0628042843232716,-1.0696891161451572,0.090133066255973,0.1536257855679103
1,0.0984610610852701,0.0933609966394408,0.0839220020242722,0.0819791432536286,0.0815731634499817,0.0084626234132581,0.0733427362482369,0.0394922425952045,0.1607898448519041,-1.551087878459998,0.0854548965788003,0.1593388232569746
0,0.0874860917235522,0.0785242421178823,0.0787746154578433,0.072937259002817,0.0740114571019086,0.0051282051282051,0.0153846153846153,0.0153846153846153,0.0717948717948717,-1.3430875181292428,0.1109145266091862,0.1448443689225131
1,0.090622777395539,0.0831152863240262,0.0744948684538154,0.0735698615206066,0.0731768350386804,0.0046457607433217,0.0673635307781649,0.0127758420441347,0.0708478513356562,-1.3468625728260983,0.111688427338497,0.1504673860414517
0,0.0917720910830153,0.0782652671131064,0.0750345109477051,0.0742930050724812,0.071927209842007,0.0035587188612099,0.0213523131672597,0.0142348754448398,0.0640569395017793,-0.8207827859656722,0.2249844950697067,0.1222441515505964
0,0.096677124364036,0.0929165225916533,0.0827386047027394,0.0810359279276073,0.0748743208856207,0.0,0.0526315789473684,0.0,0.0526315789473684,,,0.1200147824639407
1,0.0842310208890943,0.0819378552222748,0.0793246018981307,0.0745902726472415,0.0696749852830622,0.022801302931596,0.0358306188925081,0.022801302931596,0.1205211726384364,-1.5047581872214926,0.0611276506538665,0.1214972579833914
1,0.1091353272192946,0.1013836047553064,0.0975427708493545,0.0908064094988204,0.0920012941706697,0.0299760191846522,0.1666666666666666,0.3189448441247002,0.7362110311750599,-1.3780444308159805,0.0523322320007436,0.1564020317632716
0,0.0894808844196149,0.0845926355794075,0.083113286167272,0.0780480841548083,0.0764689017299993,0.0,0.0515463917525773,0.0360824742268041,0.1185567010309278,-1.3762636436788245,0.0974134224547945,0.1670490173847447
1,0.1019449284060057,0.0900314574610891,0.0858640075630259,0.0801021777729964,0.0826708453801624,0.007416563658838,0.0618046971569839,0.0185414091470951,0.1681087762669963,-1.2064776544614928,0.1471889492030966,0.165136763789749
0,0.100246591449402,0.0983431749505693,0.0867147014800569,0.0827414688540449,0.0773233826363373,0.0,0.0545454545454545,0.0181818181818181,0.1818181818181818,-1.2440202004592606,0.1511469757977196,0.1359443525316049
1,0.0572655020364428,0.0500777562953569,0.0483481538478648,0.0464512343695799,0.0434395339870764,0.0014285714285714,0.0071428571428571,0.0042857142857142,0.0242857142857142,-0.6105347755555788,0.18410950572822,0.1581058352310128
1,0.0789761172501812,0.0747710069387813,0.0676932933894795,0.0665008045902785,0.0672586716821557,0.0027560863573725,0.0353697749196141,0.0082682590721175,0.0569591180523656,-1.214867212615893,0.0735807666393841,0.1375746842915224
1,0.0953805542237162,0.0868505233575925,0.0888692616376295,0.0852261483519957,0.0773973283796617,0.0112359550561797,0.0786516853932584,0.0561797752808988,0.348314606741573,-1.24223583341345,0.133197481999188,0.1438476436627838
0,0.0874111837228788,0.0853728037734771,0.082155876861548,0.0783707218766106,0.0738424792757023,0.0053333333333333,0.04,0.024,0.0986666666666666,-1.2093080544695043,0.0514122919691691,0.0962211161350058
0,0.106874828302434,0.1004278991565832,0.0899248894671052,0.0867254994963723,0.0896330467295128,0.0116731517509727,0.0817120622568093,0.0389105058365758,0.1478599221789883,-1.1835384928567696,0.1015462863668188,0.1876258612742328
1,0.1064372842388157,0.1073546403086185,0.0954660479743686,0.0956491606083232,0.0875952103705741,0.0273224043715847,0.1238615664845173,0.0382513661202185,0.1930783242258652,-1.298233543241084,0.093382056897784,0.1613732088588368
1,0.0748117326691993,0.0760588441080123,0.067823400596589,0.0664233784812147,0.0609127728899518,0.0019521717911176,0.0165934602244997,0.0061005368472425,0.0412396290873596,-1.496005670489889,0.0603192060962686,0.1046162957909207
1,0.0748729246065628,0.0622675505755146,0.0610689202727559,0.0610919456934,0.0589105332454104,0.0,0.0167064439140811,0.0023866348448687,0.0417661097852028,-1.0156003232543072,0.2244877451843346,0.1541630679930268
1,0.0943503945375961,0.089182923161352,0.0825500044918342,0.0788386457101366,0.0799581814257641,0.0085763293310463,0.1054888507718696,0.0283018867924528,0.1149228130360205,-1.4471357229841195,0.0803789142242205,0.1503713746496159
1,0.0749918921684243,0.0661245506698888,0.0651822811070422,0.0626250048443443,0.0588349965790937,0.0103727714748784,0.0434359805510534,0.0149108589951377,0.0842787682333873,-1.2597488352257873,0.0910895715832569,0.1308840230006809
1,0.0900646016111201,0.0832190973401372,0.08109159102607,0.0762375013436793,0.0728787806495853,0.0050206733608978,0.0670407560543414,0.0233313644418192,0.1432368576491435,-1.4555918275604682,0.100832350694253,0.1371982329055619
1,0.0666924124877917,0.065963522607471,0.0564937585949433,0.0546292824924624,0.0567487681504103,0.0012254901960784,0.0294117647058823,0.0067401960784313,0.0361519607843137,-1.1154381304523766,0.1368466438249864,0.1487982360656493
0,0.0908250837801497,0.0908320920536442,0.0823257911731522,0.0777765364597014,0.0822933311517313,0.0175438596491228,0.1228070175438596,0.0350877192982456,0.0701754385964912,-1.1227414805214606,0.1362789836526209,0.1244658104014192
1,0.1071966766235754,0.1006973896078367,0.0945765719810204,0.0888892347490092,0.0873686549619013,0.0248447204968944,0.2795031055900621,0.2111801242236025,0.546583850931677,-1.3246280333844125,0.0861819450623155,0.1544051831001069
0,0.1072882875731147,0.1006877591174877,0.0943833490475929,0.0870507197179458,0.0931031438850821,0.0583090379008746,0.1778425655976676,0.0728862973760933,0.3702623906705539,-1.3582089552238803,0.044776119402985,0.2005962167851138
0,0.0703863507519473,0.0716011098837612,0.0639862751234072,0.0643007046166416,0.0627719315262398,0.0,0.04,0.08,0.12,-1.3715882248419906,0.1047781474995303,0.1689816273750193
0,0.1008368085156429,0.0942898365774967,0.0876914857892581,0.0843520653204484,0.082067436967735,0.0086767895878524,0.0874909616775126,0.046999276934201,0.1193058568329718,-1.408414044287029,0.0846299090855063,0.1410417124750513
1,0.0946611576199949,0.0871559257030892,0.0830166596604216,0.0790801526271171,0.0767534271201095,0.013248985438052,0.0741227023155884,0.0442826450226784,0.1361900214848412,-1.3520267626674556,0.0876757471399915,0.136197623800334
1,0.096697911451611,0.0879125453645493,0.0832463035147383,0.0777637183930905,0.079039446800111,0.0164480533000208,0.0797418280241515,0.049135956693733,0.1728086612533833,-1.4719035869423551,0.0432994204254008,0.1444503244907677
1,0.0894090948900206,0.0841594263458072,0.0815086045103742,0.0777221337896985,0.0750395861818966,0.0050188205771643,0.0426599749058971,0.0125470514429109,0.0853199498117942,-1.4426267933505903,0.0588048238213268,0.2119363628610002
1,0.1004726630372211,0.0979762954045557,0.09024650326415,0.0872470155556027,0.0851635671822348,0.026602176541717,0.1354292623941959,0.0495767835550181,0.1910519951632406,-0.7786042285683197,0.2932369739888638,0.1680175735441557
1,0.0658665369356374,0.0664188159036471,0.0605420973540546,0.0636398372266114,0.0553952229028357,0.0025974025974025,0.0129870129870129,0.0051948051948051,0.0363636363636363,-1.1165081720224286,0.0853982036745622,0.1423688309182998
1,0.0914755413740687,0.0795231988971369,0.0781800720699109,0.0726263796742461,0.0734770817066232,0.0081967213114754,0.0737704918032786,0.1065573770491803,0.2131147540983606,-0.962515417604894,0.2290114282496255,0.1402033409116846
0,0.0710882088576145,0.0630893557365954,0.0588126186469453,0.0577823367707787,0.0589073731824031,0.0035460992907801,0.0425531914893617,0.0070921985815602,0.0531914893617021,-1.2800301282626343,0.0548647423015984,0.129559253657855
1,0.0958956411220007,0.0936479916596722,0.0890486760135313,0.0845783888758219,0.0811043632127355,0.0562770562770562,0.1688311688311688,0.0909090909090909,0.277056277056277,-1.2866586975969043,0.1137133142226358,0.1647030441288231
1,0.1052689053155965,0.0936650964177531,0.0897970958700747,0.0897884930346898,0.0775637035698438,0.0261437908496732,0.1503267973856209,0.0196078431372549,0.1764705882352941,-1.2975184975166671,0.0852898876046745,0.0926355497563203
0,0.0896338292749719,0.0827348551890659,0.0773624648837843,0.0773687328903446,0.0769142137934586,0.0,0.073015873015873,0.0063492063492063,0.073015873015873,-1.423093307248115,0.0699567700609005,0.095843813843781
0,0.0774661399974945,0.0740884181769602,0.0689509411287133,0.0655578843186013,0.0626212627520758,0.0099009900990099,0.0891089108910891,0.0297029702970297,0.0594059405940594,-1.1160168028461854,0.1243436078509498,0.1779157137229237
0,0.1001162154644641,0.0994961558868296,0.0882042174115367,0.0860411393230461,0.0829417383845003,0.0079106561191251,0.0814332247557003,0.0176826430898092,0.122847836202885,-1.3378469247264009,0.1213927350813803,0.1589370407280987
1,0.1078151500987891,0.1015384319154248,0.0926926667780554,0.0883060069046964,0.0903074012722509,0.0188679245283018,0.10062893081761,0.0283018867924528,0.1855345911949685,-1.3222187479292022,0.1056965751238794,0.1548272243101819
1,0.0676553926777279,0.0668579210158507,0.0623025856814265,0.0590574882554106,0.0574484838522558,0.0107816711590296,0.0269541778975741,0.0080862533692722,0.0242587601078167,-1.4055433522298528,0.0613108792046861,0.1408416783226604
0,0.0820475933063956,0.0794413004045559,0.0781641021628759,0.0715271335631698,0.0692311521839649,0.0,0.0512820512820512,0.017094017094017,0.0683760683760683,-1.2822510497545934,0.0559413910860254,0.1508708170575598
1,0.1018620274114946,0.0951143156691038,0.091765054021658,0.0833967257873968,0.0864395989853156,0.0390044576523031,0.1853640416047548,0.2366270430906389,0.3592124814264487,-1.0642449665253189,0.1358755842993255,0.1533889765808558
1,0.0905445187812205,0.0822042071757297,0.0795619716984409,0.0753584467773168,0.0708677600912794,0.0084427767354596,0.0844277673545966,0.1275797373358349,0.0966228893058161,-1.2748666672590998,0.1287694106437921,0.128526799112147
0,0.0938814839515714,0.0901725859309691,0.0814051123502106,0.0759565796131663,0.0796953587633939,0.037037037037037,0.3148148148148148,0.2592592592592592,0.6481481481481481,-1.4655583605976028,0.0705153803548631,0.1256414816671679
1,0.0955368467509545,0.0936916184119381,0.0867410126278225,0.0837530291946046,0.0787836319958318,0.007600434310532,0.0933767643865363,0.0477741585233441,0.2128121606948968,-1.3163769169040356,0.1200401562079899,0.1045898180557434
0,0.0942252169297446,0.0880367442840277,0.087108120994404,0.0879008153082034,0.0703106537669095,0.0340030911901081,0.1854714064914992,0.0370942812982998,0.267387944358578,-1.0571770187448404,0.0649923697025223,0.1168012541977292
0,0.0831725313923259,0.0772833581401377,0.0716950051026542,0.0677579849025271,0.070346362334537,0.0,0.0514469453376205,0.0128617363344051,0.0771704180064308,-1.0968828628484992,0.054779534228182,0.1294390368098652
1,0.09968300580804,0.0988874612561739,0.0939431985598648,0.0904143113401154,0.0836071017584881,0.0153950262222974,0.0680087971578413,0.0365420402639147,0.1705295212316021,-1.3070540483456363,0.1232285609937128,0.1464251811943227
1,0.0838492190733733,0.0723110566477781,0.0719235821130683,0.0664299358404565,0.0668125027634432,0.0060189165950128,0.053310404127257,0.0490111779879621,0.1392949269131556,-1.189832962231536,0.1829177401979718,0.1315610775770542
1,0.0955229804868193,0.085966711713675,0.079330708457121,0.0751453698171052,0.0761767486879857,0.0160901045856798,0.0699919549477071,0.0160901045856798,0.1174577634754625,-1.2894755652286316,0.0890380739343029,0.151184686119874
0,0.0894221591115348,0.0873642627919906,0.081237339414678,0.0749800573954476,0.0815984758252299,0.0105263157894736,0.0578947368421052,0.0526315789473684,0.1473684210526315,-1.191992386201561,0.0629642328354681,0.1408797211480479
1,0.0920401563252674,0.0832229333489332,0.0784110583310534,0.0766172110489658,0.0787795289679685,0.0127388535031847,0.0350318471337579,0.0382165605095541,0.1910828025477707,-1.3726415094339623,0.0896226415094339,0.2063054782043121
1,0.1011856842486902,0.09184326421109,0.0857971883735471,0.0814786807568947,0.0852671476591541,0.0132485426603073,0.0821409644939056,0.030736618971913,0.1759406465288818,-1.2565287470997517,0.111585901778665,0.1441672262858097
0,0.1007542667949226,0.1034580346703367,0.0910758710857445,0.0891773910189921,0.0878940731112342,0.0143939393939393,0.1462121212121212,0.0424242424242424,0.1674242424242424,-1.0312255814900246,0.2134936199399296,0.1672533561093633
1,0.0881021967090654,0.0786900477182053,0.0760734316901765,0.0709911463613811,0.0718010509983896,0.0143613000755857,0.0340136054421768,0.0317460317460317,0.1164021164021164,-1.3794474048262089,0.0745405579590281,0.1418288316761412
0,0.0917769399139588,0.0870248364895788,0.0834054044961704,0.0795902461419296,0.0779217999954039,0.0,0.0585585585585585,0.0337837837837837,0.0855855855855855,-1.2218501146067695,0.0905515813640348,0.1683056950798564
0,0.1039430610184473,0.1057712647851407,0.0889051001367561,0.0859441788587277,0.0839299112744938,0.0153374233128834,0.0674846625766871,0.0490797546012269,0.1595092024539877,-1.6939434303152956,0.0690074769583719,0.0948059487818794
0,0.0800089877044514,0.0763175152985697,0.0743680119159032,0.0672128315981213,0.0688344102312861,0.0,0.0125,0.0,0.0875,-1.606611001350289,0.0322374460272668,0.0656162120944987
1,0.0617786139471963,0.0567668690746795,0.0548360468026462,0.0519084330285013,0.0506855996042416,0.0019946808510638,0.0325797872340425,0.0099734042553191,0.038563829787234,-1.0090390095897648,0.1456429875684115,0.1430822912937601
0,0.0918809022441038,0.0866075096126606,0.0891058286256628,0.0803778930661406,0.0764771360169347,0.0,0.0,0.0,0.08,-1.3130417607030511,0.0692269877152857,0.1132703287810447
0,0.0732321301536883,0.0636461137167497,0.0572505811189438,0.0561293875634463,0.0608399155667999,0.0,0.0290697674418604,0.005813953488372,0.0232558139534883,-1.0224121661582806,0.1969953119249183,0.1239121232808392
1,0.0601426680556299,0.058355204591033,0.0518329097657999,0.0519821502924902,0.049363203450852,0.0,0.0228091236494597,0.0084033613445378,0.0552220888355342,-1.267818107759723,0.0972447192009188,0.0990319756540322
0,0.0643241599888476,0.0544081936208524,0.0595196073443589,0.060805579976064,0.0529547784086344,0.0,0.0266666666666666,0.0133333333333333,0.0666666666666666,-0.8190539073272584,0.1228910468662652,0.1302386914641466
1,0.0739249638734944,0.0668757587523703,0.0638144196097023,0.0625188174949101,0.0587498938254592,0.000632911392405,0.0240506329113924,0.0126582278481012,0.0670886075949367,-1.1191437829312547,0.1100663834807594,0.1326893460555792
0,0.1070342528328994,0.0993814861627568,0.0942054233563721,0.0881237192614105,0.0927230365584648,0.0137931034482758,0.1379310344827586,0.0827586206896551,0.2413793103448276,-1.1510056735232606,0.1512317465176405,0.2150988517717905
1,0.0770653658451334,0.0667493343167973,0.0603529496057212,0.0551014388555437,0.0547803050094149,0.0027350427350427,0.0205128205128205,0.0076923076923076,0.3263247863247863,-1.235438152828089,0.0983757605019322,0.1369013127957806
0,0.089195088288792,0.0839131296990616,0.0745200356713685,0.0753533271842132,0.0691258879654596,0.0,0.0681818181818181,0.0909090909090909,0.1704545454545454,-1.5687732393592082,0.0345603852912952,0.1473556977770453
1,0.0981854883410675,0.0882994317034672,0.0866648843692869,0.0842355089522335,0.0797929262655705,0.0043478260869565,0.0565217391304347,0.0217391304347826,0.217391304347826,-0.6110172265964338,0.3360517506642158,0.1500034390160696
1,0.1020689688578254,0.092479721921023,0.0862460978752137,0.082263176959037,0.0817849823139247,0.0403155127081507,0.1191936897458369,0.0701139351446099,0.1779141104294478,-1.3084604581974693,0.1081859356614317,0.1062931204213228
1,0.0897411798646058,0.0813422768892022,0.0781268150762714,0.0715338183057791,0.074023619843512,0.0069565217391304,0.0521739130434782,0.0104347826086956,0.0991304347826086,-1.23486143820689,0.1380490983514926,0.1345371878495483
1,0.0995925958206426,0.0971480257861218,0.0919803490590058,0.0893745027758358,0.0835749815556479,0.0315091210613598,0.1487009397457158,0.0337202874516307,0.2542841348811498,-1.2815106152281015,0.1033481649030825,0.1401619210276477
0,0.0911195181670428,0.0895711013546043,0.080725977412033,0.0786243884942023,0.07186616152454,0.0133689839572192,0.1383689839572192,0.0260695187165775,0.1290106951871657,-1.085692268792217,0.031715290236355,0.1307305332595403
1,0.0687317140838236,0.0601161667485843,0.0555342116545007,0.0551912373408239,0.0550724101301541,0.0063451776649746,0.0274111675126903,0.0137055837563451,0.0362944162436548,-1.172584518534438,0.1323754201987814,0.1755649265240548
1,0.1000861441619737,0.0952943782013709,0.089144318737049,0.0855347727753127,0.0832378590913349,0.0035460992907801,0.2056737588652482,0.0319148936170212,0.2482269503546099,-1.4437673872428998,0.0542755677967256,0.1838898191761691
1,0.0773376953015602,0.0714707187051665,0.0668278842521966,0.0623888127037255,0.062631445856462,0.0046457607433217,0.040650406504065,0.011033681765389,0.0632984901277584,-1.2124239543388002,0.1260151095154443,0.1440719671776999
1,0.0767880420031271,0.0701785477924557,0.0670281000483442,0.0661927736239067,0.0624744365175989,0.0037481259370314,0.0299850074962518,0.0119940029985007,0.08095952023988,-1.1577032455552931,0.12231060789192,0.1248651151606509
0,0.114038475585222,0.0973754720799268,0.0913926913208911,0.0899936918682287,0.0932609976801914,0.0,0.064516129032258,0.064516129032258,0.1290322580645161,-1.3959554273623278,0.0998102855425387,0.2021047551055886
1,0.0837684531352045,0.0767525980690675,0.0717003723797975,0.0688066357964218,0.0688535208335617,0.0078125,0.05859375,0.005859375,0.083984375,-1.2967443912819894,0.0721237409003483,0.1704248984211448
0,0.0903718777295974,0.09474942388181,0.0822520842688918,0.0820344798582135,0.0739248155169721,0.0,0.037037037037037,0.037037037037037,0.1259259259259259,-1.5309018626487203,0.0553861578650184,0.1354308183331296
1,0.0977597966226214,0.093395688994772,0.0872265282884419,0.08499092806522,0.0814530920045352,0.0181818181818181,0.122077922077922,0.0311688311688311,0.0961038961038961,-1.415649742169503,0.0852145525120229,0.1527641847213988
0,0.0966694000259209,0.0858566127910732,0.0808534308753057,0.0766281413177014,0.0749975246786459,0.0,0.0687179487179487,0.0112820512820512,0.0676923076923076,-0.8646481523674505,0.0343248694125886,0.1528417373744056
1,0.0835496546052599,0.0782389651539389,0.0742686536864935,0.0704100199430128,0.0723889581393429,0.005736137667304,0.0210325047801147,0.022944550669216,0.0994263862332696,-0.980455514730024,0.2182473887504674,0.1478664110372378
0,0.098919690108512,0.0861320957913928,0.0917955187239395,0.0805857904407578,0.0783363177556664,0.0579710144927536,0.1594202898550724,0.217391304347826,0.3623188405797101,-1.5464499775184517,0.058690421193162,0.0769992440716232
0,0.0928432114188127,0.0930254306382275,0.0859550048827052,0.0846833475191077,0.076950790310083,0.0117924528301886,0.0536556603773584,0.0359669811320754,0.1503537735849056,-1.1337018991419068,0.0802167698580944,0.1109016779620889
0,0.1017522674067389,0.0889664093602873,0.0844597585207129,0.082627167438374,0.0806945870931895,0.0079575596816976,0.0583554376657824,0.026525198938992,0.1193633952254641,-1.4274425972114335,0.0799581111982745,0.1485429911417562
1,0.0855129083867405,0.0766939446879921,0.0754200854851394,0.0714209336190214,0.0771212193336664,0.0076628352490421,0.0498084291187739,0.053639846743295,0.0842911877394636,-1.254701456842832,0.058087125231281,0.1041851079261707
1,0.1097755570197455,0.1084887563734684,0.0982876124439285,0.0952629850705914,0.090708359684246,0.0357507660878447,0.2277834525025536,0.0755873340143003,0.4412665985699693,-1.2738069117150996,0.106547482292291,0.1436861747565039
1,0.1047109323822781,0.0889467755669591,0.0858209260877742,0.078345126861078,0.0854086185705895,0.008695652173913,0.0652173913043478,0.0782608695652174,0.217391304347826,-1.2329944472398202,0.1513910914924109,0.1887628553707991
0,0.0598245380709466,0.0556155075343835,0.0525244025743887,0.0505742097427737,0.0476260491569717,0.0,0.0266666666666666,0.0133333333333333,0.1466666666666666,-1.3254732022764495,0.0836378496748127,0.1443591193580515
1,0.098232928585512,0.0977586271105032,0.0876447286901263,0.0855419683681272,0.0822595155320935,0.0145576707726763,0.0996640537513997,0.0369540873460246,0.1858902575587906,-0.7303206516413696,0.3226879263245656,0.1797749781771112
1,0.1001972887994414,0.0915471364231625,0.0893798108667432,0.0840538629079768,0.084608090011786,0.054054054054054,0.2072072072072072,0.3603603603603603,0.4684684684684684,-1.011576102230333,0.1747270461154964,0.1200954860786687
1,0.0995883668840216,0.0974113937306249,0.0894168434657146,0.0861728364759477,0.0825378737430707,0.0073937153419593,0.0911891558841651,0.0264941466420209,0.1694393099199014,-1.3210534036134598,0.1088726277110477,0.1362096504267919
0,0.1072087829878766,0.0924790408716258,0.0917009496062349,0.0829387552166855,0.0888149292179949,0.0126050420168067,0.1260504201680672,0.0546218487394958,0.3193277310924369,-1.19842274344112,0.1090125853204142,0.1985707488245505
0,0.0800987868053442,0.0727440826077273,0.0711731993255636,0.064483747933062,0.0676236101288694,0.0,0.0488215488215488,0.0168350168350168,0.0589225589225589,-1.2252925704889346,0.0840585593947278,0.1987666710854563
0,0.1025100522365265,0.1012980557244842,0.0926175273151442,0.0887959773266955,0.0825707220911101,0.0161507402422611,0.1292059219380888,0.0578734858681022,0.2611036339165545,-1.875838926174497,0.0570469798657718,0.0829160451013047
0,0.0963262638622751,0.0837897775488281,0.0815373183522121,0.0767624469150274,0.0761871435820585,0.0,0.1081081081081081,0.0675675675675675,0.1486486486486486,-1.4413652897093798,0.0695977547399582,0.137501914299088
1,0.0846725735165561,0.0819356836998534,0.0767778997211161,0.0725333170308913,0.0726184529977963,0.010752688172043,0.046594982078853,0.014336917562724,0.078853046594982,-1.2682433211409203,0.1177275339907863,0.1327459439634826
1,0.0907174875074063,0.0893103737010917,0.0757090309962657,0.075415504686875,0.078656147605345,0.0,0.0625,0.0,0.125,-1.1093017816847155,0.1533674139212673,0.1714897876776745
0,0.0912568827009065,0.0880093400128649,0.0836775659114163,0.0734265940548809,0.0747301663928763,0.05,0.2166666666666666,0.0666666666666666,0.2166666666666666,-1.0826166309095584,0.1288512880622514,0.1147717506160355
1,0.0941826930920977,0.0942008413966188,0.0859174112956873,0.0806806251354721,0.0820619646890226,0.0068354430379746,0.0693670886075949,0.02,0.1081012658227848,-1.4711768557700884,0.0534225326433161,0.1306665893918267
0,0.0962279343962552,0.0873917603325038,0.0856754377711295,0.0780002059366749,0.0695862556656308,0.0,0.0681818181818181,0.2954545454545454,0.3636363636363636,-1.1485884937898374,0.0817116723002918,0.1225458026833558
1,0.0988481720243773,0.0999830415705385,0.0878010861470836,0.0843982923987382,0.0835415805501238,0.003905160390516,0.0661087866108786,0.0114365411436541,0.0856345885634588,-0.5965775774430555,0.3792956817770984,0.1651636870033165
1,0.1083647413709425,0.1010495648513857,0.0938309435669057,0.0813229337011128,0.0865286378950187,0.0166204986149584,0.3324099722991689,0.3434903047091412,0.3434903047091412,-1.0861191205927845,0.1778978430650907,0.1726873879880039
1,0.0944641738106402,0.1106817354831228,0.1052693754091501,0.1256484839218726,0.1081933663541102,0.0,0.0,0.0,0.0,-0.8642122020391036,0.2708040309741602,0.1722666989933872
0,0.0927757226555233,0.0913757207171434,0.0828324939707438,0.0841354103210882,0.0757812507727655,0.0185758513931888,0.0688854489164086,0.0433436532507739,0.2113003095975232,-1.565193908856649,0.0832612320285856,0.1359133409564889
1,0.1034443344422178,0.092461467329159,0.0879759772808105,0.0827772578626452,0.0854119058032368,0.0082918739635157,0.1459369817578772,0.0265339966832504,0.1923714759535655,-1.2305843703465862,0.1538680166369163,0.1714587616236667
1,0.0802065483697122,0.0758864842311202,0.0672572277401587,0.0648610650599594,0.0650685972753367,0.0040691759918616,0.0478128179043743,0.0132248219735503,0.074262461851475,-1.0366907353077812,0.0475200597086242,0.1544178374801384
1,0.1068323580163986,0.0957889697209802,0.0937557348315915,0.0852956856282415,0.0902628903524361,0.0368509212730318,0.1658291457286432,0.1909547738693467,0.4455611390284757,-1.297572585815176,0.0789556633973435,0.1329647747221845
0,0.0965902115648612,0.0842105555850174,0.0821242418245266,0.0742685808308629,0.0765788392711595,0.0023866348448687,0.0381861575178997,0.0143198090692124,0.1193317422434367,-1.3298477092619978,0.0854389550324088,0.1367336884953388
1,0.1105354360365862,0.1056078196334908,0.10240136342773,0.1006781540264979,0.0942543727772063,0.025887376567921,0.1150253536162263,0.0378969842540699,0.0896717373899119,-1.4514625744206548,0.0498571972879825,0.2087217933107884
1,0.080253816632076,0.0720496402778762,0.068479827887954,0.0650245246695606,0.0684243966884071,0.0042918454935622,0.0515021459227467,0.0171673819742489,0.0579399141630901,-1.16091840368407,0.1613859967563553,0.1841716086632919
0,0.1107295533408058,0.0973224097566633,0.0866952256633192,0.0854824050194845,0.0913791103638419,0.0299003322259136,0.132890365448505,0.0963455149501661,0.2524916943521594,-1.28920201342457,0.2094542867660241,0.0975401200713564
1,0.0851423607235651,0.082022831558381,0.073095845724542,0.0719350012716664,0.0722735251128514,0.0053956834532374,0.0341726618705036,0.0071942446043165,0.0521582733812949,-1.010406080242604,0.1889687487058521,0.1633687438420182
1,0.0964993847372661,0.0997995464602143,0.0884986426295175,0.0914018406977364,0.0838675022691256,0.0218181818181818,0.0363636363636363,0.029090909090909,0.2181818181818181,-0.4011225456651048,0.4499039321998209,0.1381823747648868
1,0.0729052873305532,0.0672141486609711,0.0629006769198131,0.0585255283269764,0.0598442060209188,0.0022371364653243,0.0827740492170022,0.0067114093959731,0.0827740492170022,-1.1378430608077823,0.0683047484010768,0.1304865157338413
1,0.0957921680670017,0.0952645649544955,0.0849679126731278,0.0816292713361985,0.0812792543160219,0.0069444444444444,0.1157407407407407,0.0509259259259259,0.1481481481481481,-1.1733573291399846,0.0725467211878811,0.1392831205796203
1,0.0335105628549129,0.0289561730700117,0.0283429860430487,0.0295579497360464,0.0269930414019514,0.0,0.003584229390681,0.003584229390681,0.014336917562724,-1.4761306168950534,0.0608101397590421,0.1160056895137104
0,0.098963317688801,0.0895844383355228,0.0840574835805606,0.0804304949908959,0.0794683589536607,0.0037406483790523,0.0436408977556109,0.0074812967581047,0.0810473815461346,-1.0102584891996451,0.1918478840863349,0.1286617008832424
1,0.1035407586914989,0.091192224784812,0.089112678892343,0.081320003219296,0.0836130555738915,0.0145985401459854,0.0583941605839416,0.0291970802919708,0.1313868613138686,-1.3019026531496118,0.1108656921545578,0.1289374226048793
1,0.0857650114335851,0.0800813099256853,0.0753072758291417,0.0713537664221294,0.0703837090077768,0.0147058823529411,0.0588235294117647,0.0294117647058823,0.088235294117647,-1.28914572246634,0.0731038029393411,0.1060497960042871
1,0.1051887613925213,0.1001650160086865,0.0893168386444418,0.0912159220735111,0.0868242654534472,0.0502392344497607,0.1913875598086124,0.069377990430622,0.3875598086124402,-1.3644507012822191,0.1058656974489446,0.1046981941492839
1,0.0793021546023686,0.0716968115705165,0.0672388081081278,0.0651774531373572,0.065590098990596,0.0045377197958026,0.0385706182643221,0.0124787294384571,0.0680657969370391,-1.1407518529800884,0.1375396083217961,0.1572739964227212
1,0.091572773852263,0.0889955519736982,0.085533282374944,0.0796850030883572,0.0757475072110868,0.015358361774744,0.0529010238907849,0.1006825938566552,0.1945392491467577,-0.9285391569188362,0.267149881668183,0.1596763231053216
1,0.0771307291230178,0.0702867828466837,0.0684609998981985,0.0666547528795049,0.0602824933064042,0.0021881838074398,0.0131291028446389,0.0087527352297593,0.0809628008752735,-1.3236599999396184,0.126088759009641,0.1482228933564499
1,0.0954396224237829,0.0987890289818591,0.0944467683108341,0.0946835080180279,0.0811967481910693,0.0586080586080586,0.1098901098901098,0.1098901098901098,0.3516483516483517,-1.4527399965776435,0.0671848009778894,0.14835224702894
1,0.1037059688932536,0.0976750425392085,0.0907277053059811,0.0876204486475031,0.0839526470847352,0.0194174757281553,0.1067961165048543,0.0373019928461931,0.1538068472151252,-0.9300783393641672,0.0963295081397894,0.1520465061749206
1,0.0795415165274755,0.0761237584578738,0.0680532488385791,0.0673263191218986,0.0661289261558068,0.009515570934256,0.0657439446366782,0.0207612456747404,0.1280276816608996,-1.0288656508181864,0.2145599419040937,0.134630904798926
0,0.0904746744991336,0.0860105349144052,0.0819234269915979,0.0771612725755973,0.0750382801175467,0.0118694362017804,0.0712166172106825,0.0267062314540059,0.1632047477744807,-1.3650000595851106,0.1416828579458544,0.1364253659999581
1,0.1029908606067453,0.0966191574966682,0.0877601085706746,0.0859926054992887,0.0813307644671849,0.0111121486600056,0.0581753665141469,0.0232514707255579,0.0913250536931552,-1.066532440677775,0.2035461075636018,0.1649063305881953
0,0.0947103348684153,0.0919096573269994,0.0839933423290117,0.0793571137735471,0.0702967798415936,0.0142857142857142,0.1,0.0857142857142857,0.2142857142857142,-1.70710406826805,0.0327558786949319,0.1005988568519807
0,0.1071540319109063,0.0995267783546195,0.091054432764595,0.0878201845599451,0.0840242010865995,0.0309690309690309,0.1428571428571428,0.0589410589410589,0.3866133866133866,-1.086035496728086,0.1733607422278537,0.1353857820802673
1,0.0714230190411419,0.0685901582226946,0.0603315644841214,0.058175739144254,0.0609791169434849,0.012539184952978,0.0407523510971786,0.012539184952978,0.0689655172413793,-1.0235827017678278,0.2050123505828478,0.1470379668637813
0,0.09763138081293,0.0948678753478788,0.0931038816973651,0.0877339229839918,0.0823495080719138,0.0174418604651162,0.0697674418604651,0.0174418604651162,0.2093023255813953,-0.8160395516432528,0.1252855791727411,0.1278753726790475
1,0.1063637358714919,0.1081218450313958,0.0927116949837401,0.0908433966560868,0.0890502681331771,0.0176174496644295,0.1476510067114094,0.035234899328859,0.2684563758389262,-1.2977779918893333,0.1234704177553129,0.1606096491113927
1,0.0428529431307661,0.0393875376856687,0.033048297542459,0.0362155500502301,0.0355875452386436,0.0007101264024996,0.0107939213179946,0.0022724044879988,0.0066751881834966,-1.3856765450197357,0.091617991114186,0.1077005959027868
1,0.0883917833508187,0.0879822874976405,0.0813314790379625,0.0779638164212774,0.0732546675135663,0.0099715099715099,0.0847578347578347,0.0178062678062678,0.0918803418803418,-0.9506835792209064,0.1091683562802429,0.1458237394287607
0,0.1273450057163243,0.1043994240300217,0.0877871766111404,0.1159214941778173,0.1421778442890271,0.0,0.0,0.0,0.0,,,0.1605299066210526
1,0.0961241650088783,0.0925424621065024,0.0847402524351614,0.0802152566023467,0.0799385724062843,0.0,0.0548172757475083,0.0149501661129568,0.0946843853820598,-1.488155456545668,0.0352101466258447,0.1019459083346724
0,0.096898997555374,0.0944078787118954,0.085677286447932,0.0823984667671065,0.079123781515936,0.0074074074074074,0.0444444444444444,0.0111111111111111,0.1148148148148148,-1.3852303252172269,0.1042206906091646,0.1898261273168956
1,0.1063602865534022,0.0976431383219211,0.0919895640866494,0.0845985173731945,0.088041259512879,0.0245360176156023,0.1859075180874488,0.1531928279333123,0.447625039320541,-1.3173396333850476,0.0987444094915672,0.1441187005240186
0,0.0640221486388491,0.0630324453465807,0.058923257034917,0.0593081748236335,0.059465933558167,0.0,0.0909090909090909,0.0151515151515151,0.0454545454545454,-0.6409424382065334,0.1861546995160934,0.2347036788154408
0,0.0793341661178804,0.0737549283610457,0.0676570610181683,0.0663631375182173,0.0660385625089091,0.000646830530401,0.0578913324708926,0.010025873221216,0.0847347994825355,-1.4463665827203316,0.0507139796477707,0.1503489150509656
0,0.071638395740517,0.0714342108559265,0.0647076528813112,0.0614725527220064,0.0631747277610988,0.0,0.0137931034482758,0.0068965517241379,0.0482758620689655,-1.5282267757498398,0.0339140122550661,0.1292737258579092
1,0.0910224294527406,0.0912695679986295,0.0832902383483007,0.0804574286544849,0.0764583010639174,0.0184426229508196,0.1045081967213114,0.0602459016393442,0.4418032786885246,-1.3084291278310265,0.0549281528730703,0.1257162589392441
1,0.0889586365425799,0.0779384328013332,0.0766399871494191,0.0746112405534613,0.0626183864100012,0.0118343195266272,0.029585798816568,0.0236686390532544,0.1775147928994082,-1.483568369718642,0.0754577270175987,0.1041078967000786
0,0.0904420148311019,0.0831040489200022,0.0784569522942179,0.0725697347463139,0.075518989874239,0.0103359173126615,0.0630490956072351,0.0366925064599483,0.1627906976744186,-1.4060807933031925,0.0739181584285596,0.1364515870365628
0,0.084190890127732,0.0789479673954645,0.0738274453016069,0.0728768842437578,0.0635766032963614,0.0072463768115942,0.0144927536231884,0.0072463768115942,0.0942028985507246,-1.7425903369874136,0.0261099567719901,0.0965714638845022
1,0.0747423309766914,0.0733378191729191,0.0663583706131385,0.0625266166920122,0.0618545083226122,0.0,0.025390625,0.0078125,0.01953125,-1.203057207992335,0.0773560965215272,0.1220810504271525
0,0.0896603292471829,0.0798578507152666,0.0752500287580858,0.0721409341986108,0.0728511526047091,0.0023640661938534,0.0472813238770685,0.0189125295508274,0.1016548463356974,-1.341807488693215,0.0599025215735153,0.1542056886861168
0,0.0785581755438327,0.0885419067572173,0.0832939244562598,0.0885500439274239,0.0595112121392602,0.0,0.0,0.0,0.2857142857142857,-1.2535211267605637,0.056338028169014,0.0971895038560975
0,0.081583294596446,0.0765057882118278,0.0749528050143841,0.0703191559347027,0.0666976766486187,0.0070821529745042,0.0594900849858356,0.0269121813031161,0.1260623229461756,-1.5511529797159882,0.0764940268070791,0.1371155291921521
0,0.0830808836692114,0.0747019577682771,0.0661968702517281,0.0675462507297855,0.0653148723859052,0.0,0.0265486725663716,0.0088495575221238,0.0619469026548672,-1.1822583735240206,0.1059652989157171,0.1334483742963746
1,0.0823041369096206,0.0721515845507596,0.069815612726065,0.0659615609505241,0.0657877406475823,0.0065199674001629,0.0325998370008149,0.0016299918500407,0.0325998370008149,-0.90829355333376,0.2091413384197097,0.1627845062426975
1,0.0687575343987229,0.0598313749399328,0.0573426725419442,0.054613303707624,0.0562527874565927,0.0020942408376963,0.0230366492146596,0.0094240837696335,0.0534031413612565,-1.2307831909926723,0.1260876515807871,0.2020139007752175
1,0.0994361156960511,0.0881973370123837,0.087663051272451,0.0861051899459361,0.0846986383580732,0.0202020202020202,0.0606060606060606,0.0202020202020202,0.0606060606060606,-1.285022500625503,0.1035691564996262,0.1596264937619443
1,0.0890695553223751,0.0837646575543853,0.0766685828077442,0.0749090653470742,0.0760366852234768,0.0153925089789635,0.0944073884043099,0.0277065161621344,0.0831195484864032,-1.176824869225362,0.1121225079256193,0.1824201596815143
0,0.0895188050353812,0.0888000334749903,0.0828937977143588,0.0782458788183127,0.0754721248271258,0.0096188101175632,0.0751692198076238,0.0210188813680085,0.0912005700035625,-0.9580926691891888,0.0720808318789676,0.1393528985547877
0,0.0343471222336361,0.0292163891803855,0.0243311612949905,0.0272759477245225,0.027147544402713,0.0,0.0,0.0,0.0,-1.3173652694610778,0.059880239520958,0.088255405631984
0,0.0976824595470937,0.0890644609708246,0.0854284292937904,0.0810743147496531,0.0785908045435266,0.0,0.0166666666666666,0.0,0.1833333333333333,-1.3724386145252043,0.106499661147901,0.116761414128108
1,0.0860186617157735,0.0797491536139942,0.0745552791561886,0.070880475344261,0.0712508683236255,0.0089933275311865,0.0307513780098636,0.0174064403829416,0.0739773716275021,-1.2464687173017748,0.1386728272436735,0.1566085866797969
1,0.1058693317910376,0.1008452089184443,0.0958839959318599,0.0947357884310169,0.0869737421442406,0.0285714285714285,0.156043956043956,0.0571428571428571,0.2637362637362637,-0.6220710257075377,0.3677235764160579,0.1832078670675187
1,0.0689936194735921,0.0648894608757517,0.0618186280583921,0.0601448284392742,0.0560065207504112,0.0015974440894568,0.060702875399361,0.0095846645367412,0.0638977635782747,-1.3988556486675745,0.0883448478229646,0.1372533380224651
0,0.0893955468181031,0.0802028857573212,0.0813406999824674,0.0765198359584804,0.0735039828143794,0.0,0.08125,0.01875,0.225,-0.981733105799037,0.0454699669334076,0.1261964816132105
0,0.1061060487394678,0.0861058463291982,0.0826998942912862,0.0783000832614571,0.0797952350837247,0.032258064516129,0.0161290322580645,0.0483870967741935,0.1290322580645161,-1.059286341336681,0.1849394732778834,0.1674990318568565
0,0.0918022970972117,0.0901217237158494,0.0805789533754867,0.0761551433992177,0.0739334357819332,0.0206327372764786,0.0811554332874828,0.0687757909215956,0.265474552957359,-1.490640887367399,0.0748374787944123,0.1149570509265084
1,0.0785782882631906,0.0649573277891782,0.068706174328272,0.0607092178810965,0.0597462783216305,0.0,0.0123456790123456,0.0246913580246913,0.1172839506172839,-1.0214318704153962,0.1975477091945,0.1423026769496028
0,0.0823109791250393,0.0796760867108103,0.0736680878080517,0.0720489035134531,0.0674037966455116,0.011441647597254,0.0434782608695652,0.0137299771167048,0.1441647597254004,-1.744332028365867,0.030446572052369,0.0881831043011681
1,0.0703531806091586,0.0645986745894381,0.0606617537080437,0.0582185428602932,0.059435946881838,0.0027573529411764,0.0404411764705882,0.0147058823529411,0.0625,-1.2052426134351175,0.1311034254746487,0.1744821985014523
0,0.0752539817002265,0.0679592393553606,0.0652905703806649,0.0618054694899513,0.0621756389539533,0.0010030090270812,0.0320962888665998,0.0080240722166499,0.0591775325977933,-1.33175783898919,0.1377191176209557,0.1274878969536748
1,0.0905888611600595,0.0874777902573302,0.0817952630198829,0.0769756605337983,0.0772929616280222,0.0093862815884476,0.0851985559566787,0.0353790613718411,0.1545126353790613,-1.1409320354630197,0.1127587263707435,0.177427058249572
0,0.1165959774800189,0.1110249049621181,0.0934817330178836,0.0951696747436284,0.093030609448162,0.032258064516129,0.1290322580645161,0.064516129032258,0.1935483870967742,-1.531255368016679,0.0563129242273196,0.1512825616071019
1,0.0945679263938071,0.0907492439166945,0.0834585036811372,0.0832817249752571,0.0779663605414602,0.0145482388973966,0.055895865237366,0.0176110260336906,0.1102603369065849,-1.395743370409685,0.059879919609874,0.1772395067000688
1,0.057973788119858,0.051684886581521,0.0503941130124273,0.0480782423808464,0.0491595467908827,0.0009661835748792,0.0125603864734299,0.0048309178743961,0.0294685990338164,-1.1562074841338832,0.1231361684590374,0.1096224199964601
1,0.0885576274200485,0.0823441709969183,0.0767889979834497,0.0744921333350162,0.0752790334915006,0.0056127221702525,0.0327408793264733,0.0065481758652946,0.0608044901777362,-1.1143867345595253,0.1487857645231146,0.1836756460937653
1,0.0949751467697593,0.0867645811148618,0.0794871145437466,0.0759754525246707,0.0792577152764031,0.0144552647595861,0.1746804625684723,0.0427571515520389,0.1883749239196591,-1.0664627897151349,0.0752620249133369,0.1545230896986091
1,0.0840916733829377,0.0802564060586852,0.0726121775254835,0.0703206226440065,0.0694777561339504,0.0044982698961937,0.0505190311418685,0.0138408304498269,0.0681660899653979,-1.2432309171285,0.1152751696118427,0.1455479453875602
0,0.0883788327521405,0.0847100612332219,0.0791336928175355,0.0751938114629908,0.0716685834656478,0.0032482598607888,0.0171693735498839,0.0204176334106728,0.0844547563805104,-1.1897770934436322,0.0700963693344976,0.0804766825098273
0,0.0939867898755641,0.094010707652056,0.0848610922267323,0.0818316825913961,0.0768205968003583,0.03125,0.03125,0.03125,0.0625,-1.580036021217735,0.0560738962243309,0.1432666349380257
0,0.0857061968801,0.0858691955229241,0.0794670218009872,0.0770908551756537,0.0792134343710333,0.0219780219780219,0.1648351648351648,0.0219780219780219,0.2417582417582417,-1.4198225632602612,0.0773976960302601,0.1283701407186741
1,0.0972294869406726,0.0945702594183327,0.085006709427387,0.0817432032286876,0.0787270349812585,0.0119047619047619,0.1349206349206349,0.0297619047619047,0.123015873015873,-1.6324313164404252,0.0625036614586906,0.1560498698136104
0,0.1017636477654763,0.0935130086172708,0.082515806991425,0.0745302306766044,0.0776281088260997,0.0307692307692307,0.0615384615384615,0.1076923076923077,0.2153846153846154,-1.1370280146163216,0.0554202192448233,0.1441659874334718
1,0.0969535878737003,0.092920284197374,0.0833718933751253,0.0829956406319761,0.082130417247069,0.0112866817155756,0.0564334085778781,0.0112866817155756,0.0496613995485327,-1.417671473390924,0.0478650730553586,0.177173586405598
0,0.0893091724647207,0.0791135150601382,0.0765986292341198,0.0712138435028885,0.0723132384185401,0.0025,0.045,0.04125,0.12625,-0.5814402901106895,0.3587192056048057,0.105549678939529
0,0.1143356643356643,0.092924317062248,0.1505821078431372,0.1291666666666666,0.088144963144963,0.0,0.0,0.0,0.0,,,0.1390312030271739
0,0.0834253311817533,0.0816025176415925,0.0748925437125871,0.0721003341283896,0.0693367367155879,0.0070742799393633,0.0949974734714502,0.0277918140474987,0.0813542193026781,-1.2182949411564437,0.1297969063652881,0.1948079762442442
0,0.0873470848035545,0.0812071811158143,0.0728616064482723,0.072196970581698,0.0712136549638358,0.0045300113250283,0.0636466591166478,0.0074745186862967,0.0783691959229898,-1.1076975660063009,0.068058910373762,0.1197359940312359
1,0.088408704575378,0.0847323314923128,0.0782270226831559,0.074475326920282,0.0749641215210346,0.0060698027314112,0.0690440060698027,0.0197268588770864,0.0811836115326251,-1.1826510609982426,0.1020708652684524,0.1610368922724527
0,0.0991279440132472,0.095397660115557,0.0901785674751404,0.0838064117153423,0.0831570176389354,0.0244498777506112,0.1344743276283618,0.1075794621026894,0.3814180929095354,-0.9814762467151634,0.0441111471756889,0.099359645525482
1,0.0943263242619885,0.0909662967439667,0.0748232540660104,0.0741674812510807,0.0726613947841938,0.0048780487804878,0.0780487804878048,0.024390243902439,0.0585365853658536,-1.4029576493618252,0.0584396979622789,0.1152866322728938
1,0.0915004668545686,0.0898067324738889,0.0835960826713319,0.0790027301861384,0.0765595634688088,0.0063183849591616,0.0767452612112806,0.0366774541531823,0.1593465865310525,-1.3452362915056493,0.1424441141667674,0.1511306759101696
1,0.1018223332549056,0.0960627115524718,0.0907223650363565,0.0924437059160965,0.0812405995566674,0.0,0.0852713178294573,0.0232558139534883,0.3023255813953488,-1.8211940303931349,0.0220186857389803,0.137075372335282
1,0.0906605688262475,0.0851894998190072,0.0782730474618215,0.0762783772484024,0.0732213405605574,0.002770083102493,0.0674053554939981,0.0193905817174515,0.0858725761772853,-1.0395750751862254,0.1465079732317581,0.126491484895196
1,0.102102667786302,0.0980937726764002,0.0891074283456695,0.0874498693426984,0.0844487676698702,0.0241187384044526,0.0779220779220779,0.0092764378478664,0.1150278293135436,-1.3777879320308772,0.0921948240385741,0.1461652151693043
1,0.0693345303751881,0.058488731975762,0.0575588399186674,0.056240177922207,0.0538665073430735,0.0015105740181268,0.0347432024169184,0.0015105740181268,0.0543806646525679,-1.15271960254149,0.1233907338102993,0.1829815547706168
1,0.0845913402592702,0.0797395485336221,0.0762336092967957,0.0706479727758897,0.0686659412359578,0.0104384133611691,0.0375782881002087,0.0146137787056367,0.1002087682672233,-1.3146733152156334,0.1453654302531357,0.1367111437762125
1,0.0810722475530867,0.0774391515500445,0.0713326597392689,0.0685629035242294,0.0669226238453042,0.0,0.0814606741573033,0.0046816479400749,0.1095505617977528,-1.0762504591662363,0.1692937233062273,0.1359461152113721
0,0.1012392883665775,0.0887158867801568,0.0805240811241417,0.0808582147017038,0.0743695907853976,0.0178571428571428,0.1726190476190476,0.0714285714285714,0.375,-1.2955486235406306,0.1733110905149642,0.1069537765538432
1,0.0886069737173123,0.0803697918660648,0.0747237461639236,0.0723603395954538,0.0698512256783826,0.0068965517241379,0.0670846394984326,0.0307210031347962,0.0909090909090909,-1.0249434143157954,0.1671968601243899,0.1692141775794065
1,0.0821717937173912,0.079045494982183,0.074623974383509,0.0712769141235766,0.0688551878202378,0.0057273768613974,0.0607101947308132,0.0217640320733104,0.0756013745704467,-1.5693315480503796,0.0485964821984995,0.1338016046170465
1,0.0944941014858514,0.0824168864479686,0.0784992520376452,0.0762685827665916,0.0754078172192305,0.0018738288569643,0.042473454091193,0.0174890693316677,0.1236727045596502,-1.0833302977206547,0.1884484016199161,0.1565752738921736
1,0.086024734856146,0.0802981563695969,0.0784309601200728,0.0750138433246436,0.0704234892921972,0.0083643122676579,0.0669144981412639,0.0362453531598513,0.1096654275092936,-1.2891689606789694,0.1001413890242041,0.1281667085038401
0,0.0904390432221134,0.0839801862691474,0.0856333643974186,0.0723327690225629,0.0744635800963616,0.0,0.0,0.0,0.0,-1.0217145655304802,0.1724427137550836,0.1466333246699415
1,0.1056297622209266,0.098538314471454,0.0959590120444599,0.0884086404555535,0.086557303990415,0.0368098159509202,0.1226993865030674,0.1165644171779141,0.294478527607362,-1.1723502570383373,0.1345814320162347,0.1248652570703607
1,0.0753082453136773,0.0713761062038834,0.0681462732208589,0.062952980722263,0.0605055729714589,0.0028901734104046,0.0462427745664739,0.0115606936416184,0.0606936416184971,-1.4763368199527254,0.0968392382561565,0.1348630678786634
0,0.0938938801406808,0.0859515075438871,0.0858243020100237,0.0781268271821889,0.080837768417533,0.0096916299559471,0.0907488986784141,0.0475770925110132,0.2484581497797356,-1.2528386325400858,0.0827799060699975,0.1968671969275479
0,0.0800124992539139,0.0740162751744718,0.0715092664221205,0.0698332483284662,0.0644233600072215,0.0117489090298757,0.0634441087613293,0.0312185297079556,0.1564283316549177,-0.7554228602066126,0.1560746040714899,0.1532280546530652
1,0.0990645470985214,0.0957693499160883,0.0858249938720299,0.0831287230222852,0.0812517786462423,0.019140989729225,0.1031746031746031,0.0480859010270775,0.2119514472455649,-1.3847620892405528,0.0822159392925044,0.1489947262668477
1,0.0783115655473806,0.0672489394075959,0.067524768546848,0.0603060265720559,0.0616097206115471,0.0038167938931297,0.015267175572519,0.0076335877862595,0.0419847328244274,-0.9362124262977036,0.1883421913086617,0.1511744453943127
0,0.0919533279448379,0.0926742867128813,0.0828994980583761,0.0777360751984389,0.0755975713827677,0.0,0.0413223140495867,0.0082644628099173,0.0578512396694214,-1.1049798376542406,0.1390326593858679,0.1394884079722698
1,0.0684295834803794,0.0635514501029551,0.0607266449699064,0.0575663326906665,0.0576095483577307,0.0,0.0169491525423728,0.0,0.03954802259887,-1.2481217320762112,0.1193730076928049,0.1535435728234966
0,0.0890126760164014,0.0846010699343686,0.0839045517715308,0.0777168152210439,0.0777535707486861,0.0,0.1111111111111111,0.0555555555555555,0.1111111111111111,-1.3951882595838507,0.0981907972878409,0.1324335160579779
1,0.0823411611665802,0.0775826475371841,0.0770567934362057,0.0734476654538831,0.0674640867722115,0.0037878787878787,0.0511363636363636,0.0170454545454545,0.0946969696969697,-1.222936234754033,0.0973000232802811,0.1224871915454554
0,0.1148273569535341,0.1093234909644934,0.0971975086867983,0.0931537180926341,0.0911984414850488,0.0,0.2391304347826087,0.0869565217391304,0.3695652173913043,-1.465900899221929,0.0932843728586001,0.1046649985290495
1,0.0864466818517566,0.0810805221218708,0.0766411879722527,0.0719360073644975,0.0705848898496572,0.0028316579357213,0.0322809004672235,0.0219453490018405,0.1439898060314314,-1.531602664711067,0.0820552964039525,0.0932832093807183
0,0.0770052667789207,0.0739462014599832,0.0697070796991889,0.0720532548091014,0.0658017264567045,0.0,0.0118343195266272,0.0177514792899408,0.0650887573964497,-1.3969878257532256,0.0850550707325706,0.0730124237591404
0,0.0769825705951566,0.0736516052882663,0.0664211789836323,0.0632003588527146,0.0645641911939833,0.0020242914979757,0.0617408906882591,0.0161943319838056,0.068825910931174,-1.0169576777651523,0.1360118891716229,0.1468913473370864
1,0.1056545784633318,0.1024171342684916,0.0969713566083013,0.0929735533618039,0.0890463376154089,0.0384615384615384,0.3881118881118881,0.0839160839160839,0.479020979020979,-0.7761338050820199,0.2624638147314249,0.1426668293801571
1,0.0838399000151834,0.077210287823596,0.0726470988192519,0.0695301467694976,0.0660307353951576,0.0028901734104046,0.0510597302504816,0.0248073217726396,0.0924855491329479,-1.2053732597402589,0.1118681258964223,0.1365676501400525
0,0.0746311073666926,0.0703377947385562,0.0663944544933989,0.0635770531171442,0.0627245286692744,0.0023041474654377,0.02073732718894,0.0092165898617511,0.0491551459293394,-1.304547078037275,0.0960593224893074,0.1214788887059523
1,0.0963248512871411,0.090855919772819,0.0860158656997623,0.0817250219536114,0.080811030920917,0.0094562647754137,0.0874704491725768,0.0614657210401891,0.2033096926713948,-1.3496972937298062,0.0778616161516106,0.1105504687894526
1,0.0973941222054507,0.0990829271369496,0.0904388801029828,0.0881084032343384,0.0804168650525373,0.005181347150259,0.2279792746113989,0.0673575129533678,0.3937823834196891,-0.879939286109635,0.2528020705629233,0.0907966716660185
1,0.1040610600938292,0.0985252378791573,0.0902900148836882,0.0882140607801909,0.0808691140074449,0.0143979057591623,0.0706806282722513,0.0366492146596858,0.1950261780104712,-1.4272995136100597,0.0578619096432654,0.1358721933985692
1,0.098934723290435,0.094182956903312,0.0877451794815362,0.086710106786117,0.0829329537054455,0.0108892921960072,0.0980036297640653,0.0544464609800363,0.1578947368421052,-1.2477379437768994,0.1212820240326936,0.1563682302729719
1,0.0853521825614459,0.0821884245191888,0.0738414118245398,0.0730744690886508,0.0719609374202517,0.0067842605156037,0.0352781546811397,0.0189959294436906,0.0610583446404341,-1.448432487364908,0.0776574861225327,0.1434887143397631
1,0.0793956045822594,0.0737938397213252,0.0709289929120409,0.0694058155876498,0.063458525723266,0.0068181818181818,0.0204545454545454,0.0272727272727272,0.059090909090909,-1.070803164431937,0.1770721390726095,0.1420130259051427
1,0.0823766307080069,0.075381356679631,0.0704408203833362,0.0701710142474326,0.0635521175606581,0.0,0.0115273775216138,0.0144092219020172,0.0778097982708933,-1.27981417549949,0.1009528046445127,0.139619127879614
0,0.0990872199971473,0.0874435203043392,0.0806356656963563,0.0786962990201873,0.0760500110862429,0.0031695721077654,0.0586370839936608,0.011093502377179,0.0966719492868462,-1.3269876149362827,0.1077552127808813,0.140951927141179
1,0.0996803326065909,0.0952389680676459,0.0856236018985077,0.0866191810123707,0.0826128002376818,0.0265232974910394,0.1218637992831541,0.0444444444444444,0.2,-1.3454308258213508,0.1067681603814447,0.1313034797472739
0,0.0859942765307997,0.0776527757356577,0.0732077869199501,0.0726232939890581,0.0835664834009495,0.0,0.0,0.0571428571428571,0.0857142857142857,-1.4671532846715327,0.072992700729927,0.1387515943003342
1,0.103737934564298,0.0973124735476145,0.0907653833755147,0.0881873284264323,0.0888605403549369,0.0460060667340748,0.1547017189079878,0.0836703741152679,0.3887765419615773,-1.35568036439367,0.1147891210971012,0.1338503791167756
0,0.0823920334241695,0.0802397471002815,0.0732803741952971,0.0694224693744614,0.073596341063015,0.0256410256410256,0.2051282051282051,0.0256410256410256,0.1282051282051282,-1.382012710098841,0.0724278506124497,0.1693881562363237
0,0.1187334109489971,0.1110967114628897,0.1003296670271714,0.0931529153649205,0.0995312767038939,0.0211180124223602,0.1105590062111801,0.0757763975155279,0.2024844720496894,-1.1771109423896315,0.0814846401370263,0.1823010847747137
0,0.0418028586488103,0.0366890110509591,0.0313207059952916,0.031111002957131,0.0329136839586788,0.00084388185654,0.0092827004219409,0.0025316455696202,0.0143459915611814,-0.7186713556309802,0.1178714290640335,0.1160260240872003
0,0.1004495177782405,0.097481089318002,0.0912830073178708,0.0875912922351185,0.0823737827286257,0.0338389731621937,0.1516919486581097,0.0968494749124854,0.2625437572928821,-0.8936508212157273,0.1182835769666071,0.1354734793674112
1,0.0741028685296036,0.0701849487497768,0.0649501955827296,0.0635939325724239,0.0646581554879541,0.0012376237623762,0.0309405940594059,0.0024752475247524,0.0507425742574257,-1.027514921468165,0.1195473925288179,0.1608059076893272
1,0.1030161853714245,0.0915459671327074,0.0851589286516291,0.0833621460207201,0.0848575301939371,0.0156356220258327,0.1004418762746431,0.0237933378653976,0.1165873555404486,-1.2488823831222426,0.1024664860495697,0.1680735128730529
1,0.0703185208841491,0.0682943617086626,0.0643148704197106,0.0611502431064842,0.0615228525196438,0.0,0.0164424514200298,0.0044843049327354,0.0298953662182361,-0.8532219119815414,0.2678300201647861,0.1351382267985712
1,0.0973705001548916,0.0967142224112991,0.0881905741587033,0.0852570020217392,0.0805573097735543,0.0072463768115942,0.0670289855072463,0.0271739130434782,0.1213768115942029,-1.4669895792747103,0.0746429843933475,0.1365867282677095
1,0.0938053353224617,0.0888135939786003,0.0834741392600787,0.0808367404061319,0.0795056940821902,0.0,0.0668789808917197,0.019108280254777,0.1624203821656051,-1.2922058362601492,0.1011849757189177,0.1420225188074722
0,0.0798211022068273,0.0689041320276215,0.0659789363300929,0.0635267219668045,0.060221496489889,0.0,0.0075187969924812,0.0150375939849624,0.0827067669172932,-1.420079074932418,0.0745607549503455,0.1266159742204657
1,0.0953805734250419,0.0870067862944189,0.085585552883085,0.0801231918092241,0.0754529599677459,0.0167064439140811,0.0859188544152744,0.071599045346062,0.3412887828162291,-1.402005142895751,0.0715096210985749,0.1297592386812697
1,0.0918524777249151,0.0885029007197606,0.0837020634064555,0.079186232718672,0.0749191598857451,0.0016207455429497,0.0648298217179902,0.0210696920583468,0.0907617504051863,-1.1702099914053912,0.0406294461401541,0.1262478595090733
0,0.0805709422213087,0.0688793100841192,0.0679581483322475,0.0654067852308966,0.0677339463635249,0.0232558139534883,0.0,0.0465116279069767,0.0697674418604651,-1.1263069454817027,0.1873073600334173,0.2369937239849771
0,0.0964450168590005,0.0896231616157922,0.0821112654407674,0.0914950733577057,0.0818175456051367,0.0,0.0,0.0,0.0666666666666666,-1.2038651538030998,0.0548227329140042,0.1686846043301553
0,0.0950701347695876,0.0926739004195131,0.0827134841633369,0.0818944457374071,0.0740464643588172,0.0089285714285714,0.0580357142857142,0.0535714285714285,0.1428571428571428,-1.418458201092959,0.0559391270630674,0.1146543297723853
0,0.0828312995494014,0.0744193008661977,0.0760172656583199,0.0695333478409089,0.0736617313028444,0.0,0.0675675675675675,0.0135135135135135,0.081081081081081,-0.98686234903962,0.0503029279988275,0.1274126162808538
1,0.0791260205722325,0.0739742545682486,0.0703357853690639,0.0691403654995867,0.0631488842693015,0.0028011204481792,0.0476190476190476,0.0224089635854341,0.1204481792717086,-1.0314368675237258,0.1053061233451122,0.1387026449555887
0,0.0956037637121457,0.0820458247021595,0.0860245555463453,0.0752955430450962,0.0774247312036367,0.0,0.029126213592233,0.0485436893203883,0.1359223300970873,-1.3253986971696632,0.1298436778664605,0.1300706069696887
1,0.0956546535215722,0.088251579382008,0.0842496208676198,0.0802570167438016,0.0771895176814967,0.0155172413793103,0.0913793103448275,0.0534482758620689,0.1827586206896551,-1.1635828121870404,0.1409456845495728,0.1552415755699921
0,0.0887353618879998,0.0802527216723532,0.0757404291466043,0.0657124942716121,0.0717219758767872,0.0,0.1304347826086956,0.0579710144927536,0.1739130434782608,-0.965228691774254,0.1903873720511955,0.1090509555111565
0,0.0631392691552001,0.0555551758604977,0.0524136464865768,0.0502363179132777,0.0528943056857748,0.0,0.01212789415656,0.0088202866593164,0.0253583241455347,-1.151276980852443,0.1293868420477653,0.143046978153699
0,0.0842291804195788,0.0870242608449075,0.0767548168445055,0.0722687413587096,0.0721320912844643,0.0070796460176991,0.0247787610619469,0.0141592920353982,0.0495575221238938,-0.7322130668681844,0.3253090407295568,0.1359009377206366
0,0.0763526953063205,0.0716302094799562,0.0625384914021357,0.0619522526946825,0.0626964200757597,0.0037664783427495,0.0382925298179535,0.0087884494664155,0.0495919648462021,-0.9484753412373388,0.1122994078585289,0.1574171396753935
1,0.0839300457776002,0.0753454040802718,0.0726081489899356,0.0697824693537093,0.0653509666737927,0.0052083333333333,0.0520833333333333,0.0208333333333333,0.046875,-1.3367618537338408,0.1185814081357904,0.148344476224888
1,0.1069384346269387,0.1006486940509248,0.0922246375363335,0.0886227603922751,0.0909941145095375,0.0834614202274823,0.2297878881032892,0.2596065170611743,0.3816477098063326,-1.2486480659435877,0.1276229157465989,0.196337160841513
0,0.096691510839619,0.092976313706965,0.0869352969050193,0.0828940078619685,0.0804717049970491,0.0132924335378323,0.0766871165644171,0.016359918200409,0.1216768916155419,-1.515249884971262,0.0677033549634376,0.1384986270217993
0,0.0623198071835378,0.0558410429654567,0.0504342516122312,0.0489822090027523,0.0493522155302746,0.00161377084454,0.0320064550833781,0.0034965034965034,0.0408821947283485,-1.1103943768865692,0.1462900308553886,0.1537773261807289
1,0.0866978146789121,0.0824368024781755,0.0813502211039851,0.0763314010629551,0.068513224122758,0.0033670033670033,0.0572390572390572,0.0437710437710437,0.1111111111111111,-1.2756255468197064,0.0973341771587293,0.1278972997308778
1,0.1055135221267404,0.1023066146238424,0.0930264365446027,0.0894803242990265,0.0868606170108582,0.0430434782608695,0.2430434782608695,0.1269565217391304,0.6104347826086957,-1.3423302526548513,0.089057512090127,0.1215024686030683
1,0.0863505075468333,0.0817403076529907,0.08030167208356,0.0780246286708709,0.0663314406081457,0.0,0.0278745644599303,0.0174216027874564,0.0940766550522648,-1.511983430366621,0.0335359062350348,0.0790587108363304
1,0.0955022315646389,0.0962437766591208,0.0858804266987195,0.079621634409961,0.0845790584151435,0.0357142857142857,0.0992063492063492,0.0277777777777777,0.242063492063492,-1.3876192310180495,0.0884715005376165,0.162387053118544
1,0.0954140616571592,0.0871789687870282,0.0819733039222583,0.0813946434044619,0.0805823606385414,0.006514657980456,0.1042345276872964,0.0358306188925081,0.1205211726384364,-1.077400315136244,0.2224498692452044,0.1395920350440795
1,0.0882832715561093,0.0809816171397435,0.0784460773002057,0.0738612332309548,0.0732712297969917,0.006125574272588,0.0306278713629402,0.0153139356814701,0.0872894333843797,-1.3461217312581997,0.1007188846929247,0.1324526306306221
0,0.0872387447380268,0.0900280795011186,0.0791283281311804,0.0784497547747029,0.076886584078041,0.014388489208633,0.0431654676258992,0.0071942446043165,0.1007194244604316,-1.789922818478938,0.0016971648097036,0.1481470368944818
0,0.092278107832346,0.0809333397409368,0.0808497189593486,0.0738804722761452,0.0776695004225198,0.0129581636430951,0.0710847834135505,0.0681229174379859,0.1699370603480192,-1.513675855624117,0.0601926890833707,0.1307988264603703
1,0.0933145138019492,0.0894908111510383,0.0838999341281433,0.080022464261889,0.0772211777690031,0.0122950819672131,0.0423497267759562,0.0382513661202185,0.1407103825136612,-1.1801474359864867,0.1344076540270284,0.1596210985219389
1,0.088356409889614,0.0722119030241809,0.0696441438789021,0.0679082265803703,0.0683580586138155,0.0113636363636363,0.1098484848484848,0.0113636363636363,0.0795454545454545,-1.04221307239859,0.1460228454889463,0.186906894137826
1,0.0905804255162067,0.0879676692196118,0.0785541315065266,0.0760476013059512,0.0773276491215492,0.0023364485981308,0.0654205607476635,0.0116822429906542,0.1004672897196261,-1.0144043432367094,0.2081304371675998,0.1782592795456616
1,0.1062286439521045,0.1050140381181603,0.0952084690528917,0.095583846170039,0.0870626553492024,0.0368754956383822,0.2470261697065821,0.0499603489294211,0.2252180808881839,-1.4106755722871436,0.0818826390094372,0.1447455239272145
1,0.0733293545791507,0.0664673161826178,0.0618930468389623,0.0614659417095135,0.0612577999789312,0.0071633237822349,0.0281757402101241,0.0124164278892072,0.0448901623686723,-1.0067567201676118,0.1292594455083836,0.1569203292246193
0,0.105326729360071,0.1038469933032884,0.0894467878356446,0.0888967129858725,0.0800005632134199,0.018018018018018,0.063063063063063,0.018018018018018,0.1351351351351351,-1.4656478313166668,0.0641835248975669,0.1444949903821763
0,0.1144721022255827,0.1061190518499663,0.0962224093482292,0.0884091822084885,0.0807748447417126,0.0,0.0681818181818181,0.0227272727272727,0.2045454545454545,-1.7314950231507664,0.009046703078275,0.1076550386067488
1,0.0741478187689336,0.0722235180510925,0.065418064812575,0.0628263234873249,0.061521304762572,0.0044052863436123,0.0440528634361233,0.0242290748898678,0.0748898678414096,-0.9451618504658922,0.2796025120340117,0.1579332967412951
1,0.0753688435645175,0.0699319864367579,0.0620452419343478,0.0609962433870511,0.061097734824578,0.0025125628140703,0.0226130653266331,0.0125628140703517,0.050251256281407,-1.059515723397107,0.2175136215942892,0.1376524038380368
0,0.0854125573649083,0.0806154482076546,0.0803839162741829,0.0749203254825659,0.0684486509317321,0.0,0.0511363636363636,0.0568181818181818,0.1732954545454545,-1.5749656256982512,0.0329767931172456,0.1105326140013636
1,0.09087221242282,0.0792335621061561,0.0785161171441951,0.0735626486363113,0.0741375521604094,0.0071090047393364,0.0624012638230647,0.0284360189573459,0.141390205371248,-1.1929850217911344,0.1108358894873984,0.1453514504852369
1,0.069681080637583,0.0600471686827051,0.0593024402603373,0.0558284853391105,0.051052162194887,0.0,0.0274725274725274,0.0027472527472527,0.0384615384615384,-1.1280871883290111,0.1582632986604391,0.1358923815157642
1,0.0916460298382169,0.0859514465952857,0.0809174338845604,0.0769217022715973,0.0758372838062352,0.0074534161490683,0.0832298136645962,0.0236024844720496,0.1316770186335403,-1.308935588054389,0.1098243779721338,0.1782157295875439
1,0.1118943863947763,0.0969055868827484,0.0877367224899828,0.0817537034884158,0.0923781477408724,0.033003300330033,0.121012101210121,0.1067106710671067,0.3355335533553355,-1.5629711693958372,0.06086719719115,0.1783907031127589
0,0.0966147870157684,0.0906399614363123,0.0823734014551518,0.0837505284495654,0.0771121816310815,0.0248962655601659,0.0539419087136929,0.0456431535269709,0.1825726141078838,-1.7252540506311849,0.0514038689650227,0.142823754720756
0,0.0766183470524265,0.0684972928967059,0.0652534239443141,0.0630639051546698,0.0629548489000203,0.007380073800738,0.0239852398523985,0.0166051660516605,0.0608856088560885,-1.336596360062377,0.0405818513141256,0.1053600680020581
1,0.1031928760629789,0.0917371429799901,0.0861120789816503,0.0810003139439231,0.0840862640051215,0.0355795148247978,0.1469002695417789,0.1318059299191374,0.2692722371967655,-0.9779886625872736,0.2096643862283502,0.1807487063170156
0,0.0957203102307001,0.0847016924092244,0.0797426100974116,0.0792035557349733,0.0778114731646484,0.0098674936566112,0.0408796165773893,0.0219904144347335,0.0685085988159007,-1.7219932381693743,0.0397574370139946,0.1550982418840158
1,0.1026001371405557,0.0979509836010807,0.0939225795143377,0.0885916953381689,0.0900028404335849,0.0408472012102874,0.1664145234493192,0.1679273827534039,0.3086232980332829,-1.1689374710732114,0.0758083936978933,0.2073872069999452
1,0.0888221894015156,0.0777280598989713,0.0717818893324668,0.068438502758491,0.0733050886273684,0.0077220077220077,0.0422136422136422,0.0154440154440154,0.0658944658944658,-1.3985735235306318,0.1079680576939414,0.1665798942839132
1,0.0856069291711016,0.0802069182534006,0.0800777636356421,0.0766614942715786,0.0661076844096588,0.0048309178743961,0.0628019323671497,0.0144927536231884,0.1690821256038647,-1.209122733449216,0.1048137685258017,0.1384657227709969
1,0.0851875901698383,0.0740112431107244,0.0682425033815506,0.0652011182277431,0.0663772453796176,0.0094212651413189,0.0659488559892328,0.0296096904441453,0.0969044414535666,-1.1959364126673302,0.1375962145488352,0.1538123935910467
0,0.0950718404312364,0.0941654746228342,0.1005270216034475,0.0879972352340878,0.0861302363023097,0.0,0.2727272727272727,0.3636363636363636,0.5454545454545454,-1.4776231194548024,0.0988588144528738,0.1828757478557907
0,0.0916630552756631,0.08278884756845,0.0817003753036738,0.0750584975948918,0.0736653373083633,0.0040849673202614,0.0735294117647058,0.0947712418300653,0.1895424836601307,-1.393605438635604,0.062963923118352,0.1265313392680577
1,0.1027098600562574,0.0924385091432516,0.0884355508502649,0.0852390748369954,0.0818104404414936,0.0073008849557522,0.061504424778761,0.0444690265486725,0.1860619469026548,-1.4476530064776854,0.1103331259104519,0.1186530182930564
1,0.0998583051120417,0.0939892556506997,0.0843880494876409,0.0840778673557733,0.0797502117282547,0.0173805090006207,0.058348851644941,0.0304158907510862,0.1471135940409683,-1.1761356440065502,0.1464782636399567,0.1508060587029953
0,0.0898518688819325,0.0900411618965418,0.0812584861851386,0.0781480482733579,0.0764661219488058,0.008617312965139,0.1848805327066196,0.045436741088915,0.1966314140227183,-1.0261228783491474,0.0328243296704887,0.0955928086515509
0,0.1005394872740537,0.1029619774173251,0.0861988564671659,0.0901158720394092,0.0843656307244209,0.1304347826086956,0.391304347826087,0.0869565217391304,0.4782608695652174,-1.4483731825167991,0.0648110129089009,0.1451238863881144
1,0.1022955836310371,0.094116021066731,0.0880185115305765,0.084668956680154,0.081757608708757,0.0104529616724738,0.0557491289198606,0.0278745644599303,0.1637630662020905,-1.3290750481975977,0.1091310390958366,0.1465097944387196
1,0.0815802367452086,0.0790531985730772,0.0733278080896701,0.0703891999151007,0.0678308687768033,0.0047961630695443,0.0431654676258992,0.0191846522781774,0.0911270983213429,-1.241648322900614,0.1046905179655593,0.1544180052706938
1,0.0710260836342848,0.066022628227071,0.0642905493928145,0.0633743255038,0.0594171615776429,0.0042553191489361,0.0978723404255319,0.0,0.0574468085106383,-1.1370838901853957,0.097142575920117,0.1524295566975229
1,0.0869639630260469,0.0690680560387113,0.070073623667014,0.0696402842493069,0.0681366988617444,0.0054945054945054,0.0164835164835164,0.0109890109890109,0.0384615384615384,-1.3211384732558846,0.1071899752700501,0.1522055697639356
1,0.0954820203014079,0.0915133536505427,0.0841185177604032,0.079413451952827,0.0804268288383747,0.0086206896551724,0.1767241379310344,0.1163793103448275,0.2068965517241379,-1.456824776409594,0.074553039001702,0.1488442616711235
0,0.0963353596874175,0.0924035186235519,0.0839709683093383,0.0850202907345964,0.0824741071746243,0.0070175438596491,0.0210526315789473,0.0140350877192982,0.1052631578947368,-1.3077729840305403,0.0811999384912682,0.0907010326769421
1,0.0858433842829293,0.0823439959648059,0.0748766194020784,0.0732758245822213,0.0703474533579126,0.00920245398773,0.0521472392638036,0.0260736196319018,0.1288343558282208,-1.2793079471045368,0.1091486488193382,0.1697078607107828
1,0.0718757935275827,0.0673118104662376,0.0628862677090233,0.0637366890017327,0.0575082507617248,0.0,0.0120481927710843,0.0,0.108433734939759,-1.304278437440915,0.085680375162423,0.1215878033823962
1,0.0944772735625397,0.0913047485934572,0.0797321860705564,0.0771609793800303,0.0802893711990131,0.0056377730796335,0.0570824524312896,0.0077519379844961,0.0662438336856941,-0.9200027781041328,0.2198188155336529,0.2195904750317555
1,0.0840784224647638,0.0759060732026375,0.0727358178979535,0.070176130752648,0.0681939473957668,0.0067055393586005,0.0559766763848396,0.0434402332361516,0.0690962099125364,-1.1269099436154533,0.1449362822216309,0.1559635579720516
1,0.0736550094072192,0.0663389142407579,0.0621977136009395,0.0621808654514089,0.0581066556413273,0.0056925996204933,0.0721062618595825,0.0113851992409867,0.1005692599620493,-1.1249750989481355,0.1375137164144668,0.1341318621317678
1,0.080598570962066,0.0701266746830034,0.0677155663808028,0.065261221154597,0.0669351906567499,0.0,0.0495867768595041,0.0137741046831955,0.0495867768595041,-1.0136126781552963,0.1818894097395907,0.1697445059168464
1,0.1251442028546446,0.1182315780584352,0.1124390485295534,0.10081999622973,0.1160663383892518,0.0,0.1176470588235294,0.1029411764705882,0.3382352941176471,-1.2537082361152163,0.11019254164901,0.2161342678951495
1,0.0953933436837632,0.0877926669194659,0.0833966506928998,0.0831146531582236,0.0787429283226292,0.013126491646778,0.0668257756563245,0.0298329355608591,0.162291169451074,-1.2252364926859307,0.1373739310469529,0.136171011829248
1,0.0753730628783085,0.0652511491136798,0.0624360011336711,0.0603017970918984,0.0598805092824903,0.002537151141718,0.0181225081551286,0.0061616527727437,0.0489307720188474,-1.125143471693007,0.1169036508867584,0.1363441866692033
1,0.0828750891093117,0.0772321653567795,0.0715390344933687,0.0691695340839455,0.0651219340911993,0.003088803088803,0.0386100386100386,0.0108108108108108,0.0671814671814671,-1.0906429888428115,0.18189124481429,0.1570481329680997
1,0.0706046325045591,0.0662589906847154,0.062333617000188,0.0618042010774419,0.0594687818792997,0.0014064697609001,0.0210970464135021,0.0154711673699015,0.0281293952180028,-1.074603537180854,0.157493224085655,0.1530034912929093
1,0.0648956732862938,0.0655871934805009,0.0657286532493287,0.0686550458436683,0.0586807756581669,0.0013192612137203,0.025065963060686,0.0092348284960422,0.0290237467018469,-1.2196401222279794,0.122893667054296,0.1107753069441985
1,0.0727650270299041,0.0647974649614939,0.0630631387133476,0.0608622483208066,0.059560222537632,0.0041088854648176,0.03954802259887,0.0061633281972265,0.0529019003595274,-0.9582624065916712,0.1679029711140466,0.1640427907411768
0,0.0827220115188082,0.0810448636817669,0.0735466289488059,0.0711183846459796,0.0695560804864838,0.0028571428571428,0.0537142857142857,0.0095238095238095,0.052,-1.2252101495262315,0.1195245475704861,0.1583352019438586
1,0.0967829737258756,0.0909868753658378,0.0865748488722024,0.0826354285879158,0.0859816963313496,0.0509259259259259,0.2731481481481481,0.1157407407407407,0.199074074074074,-1.2419709757132973,0.0915817860306158,0.1961500443685317
1,0.0955366390473602,0.0947843124937414,0.0884171032583005,0.0854269368041213,0.0828579889728815,0.0100671140939597,0.1157718120805369,0.0369127516778523,0.2147651006711409,-1.2684395833172353,0.0974684297501414,0.1553863309577634
0,0.07685647263917,0.0711678724515478,0.0715625623136896,0.072207105672942,0.0585487691608687,0.007531380753138,0.0288702928870292,0.009623430962343,0.0765690376569037,-1.3945056466881738,0.114368018582339,0.1249721699665872
1,0.0982590139076444,0.0888320027790709,0.0820960339197958,0.0794198139165533,0.0810202274266485,0.016826923076923,0.0901442307692307,0.0360576923076923,0.1213942307692307,-1.0747827350482644,0.2252176132863296,0.1721041317057143
1,0.0679447333702903,0.0657952773835111,0.0617169754383196,0.0605592128436266,0.0580526542440891,0.0,0.0259319286871961,0.0048622366288492,0.0421393841166936,-1.0697909369871774,0.1540170560571462,0.159673661348276
1,0.1033183226201537,0.1091608405778088,0.100325622923179,0.09740105546756,0.0915888746745225,0.0324074074074074,0.0707070707070707,0.0547138047138047,0.2462121212121212,-1.1382915930907878,0.157616343290162,0.1750622725749307
1,0.0923200367914392,0.0883246782445245,0.0808096949943867,0.0777897728684543,0.076100599514859,0.0136339800734137,0.0880964866282118,0.0225485055060304,0.112742527530152,-1.1270593262429651,0.1366080751574589,0.1798692059146692
1,0.0696073138505234,0.0605106718431055,0.0562768819832176,0.0562384700989139,0.0576179720332164,0.004470230169298,0.0232071523682708,0.005611565531672,0.0250142666920296,-1.0841626705109826,0.1513806923460127,0.1402139141584239
1,0.0867667816688557,0.0811828911447452,0.076807722612793,0.0723898933311956,0.0711645808504702,0.0117647058823529,0.0470588235294117,0.0294117647058823,0.1294117647058823,-1.26135830853897,0.1901420259595527,0.1452638672644748
1,0.0712937504997061,0.0702428124184627,0.0617658398526997,0.0606413822274115,0.0592181539520012,0.0010649627263045,0.0399361022364217,0.003727369542066,0.0330138445154419,-1.291514628106329,0.0783297302940513,0.142346422227949
1,0.0903176560660726,0.0887686232069765,0.0768864264865007,0.0770143179753954,0.0746313822370155,0.0048309178743961,0.0579710144927536,0.0193236714975845,0.0917874396135265,-1.0112271781124205,0.2322978965218621,0.1291970176745706
1,0.1033152915559141,0.0964875107999159,0.0907310111177209,0.0858335141221457,0.0820619818462785,0.0297029702970297,0.1476897689768977,0.0952970297029703,0.3708745874587458,-1.2711289573187354,0.1212132173906991,0.1191267427799815
1,0.0943094382507295,0.081080654679547,0.0773419208823238,0.0720062237619582,0.0745939890874718,0.0152838427947598,0.0556768558951965,0.0283842794759825,0.0873362445414847,-1.1523265915022587,0.1412915515929215,0.1487365103491853
1,0.0574333640639334,0.0548912994732977,0.0494539179482453,0.0476535686490352,0.0485429755958849,0.0034448818897637,0.0221456692913385,0.0132874015748031,0.0433070866141732,-1.2031125623546437,0.1021903172281883,0.1820569109996995
1,0.066176557217312,0.0632996890423829,0.0571952279500843,0.0543200791737382,0.056096532554663,0.0034305317324185,0.039451114922813,0.0085763293310463,0.0617495711835334,-1.0309308599303,0.1321572902645448,0.1306238670587958
1,0.0989735246568938,0.0981452421220932,0.0890056764150172,0.0849234257566675,0.085658156145875,0.0147904683648315,0.0887428101889893,0.0394412489728841,0.1084634346754313,-1.3072867229473093,0.1112524328081011,0.1635157547990657
0,0.0976529543841819,0.0977581438506865,0.1046166465124742,0.1082783861238924,0.0944282253962882,0.0,0.0,0.0,0.0,-1.1007730041737995,0.1781323742226975,0.1538174212857904
1,0.096764019469068,0.0915137105179552,0.0838737474250976,0.0808491499753596,0.0822346865431405,0.0109338591145366,0.1120272450259903,0.0284997311346119,0.1571966302204696,-1.3997055504863052,0.1007306741732191,0.1169013477473281
1,0.0951170225976316,0.0895295154059501,0.0828702014316886,0.0779252670330658,0.0817737223278578,0.0067720090293453,0.0948081264108352,0.0285929270127915,0.0955605718585402,-1.4129544292775342,0.1187285755428523,0.165121571289844
1,0.0902265264808456,0.0874043154272184,0.0798234138312243,0.0756450830538046,0.0742196316332589,0.0042330677290836,0.0463147410358565,0.0124501992031872,0.0971115537848605,-0.9210423658020924,0.2342429013265248,0.0993821340367696
1,0.0747172012649882,0.0662656125563986,0.0622612730761829,0.0616949761591862,0.0601221219920237,0.0020703933747412,0.0200138026224982,0.010351966873706,0.0296756383712905,-1.1142998308983327,0.166839719890284,0.1827978617493044
1,0.0987036009794446,0.0986891914838467,0.0917207681216723,0.0887803060319597,0.0824178867299906,0.063386086383119,0.2182657434882954,0.1088855918232772,0.4643916913946587,-1.4870561960493691,0.0744086904741782,0.1617113199455973
1,0.0848425626927142,0.0815313008150309,0.0733764320626336,0.0720359545193783,0.0704108942030515,0.0116009280742459,0.0487238979118329,0.0464037122969837,0.0719257540603248,-1.138030065902349,0.1524760638857726,0.1668086591781889
1,0.0902118099060646,0.0841170262545983,0.0790280219759705,0.0754023936487259,0.0761875185156615,0.0138029509757258,0.0978105663969538,0.0547358400761542,0.1549262256068538,-1.2141688365849368,0.1209476707528591,0.1324562435970637
1,0.0924779475877524,0.0847996211287986,0.0772974324400689,0.0743085543311031,0.0764116446261995,0.0070422535211267,0.0704225352112676,0.0246478873239436,0.1478873239436619,-1.33173662085089,0.0475858684095572,0.1596474707007343
1,0.1016298610925234,0.098274615323496,0.0923803109941224,0.0896872595326468,0.086828381126908,0.014636696288552,0.0904338734971249,0.032932566649242,0.0972294824882383,-1.3913044551333107,0.0995476463254288,0.1691213830231083
1,0.0804901218836881,0.0792014160961892,0.0712026239688587,0.0702190036753931,0.071192942177016,0.0099833610648918,0.0590682196339434,0.0083194675540765,0.0856905158069883,-1.241449356391372,0.117209088110703,0.1627280808875189
1,0.0684517252814761,0.0638865772214695,0.059859785289121,0.0590152836604838,0.0554375001726918,0.0054553084347461,0.0457406630297943,0.0167855644146034,0.0507763323541754,-1.1709578504310223,0.1117990894371992,0.1649041367198531
0,0.0886319630195085,0.084913914316041,0.0753183866332227,0.0738772316285898,0.0714272599304286,0.0141732283464566,0.0677165354330708,0.0236220472440944,0.0866141732283464,-1.262093643781053,0.1073736632168309,0.1247694318886244
1,0.0869769719674148,0.0771224352293442,0.0721734495942275,0.0691013563949273,0.0714231456973843,0.0084406294706723,0.0469241773962804,0.0230329041487839,0.0801144492131616,-1.1735172501778122,0.1389624276378321,0.124713491849973
1,0.0743957588854917,0.0672046492205454,0.0642135035447158,0.0603092127510948,0.0602397442438757,0.0054434537775692,0.0516189582355701,0.0425152510558423,0.208916001877053,-1.4221518393404844,0.0220505510064308,0.1579131294314616
1,0.0727041974796105,0.0688086658757197,0.0628268256958978,0.0599717374254908,0.0602802903091162,0.0054860036573357,0.031650021100014,0.0195526797017864,0.0668167112111408,-1.0342131089868305,0.1399055388868364,0.1145294948991458
1,0.0882781813039839,0.0801864754010612,0.0757972583919709,0.0737657656693111,0.073802856878303,0.0111756817165847,0.0415735359856951,0.0303978542691104,0.0768886902101028,-1.1746144648679095,0.124228675831636,0.205979490103143
1,0.0904803219737666,0.0836109295175269,0.07932825618282,0.0747767625108298,0.078022541603137,0.0224839400428265,0.1059957173447537,0.0471092077087794,0.15203426124197,-1.2828441566755524,0.1034533256000929,0.1897177563613907
1,0.1053220458351498,0.0973121006415314,0.0910286182547401,0.086310095110792,0.0843793703448079,0.0263929618768328,0.1788856304985337,0.1348973607038123,0.3958944281524926,-1.5133317119460634,0.0814075802916622,0.1349776948688673
0,0.0735680582880349,0.0709089826950673,0.0649281325487168,0.06487778234562,0.0643245691542265,0.0026385224274406,0.0131926121372031,0.0105540897097625,0.0474934036939313,-1.5097466948015532,0.052418068168082,0.1155014875823605
1,0.0806608438636375,0.0751412544976612,0.0686224398078755,0.0657658894122085,0.0674429508387792,0.0023852116875372,0.0336911150864639,0.0110316040548598,0.0524746571258199,-1.237247424925487,0.1210498083219537,0.1497138646194911
1,0.0956795487069052,0.091280458248117,0.0796899406430157,0.0821553803725414,0.0780213986357687,0.0196078431372549,0.1260504201680672,0.0238095238095238,0.1302521008403361,-0.9570873127351428,0.1972062689012862,0.1696708069767599
0,0.108759388626206,0.0939645480727052,0.0873468544861845,0.0840107253510582,0.0865269143013885,0.0217391304347826,0.108695652173913,0.0217391304347826,0.1521739130434782,-1.0216451290630073,0.2098983641985784,0.1277407983250688
1,0.0817997006708241,0.0780318340743309,0.0725657046921402,0.0681229903574674,0.067915638594247,0.0024549918166939,0.025368248772504,0.0069558101472995,0.0666939443535188,-0.9518256269026876,0.1846559498233294,0.1697022699689306
1,0.0792996861973985,0.0725351267394693,0.0718495484555007,0.0678677878920931,0.0648204018862079,0.007081038552321,0.028324154209284,0.025177025963808,0.0991345397324941,-1.4371299772043755,0.0413073865440265,0.1004629545337898
1,0.0775963039120634,0.0744876284707135,0.0715344242892564,0.0674887670879997,0.0650018729334625,0.0047896709704289,0.0439400249895876,0.0139525197834235,0.0562265722615576,-1.1191678039336166,0.1326228769309187,0.1405373689388084
1,0.0903333103604435,0.0854276140775849,0.0768782349685279,0.0738548110947666,0.0773612007722178,0.0104031209362808,0.0585175552665799,0.0195058517555266,0.0624187256176853,-0.8547750670030981,0.1446417276432705,0.2473369131851665
1,0.0881341079549729,0.087109623127075,0.0784794376167042,0.0728684718163854,0.0732725894531034,0.0,0.0521327014218009,0.0142180094786729,0.1279620853080568,-1.4353514571036836,0.097863257588871,0.1354263672365551
1,0.0893461734585094,0.0790444359646641,0.0753354348430193,0.0725896371063447,0.069564117161414,0.0024539877300613,0.0576687116564417,0.012883435582822,0.0926380368098159,-1.1327440335237795,0.1423154628378386,0.1325526113472815
0,0.1091120839132516,0.0904982316910166,0.0854502794572191,0.0801991165241425,0.0875328800423602,0.0263157894736842,0.1513157894736842,0.1052631578947368,0.3092105263157895,-1.2454983801083384,0.1088590850748654,0.1369604564864881
1,0.0965851237066243,0.0896555463017126,0.0839149381726587,0.0836144358525951,0.0783894810367615,0.0093545369504209,0.0767072029934518,0.0215154349859681,0.0916744621141253,-1.1614806704938834,0.1233540880146022,0.1438651942584106
1,0.0903774782540423,0.0855406868862279,0.0768110859873295,0.0729673330876261,0.0729036990832005,0.0034453057708871,0.0404823428079242,0.0198105081826012,0.0895779500430663,-0.8278433411340144,0.2919060484780149,0.1759398242043197
1,0.106754127744759,0.0982266290478815,0.0917871144508522,0.0861242509104134,0.0885143973460768,0.0353089533417402,0.2156368221941992,0.0807061790668348,0.3026481715006305,-1.6220719582070593,0.0411430294688564,0.1889067713301987
1,0.0863190952194642,0.0806548596190704,0.0739394752810073,0.0714047263464495,0.0707787876309662,0.0064889918887601,0.0509849362688296,0.0171494785631517,0.0711471610660486,-1.2447494344283854,0.1319875351812189,0.1639225927504757
1,0.0967855088558796,0.0868642127272775,0.080698274471066,0.0794826115626806,0.0760723386072807,0.0137352155665776,0.1056848531095002,0.0305227012590614,0.1194200686760778,-1.2256854522152227,0.0977783089110536,0.1558494174389465
1,0.0951638377733203,0.0911404284892512,0.0832819312696164,0.0807455144752299,0.0783768263321495,0.0086476098967091,0.0766274321402834,0.0112899351429257,0.0958443430218592,-1.145004523351498,0.1719250910928617,0.154388348100551
1,0.0961795536843506,0.0872961263223086,0.0765477262835046,0.0749577262252912,0.0762902072147545,0.0040941658137154,0.0337768679631525,0.014329580348004,0.0583418628454452,-1.4071229842925503,0.1408465129741451,0.1431008710357138
1,0.0919602908466328,0.0872289496223488,0.0816499599873533,0.0771227851907086,0.0788808612183669,0.0148681055155875,0.0820143884892086,0.0206235011990407,0.1227817745803357,-1.3013357986993546,0.1038737143125266,0.2482396842778772
0,0.1000329038813446,0.1073203831171203,0.0822799925927161,0.0858611274434811,0.081521744634225,0.0,0.0833333333333333,0.0833333333333333,0.5,-1.2918545532501635,0.0701508208542536,0.0821322615881518
1,0.1017084226831702,0.0910168989430479,0.0872620619286768,0.0832767224326021,0.0827532162231435,0.0204654895666131,0.0782504012841091,0.0513643659711075,0.1500802568218298,-1.394752688796067,0.1166311387924122,0.1308248065441769
1,0.0858072775214866,0.0749238735375205,0.0703169992863706,0.0675597851650868,0.0671653164193527,0.0033741037536904,0.0577815267819485,0.012652889076339,0.0527203711514129,-1.0690564109029688,0.1445989589354919,0.1664429151455123
0,0.085384635557179,0.078696531443123,0.0740513726682844,0.0724287628532206,0.0721457022492401,0.007730826671352,0.043485900026355,0.016428006676623,0.0650970745849073,-1.2293861833639874,0.1104919116228995,0.1371551677625982
1,0.0777899252901323,0.0795452835664135,0.0718577501658935,0.0689356793194711,0.0667272880307394,0.0033610755441741,0.0456145966709347,0.0129641485275288,0.0587387964148527,-1.3319929295489947,0.1209210864464291,0.1238757114307135
1,0.0842245208973408,0.0814398614168228,0.0781227841755215,0.0725319554857978,0.0684441449031987,0.0055282555282555,0.0485257985257985,0.0202702702702702,0.132063882063882,-0.8250608834661346,0.1278144490708352,0.1318090434732591
1,0.1038489237370502,0.0958978861207468,0.0887740206522922,0.0883347024077472,0.0832013009350764,0.0079695079695079,0.1091476091476091,0.0204435204435204,0.1032571032571032,-1.0273470317572506,0.1605783394204962,0.1846034721012348
1,0.0765663949992634,0.0704896126431075,0.0663238601773911,0.0658829552762531,0.0627350690495474,0.0043103448275862,0.021551724137931,0.0043103448275862,0.0603448275862069,-1.2263303321040122,0.1227934015130675,0.1564708546088793
1,0.0913147725702334,0.0882970153804333,0.0798094893590634,0.0769191469305001,0.0763964364231,0.0038688282977155,0.0718496683861459,0.0138172439204126,0.0976418570375829,-1.3410588691115009,0.0478928312907815,0.1277175326001439
1,0.0740239129167747,0.0684645619298778,0.0624129921271318,0.0602586465647614,0.0615405201522041,0.0033983775487831,0.0340934005700504,0.0103047577285682,0.0515237886428414,-1.0162577137808886,0.0682166067896547,0.1468015254843706
1,0.0528434808824814,0.0505826871071297,0.0472164256242487,0.0471908205445837,0.0452304497888935,0.0,0.0208333333333333,0.0011574074074074,0.0219907407407407,-0.8726191658983891,0.1593323099386058,0.1906816191423521
1,0.0831370391612355,0.0818744325564179,0.0760304114132587,0.0754469631106777,0.0723087239088365,0.0305899490167516,0.1857246904588492,0.0444282592862345,0.1973780043699927,-1.4518520412955664,0.0537284692666963,0.1490079508177324
1,0.0983802688224632,0.0909378200977165,0.0852725924410362,0.0825761857909355,0.0803252206923864,0.007366482504604,0.1215469613259668,0.0497237569060773,0.1860036832412523,-0.964186505738194,0.171433702032784,0.1627122983208007
0,0.0715970071879502,0.0660910174825553,0.065010331979178,0.0696066569389174,0.0748711292989107,0.0,0.0,0.0,0.0,-1.0730551052186463,0.1380722171415562,0.1181915991826586
1,0.0998591480975445,0.0921030788686525,0.0864073513528917,0.0828978758518556,0.081007254843051,0.007396449704142,0.0458579881656804,0.0162721893491124,0.0902366863905325,-1.34068673430391,0.0902553419393786,0.2482352344213298
0,0.0867744123045174,0.0811315651186737,0.0763018789169321,0.0715180338598695,0.073295446855159,0.0076687116564417,0.0926818580192813,0.023225241016652,0.0898334794040315,-0.7668481103457306,0.0784552727073671,0.1532053524270716
1,0.0873675607440079,0.083658556585182,0.0770784185790067,0.0743330362316793,0.0721608785940809,0.0060105184072126,0.0736288504883546,0.0262960180315552,0.1021788129226145,-1.1286753495988655,0.1410158826789119,0.1659039994702132
1,0.0917419315909309,0.0745526911566557,0.0755117944087542,0.0702708647254415,0.0722557093124428,0.0103092783505154,0.0309278350515463,0.0126002290950744,0.0675830469644902,-1.035646307624685,0.1885969173515608,0.1904414782946805
1,0.0732249753649342,0.06561013988517,0.0593962225502496,0.0582888696642039,0.0587727877280394,0.0068965517241379,0.0494252873563218,0.0183908045977011,0.0471264367816091,-1.3781773820929606,0.0665688310071433,0.1346461243595068
1,0.1078214869056429,0.0978332343868684,0.0886241870291826,0.0868523338247631,0.0889540280599273,0.0073529411764705,0.0416666666666666,0.0318627450980392,0.142156862745098,-1.439810249971743,0.0765328609071695,0.1435340386731116
1,0.1069669318423338,0.103513675047945,0.093451248863533,0.0912189486747488,0.0871252621077312,0.0217903415783274,0.1360424028268551,0.0488810365135453,0.1648998822143698,-1.2633636795546688,0.1470585889170342,0.1630506341034705
1,0.0698989817887942,0.0631634235002539,0.0612350668424068,0.0577191782283505,0.0574172082877077,0.0063391442155309,0.0221870047543581,0.0158478605388272,0.0538827258320126,-1.202046285835978,0.1161317071029623,0.1301685208098159
0,0.0976324460908647,0.0904713240344647,0.0867640825953673,0.0811026369508272,0.0765183380968222,0.0236686390532544,0.0414201183431952,0.0414201183431952,0.0650887573964497,-1.2287961478492613,0.1175844562352251,0.1093732079666377
0,0.0822161268548461,0.0732878608469947,0.0756915362488549,0.074000650149339,0.0649262959584203,0.017094017094017,0.0085470085470085,0.0427350427350427,0.0598290598290598,-1.3066876318041225,0.1595626526620488,0.1259945088205138
1,0.082145308817577,0.0874178609167322,0.0812315427237209,0.0745214359566179,0.0878843494200841,0.0,0.1428571428571428,0.0,0.0,-1.5211688473005918,0.0656647211577887,0.15803059535559
1,0.0685228818116068,0.0609178702432347,0.0577537541355355,0.0576825434091526,0.0569807860260258,0.0006218905472636,0.0211442786069651,0.003731343283582,0.0254975124378109,-1.3511228903622043,0.0693831725697628,0.1539852942078988
1,0.0940344771162403,0.088430557159965,0.0828697905914603,0.0799079925365222,0.0787190751751736,0.005938242280285,0.0384006334125099,0.013064133016627,0.0799683293745051,-1.2231648091365477,0.1207556673350695,0.1612373780003556
1,0.0918629788224247,0.083773098277065,0.0758551162002414,0.0727350863444871,0.0756153190019812,0.0061425061425061,0.0681818181818181,0.0104422604422604,0.0761670761670761,-1.1631325232567742,0.1479136293615798,0.1519597585865424
1,0.0840892804274028,0.0812373629072411,0.0724659052615787,0.0704085655462497,0.0717322494775346,0.0074626865671641,0.0111940298507462,0.0559701492537313,0.0746268656716417,-1.312661353591267,0.1290682194533187,0.1871519310764351
1,0.0978664412432,0.091273546431908,0.0873477467409464,0.0832958701659805,0.0814313403884364,0.0273843248347497,0.141643059490085,0.0783758262511803,0.1586402266288951,-1.2476274732625432,0.1019145626485489,0.1353793850607429
1,0.0889753611212673,0.0864322024130053,0.0810618561607398,0.0792289870460813,0.0708488334606289,0.0108108108108108,0.0702702702702702,0.027027027027027,0.1891891891891892,-1.5568688099074623,0.0460699330960275,0.1107798281422861
0,0.1097265309341352,0.1034074557069073,0.0953259277841317,0.0950495137316786,0.0915112149257811,0.0567282321899736,0.1932717678100264,0.0811345646437994,0.3238786279683377,-1.2043060086303192,0.0916307992999805,0.1599625363600932
1,0.1005211983934076,0.0955096123557933,0.0837234972062918,0.0814813311788658,0.0810500712755094,0.015541165587419,0.0634597594819611,0.0271970397779833,0.1363552266419981,-1.286100237960483,0.0928992539086357,0.1279092761540134
1,0.0916903706677411,0.0870243128468652,0.08113445929871,0.0784020973763976,0.0762723388532609,0.0116009280742459,0.1015081206496519,0.0266821345707656,0.0904872389791183,-1.228894649428539,0.0995945853168206,0.169077086543114
1,0.0658275076705695,0.0585246583636196,0.0567922672542549,0.0531122051782705,0.0525474711599531,0.0,0.0200250312891113,0.0056320400500625,0.0344180225281602,-1.139460803535744,0.1396410915739825,0.16146404628858
1,0.0812993497780132,0.0748181780155014,0.0686564421663624,0.0667865436876037,0.0653720815026743,0.0033490937746256,0.030929866036249,0.0131993695823483,0.0585106382978723,-1.018717806844643,0.172643473154298,0.1520380176696316
1,0.0856151177685099,0.0887567755919427,0.0821847261121099,0.078911016066566,0.0695666545385318,0.0192307692307692,0.0,0.0,0.0673076923076923,-1.1383387862451684,0.1720619142420957,0.1178129942180932
1,0.0846144185195301,0.0805560931317747,0.0764364182998963,0.0709410305682389,0.0704147151670586,0.0083207261724659,0.0612708018154311,0.0234493192133131,0.105143721633888,-1.1907776608504876,0.1190364044720228,0.1435695505667681
1,0.0928842047266229,0.0861465547435478,0.0833272367800264,0.0805822335110194,0.0778795394062143,0.0122878876535985,0.1234640140433001,0.0450555880631948,0.1416032767700409,-0.905247640503444,0.1163785928459573,0.1341090457061432
1,0.0910569289045586,0.0859113877958735,0.0806701157691522,0.0773055307867003,0.0738886862186484,0.0102448775612193,0.0757121439280359,0.0242378810594702,0.1455522238880559,-1.086814473218798,0.116977919853026,0.1513161949199564
1,0.0975690909951138,0.0950158305283133,0.084930111553167,0.0848768765850138,0.0760542745006779,0.0069930069930069,0.0815850815850815,0.0442890442890442,0.2517482517482518,-0.9377357364877106,0.2083258903193827,0.1048008967012352
1,0.0832983660129454,0.0757867509429201,0.0711836244993496,0.0695717906657377,0.0652858679567793,0.0048387096774193,0.0330645161290322,0.021774193548387,0.075,-1.166989525112376,0.1500737679669203,0.1471933858807989
1,0.091383559099553,0.0821901026340156,0.076655926961185,0.0722887485409527,0.0749176447332144,0.0089358245329,0.0804224207961007,0.0398050365556458,0.1413484971567831,-1.294654151639512,0.1296897422870808,0.1620338678598611
1,0.1023972445227017,0.0931070263763976,0.088869848090164,0.0831330467054704,0.0801631334762402,0.0403225806451612,0.2338709677419354,0.1935483870967742,0.6532258064516129,-1.18218920193847,0.1558289343875066,0.1278994143859206
1,0.0966794818060322,0.0944354794142793,0.0850597534917148,0.082655149217048,0.0840458554679396,0.0066472787702534,0.0373909430826755,0.0141254673867885,0.0868300789364353,-0.7288893103871952,0.3159694408350001,0.137202155389762
1,0.0672774190460528,0.0623760887451418,0.0555024523527474,0.0534886135751455,0.0564261960511295,0.0065543071161048,0.0224719101123595,0.0112359550561797,0.0337078651685393,-1.0788946827079005,0.1568655193675644,0.1485130479368633
1,0.0788352799602691,0.0784774322503375,0.0712221203887331,0.0676421627987089,0.0672063227663753,0.0014880952380952,0.0357142857142857,0.0133928571428571,0.0491071428571428,-1.2488891582690431,0.1335937682957266,0.1781275257538667
1,0.0931198219640102,0.0863325778284857,0.0787862488001987,0.0785935345846578,0.0760262838740484,0.0221445221445221,0.1386946386946387,0.0291375291375291,0.1526806526806526,-1.1263142338786094,0.0950233548299198,0.1648312720494297
1,0.0792105113380408,0.0739035310919431,0.0677559182555301,0.0660775262317824,0.0671360205093806,0.0043777360850531,0.0441942880967271,0.0087554721701063,0.0535751511361267,-1.0242328618536465,0.1783589894514005,0.2818096162102568
1,0.0903225517452074,0.0877293269480434,0.0754354201802973,0.0763226988429439,0.0747961398366558,0.0046271094175285,0.0596080566140446,0.0084376701143168,0.0620577027762656,-0.9679794322031066,0.1803875648299239,0.1512148303359658
1,0.0794961032115233,0.0715252977307942,0.067383837549085,0.0653297260349684,0.0663255188776626,0.0047651463580667,0.0333560245064669,0.0047651463580667,0.0360789652825051,-0.8884221128297881,0.2345557011816408,0.177789813959016
1,0.0763284195568028,0.0687241142537664,0.0650870178714794,0.0617927670045562,0.0618709153776874,0.002254509018036,0.0230460921843687,0.0135270541082164,0.0493486973947895,-1.1991236225516082,0.1409041564150059,0.1505812245494115
1,0.1023056622446028,0.0993172241704854,0.0909211377744473,0.0861500950918197,0.0834253533573223,0.0106382978723404,0.0531914893617021,0.0248226950354609,0.0673758865248227,-1.406682532532802,0.0814722244691789,0.1599301653599785
1,0.0922667684030088,0.0990142255140645,0.0865416881330301,0.0853992397037605,0.0823500571213341,0.0109213105572668,0.052086250350042,0.024362923550826,0.1444973396807617,-1.2386141966640618,0.1561750758721242,0.1542396794295011
1,0.0895500172653564,0.0847619617044272,0.0790918844718734,0.0761622980920253,0.0720297166893384,0.0156599552572706,0.0313199105145413,0.0223713646532438,0.0961968680089485,-1.5143381700137524,0.0779260867441776,0.1237694858481185
1,0.0874426303377726,0.0760914343854157,0.0759567714637433,0.0727019001913204,0.0700041085945652,0.005813953488372,0.0455426356589147,0.0281007751937984,0.1182170542635659,-1.3495299135651893,0.0719494821866213,0.1321629167798838
0,0.0873709953180096,0.0820254305106776,0.0767499819064152,0.0763599723256722,0.0731680644114435,0.0133426966292134,0.0884831460674157,0.0217696629213483,0.1453651685393258,-1.339796425663336,0.0424743059298297,0.1479551426836681
0,0.077358945688808,0.0681067354922212,0.0665467923346851,0.0622727167511283,0.0689019601121564,0.0,0.03125,0.03125,0.03125,-1.2669232273508475,0.1031391625297185,0.141591254423849
1,0.0713404770103783,0.068026797224711,0.0609203731659645,0.0603528459800444,0.0595882677043365,0.0035398230088495,0.0389380530973451,0.0053097345132743,0.0424778761061946,-1.1864507104025337,0.0911109493532041,0.143723643172497
1,0.0886561331732416,0.0816264617865892,0.0752086864886641,0.0767791325462226,0.0759250359087436,0.0053571428571428,0.0232142857142857,0.0214285714285714,0.0642857142857142,-1.1383141559042222,0.1360450110712213,0.1522778301964085
1,0.1035084466350097,0.0999529175121262,0.0883066971428813,0.087680207628645,0.0842883731254566,0.0033167495854063,0.0522388059701492,0.0265339966832504,0.0986733001658374,-1.2671509424597918,0.1591785021777878,0.135689737770362
1,0.104578357286277,0.099539408915651,0.0908889293396042,0.0899155649339064,0.0857286760805715,0.0249307479224376,0.0831024930747922,0.0526315789473684,0.1966759002770083,-0.7821357843156272,0.3113648060946316,0.1890093739782503
1,0.0530755168702458,0.0418754701330585,0.0459797505161692,0.0394201722869791,0.0419948228750002,0.003295978905735,0.025049439683586,0.003955174686882,0.033618984838497,-1.1943210745070565,0.121601696447269,0.1728139208980393
1,0.0870490940406941,0.0789629021313198,0.073757340121099,0.0712212331557758,0.0734825949413932,0.0098765432098765,0.1259259259259259,0.0469135802469135,0.1901234567901234,-0.9166574569017516,0.149900897481193,0.143175256338696
1,0.1030152015374262,0.0973492551680906,0.089950919717555,0.0866831535818879,0.0860197197343823,0.0206185567010309,0.1325478645066274,0.1001472754050073,0.3122238586156112,-1.218919814798157,0.1300792286518076,0.1514406207274924
1,0.091737445902255,0.0914137612691737,0.0820052850806735,0.0773767490448642,0.0801634395824127,0.005054863765257,0.0680557267907779,0.0162741955369251,0.0702749352730859,-1.507986273716602,0.0717944482827193,0.1437565221683459
0,0.1110252547561954,0.105500337280796,0.1004795502797996,0.0911973690072351,0.0917781500372309,0.1306306306306306,0.2612612612612612,0.2522522522522522,0.5315315315315315,-0.9809551445838816,0.1761268537584612,0.1764658927247815
1,0.0937057042256078,0.0863867693532589,0.0807630135978833,0.0757808714008956,0.0763466740441689,0.0061078027179722,0.0578714307527866,0.0224461749885478,0.0943655519926706,-1.2295836994737763,0.1184673543404678,0.1417857754612415
1,0.0998405883727199,0.0959674552495512,0.0855785402109529,0.0832751080287725,0.0883481338302629,0.0138668779714738,0.1109350237717908,0.0257527733755942,0.1854199683042789,-1.3596009687623285,0.0845679575186723,0.2223093166664155
1,0.090560509319133,0.0816244210187954,0.0773063944395157,0.0750097607959623,0.0710338886858311,0.0093713393205778,0.0491995314330339,0.018352206169465,0.0687231550175712,-0.921582898587948,0.2100288517331102,0.1552907727654915
1,0.0916987710808026,0.089442078903987,0.0821823954145513,0.0795450789005059,0.075003703142887,0.0122022080185938,0.0482277745496804,0.0133643230679837,0.0743753631609529,-1.1669918995618536,0.1026550770734033,0.1455279151387309
1,0.0860337610206258,0.0816345821749428,0.0798085560174863,0.0740495156892564,0.074810302752832,0.0061728395061728,0.0524691358024691,0.0246913580246913,0.0848765432098765,-1.0437748161013591,0.1957488576258782,0.1800725674997361
0,0.1008372835842174,0.0919592407680556,0.0852281315713665,0.077365260567552,0.0800154416660494,0.0196078431372549,0.1372549019607843,0.1470588235294117,0.1764705882352941,-1.2122090778346637,0.1524418925985009,0.135001691776654
1,0.0971821814958413,0.0945075669902898,0.0865125419100091,0.0842818322507702,0.0795904118904888,0.0143540669856459,0.0765550239234449,0.0239234449760765,0.0861244019138756,-1.3657511448473616,0.0927446499721477,0.1488122732516859
1,0.0848902392706368,0.0819088864584833,0.0764299642061357,0.0732707234535951,0.0699533930173582,0.0091324200913242,0.0650684931506849,0.0125570776255707,0.1712328767123287,-0.8276586402598342,0.1244158842879493,0.1276784702747103
1,0.0952283854286422,0.0876995163610591,0.0831059035832393,0.0774193005072962,0.0794387426032545,0.0271554650373387,0.1221995926680244,0.0610997963340122,0.2701968771215207,-0.9903722263186128,0.1210435618658644,0.142486352946114
0,0.073572007887455,0.0721836812620816,0.061027465960232,0.0611212088068897,0.0539108647106331,0.0,0.0555555555555555,0.0,0.0555555555555555,-0.7015565462034038,0.3107510450540627,0.1347812951204043
1,0.0924430816621178,0.0860396240969859,0.0800574637104865,0.075617722977953,0.0746733914823687,0.0035087719298245,0.0666666666666666,0.0701754385964912,0.1057644110275689,-1.2144083005043598,0.1592414407166785,0.1569240600502111
1,0.0854285219414486,0.0809338447346295,0.0723596385576178,0.0722035273755266,0.0693287221701914,0.0039215686274509,0.1078431372549019,0.0,0.0686274509803921,-1.2497371927496774,0.044750029556588,0.0982544934122285
1,0.0959550734651984,0.0865521866753491,0.0795733686565867,0.0767640226572993,0.0829498609623655,0.008955223880597,0.0925373134328358,0.0716417910447761,0.1641791044776119,-1.1976289284121149,0.1524428058092773,0.1733561952666777
1,0.0929887443887995,0.0817584180821646,0.0756927071384046,0.0716351012121666,0.0773352847706248,0.0096181871174584,0.0306033226464587,0.0195278344505974,0.1008452346254736,-1.2636629090021578,0.1263253681724039,0.1722377624805566
1,0.0961092529488052,0.0922747539967781,0.0862742307531046,0.0824744074729988,0.0799470986130719,0.0106143454486973,0.0931167577999356,0.0308780958507558,0.1175619170151174,-1.3348740141686286,0.1325769725722014,0.1543032236012144
1,0.1055435455103503,0.0987834913737949,0.0921353351398346,0.0862009457290741,0.0888891090700339,0.0544435548438751,0.2794235388310648,0.3426741393114491,0.5372297838270617,-1.2198514821726396,0.1287880159095083,0.1523394341476493
0,0.0779933043172867,0.0690519588736721,0.0665097414704334,0.0640430384808039,0.0604641330251144,0.0011792452830188,0.017688679245283,0.008254716981132,0.0742924528301886,-1.4519802485330913,0.0733364897115372,0.1180128910425309
1,0.0635864662624388,0.0576777842399408,0.0527131893385093,0.0530435582652069,0.0526765171996496,0.0044858523119392,0.0277777777777777,0.0101794340924775,0.0376121463077984,-1.131931528493095,0.1235080439781057,0.1733996535525505
0,0.086899980236994,0.083605305973109,0.0793008862001275,0.0755924318148579,0.073116767860868,0.0,0.038647342995169,0.0241545893719806,0.0821256038647343,-0.9612017517631296,0.2548604777378765,0.1080374181149076
0,0.1008568297087975,0.098056328170983,0.0865094393244464,0.0810119309095069,0.0927409606545458,0.0147058823529411,0.1176470588235294,0.1029411764705882,0.1470588235294117,-1.0592181212409544,0.2316219707131889,0.267529413685767
1,0.0919639563533251,0.0849402598048871,0.0805744313781975,0.0759866556587909,0.0739191806031324,0.0073313782991202,0.0659824046920821,0.0406891495601173,0.126099706744868,-1.2946404948620036,0.0997796208397729,0.1581596200363438
1,0.0733365885003527,0.0667002609399467,0.0651641066551172,0.0596130038778847,0.0604806326905558,0.0207715133531157,0.0786350148367952,0.0133531157270029,0.0400593471810089,-1.2082851293726888,0.1519068294278125,0.1781539975245374
1,0.0678039659416199,0.0609219542089411,0.058175938975853,0.0550722885827037,0.0564787750214727,0.0065963060686015,0.025065963060686,0.0145118733509234,0.0303430079155672,-1.2357795414969823,0.1304596455089212,0.1522480935302909
1,0.099973285761769,0.090231966313276,0.0848450171502726,0.0831942596660157,0.0834730846678271,0.0311688311688311,0.1142857142857142,0.0467532467532467,0.0727272727272727,-1.32797240504858,0.1112110482922989,0.1815497862872832
1,0.0816535225849744,0.0780126023617497,0.0729179418783526,0.0710473389997837,0.0671418837629714,0.002749518834204,0.0420676381633214,0.0219961506736321,0.0778113830079736,-1.297431391199857,0.1180623803222342,0.1363342284172585
1,0.1041715785300745,0.0949946195008971,0.0869112202482479,0.0869072944763018,0.082906912122947,0.0326086956521739,0.1340579710144927,0.0217391304347826,0.1739130434782608,-1.1685823816296692,0.0999146413703547,0.120451681812108
1,0.0936733548833508,0.0831408141206375,0.0781292780325672,0.0712887727988687,0.0748746249706583,0.0,0.0390625,0.0234375,0.171875,-1.1240754327930955,0.1047157945416177,0.1589702198489945
1,0.0726996438633153,0.0691338292820919,0.0671982234883565,0.0607493627912228,0.0616651147893923,0.0,0.056,0.0,0.072,-1.0730422830211075,0.0842504497427587,0.186865807964739
1,0.0713782071685129,0.0649492723954647,0.0605762869120811,0.059419406423425,0.0585103087197261,0.0026396832380114,0.0334359876814782,0.0094588649362076,0.0343158820941487,-0.9770864757431392,0.1441088801952943,0.1639383703234163
1,0.0999894619284683,0.0985516528127868,0.0888749501065231,0.0867003025375514,0.0829848778371366,0.0169267000294377,0.1073005593170444,0.046806005298793,0.1548425080953782,-1.2677905125353877,0.1219171969596316,0.1459975420389994
1,0.0993042241458619,0.0931042559784816,0.0860890986719131,0.080439503267037,0.0872934954892557,0.0110979929161747,0.0805194805194805,0.0314049586776859,0.1879574970484061,-1.27917909388265,0.0944013443412689,0.1549746537598277
1,0.0859525983203029,0.0860815531255266,0.0769952440528505,0.0818719226556342,0.0667802161526881,0.0,0.0862068965517241,0.0172413793103448,0.0172413793103448,-1.0816544534121364,0.1030971649855889,0.1260292227286442
1,0.101505258810211,0.1012052451187347,0.0939770668875173,0.0937154875834937,0.0828413117005057,0.0160432795448185,0.0365637533812144,0.0253707676522712,0.0731275067624288,-1.5152740368814643,0.0672745647123165,0.1583735803422037
1,0.0737048576822245,0.0664124727024129,0.0664487104545252,0.0640615236023806,0.062373406059166,0.0029154518950437,0.0298833819241982,0.0087463556851311,0.0830903790087463,-1.0604651255683588,0.1407398923062636,0.1680193068137295
1,0.1023483335582862,0.092075398123162,0.0923373002472358,0.0837557212840921,0.0865324410106377,0.0286123032904148,0.2796852646638054,0.2210300429184549,0.4220314735336195,-1.1624295706634364,0.1219195770837519,0.1835240587677975
1,0.0667656632431455,0.0649517219465539,0.0639543278468308,0.0597017345678362,0.0582822334367654,0.016025641025641,0.0512820512820512,0.016025641025641,0.0833333333333333,-1.338845631450859,0.0673062282910026,0.1639246171544836
1,0.073256838215551,0.0668274615286356,0.0642963972139557,0.0611132506191756,0.061620866758341,0.0025031289111389,0.0262828535669586,0.0075093867334167,0.0400500625782227,-1.0108265061724104,0.0654140872320548,0.136377622490192
1,0.0844224988927561,0.0820641793932553,0.0841444554941307,0.0787797674308818,0.0787959299699603,0.0,0.0921985815602836,0.0,0.1276595744680851,-1.493646958250211,0.1008429707148083,0.1616594360781149
1,0.091948888369402,0.0839195167650035,0.0788287950535516,0.0772263936983244,0.0740119402588964,0.0140321914981427,0.0733250791030403,0.0134819094786077,0.0858439950474618,-1.1754749382508662,0.1267242185364104,0.1652328850403226
1,0.0727430470180706,0.070058826611005,0.0662643973325191,0.0657996043578258,0.0598845034275867,0.0,0.0334261838440111,0.0055710306406685,0.0779944289693593,-1.1239991081402727,0.0693149030080329,0.1144181520793977
0,0.0767325547832428,0.0695718419757003,0.0642761343526657,0.0627010591609458,0.0644067004216551,0.0042149631190727,0.053740779768177,0.0200210748155953,0.0958904109589041,-0.998683237955396,0.2193958094376911,0.1257217961149803
1,0.0957963565047926,0.0897701903460382,0.0884807502755976,0.0806719592082424,0.0812882129466482,0.0268485915492957,0.2570422535211267,0.0999119718309859,0.3107394366197183,-1.388742676314766,0.0782563547897531,0.1561246850916258
0,0.089966743577554,0.0829167482479565,0.0800212738258503,0.0750925504227238,0.0681598415738641,0.0,0.0428571428571428,0.0571428571428571,0.1238095238095238,-1.3298015863385837,0.051546074683392,0.129944572903875
0,0.0790012626319588,0.0702011840010801,0.0686716550036969,0.0633966266750404,0.0625973744012173,0.0072992700729927,0.0510948905109489,0.0255474452554744,0.072992700729927,-1.3179306937155084,0.1040587455283638,0.1540853511402281
1,0.1062718788567115,0.0974806582270324,0.0898923117280722,0.0884097533673819,0.0835375924111691,0.0055096418732782,0.0881542699724518,0.0358126721763085,0.1818181818181818,-1.337015806373886,0.1228814568252135,0.145989229218888
1,0.0870915793862229,0.0829109971421798,0.0786491529563786,0.0762270882219181,0.0728575856296845,0.0111552346570397,0.06985559566787,0.0225992779783393,0.1204693140794223,-1.5903844175465822,0.0580336566046222,0.1689422784349818
0,0.0663783885924559,0.059382260982342,0.0549609699490302,0.0539191305449738,0.0536321883631075,0.0008041817450743,0.010454362685967,0.0016083634901487,0.0273421793325291,-1.4395193900289172,0.0722397287929667,0.1186387494565616
1,0.0548551324070093,0.0509098189484386,0.0497520228485115,0.0484198237002706,0.0449049745861513,0.0020876826722338,0.0146137787056367,0.0062630480167014,0.0257480862908837,-0.9926004102790656,0.1401307204703437,0.1280278872076254
1,0.052902256449655,0.0488854877597167,0.0427324144431524,0.0422244479679125,0.0480735820394935,0.0050251256281407,0.0025125628140703,0.0125628140703517,0.0276381909547738,-1.18390723974011,0.0960049889636488,0.1528750359722537
1,0.0969894337246026,0.0924844168704685,0.0837948168617433,0.0821761048753637,0.0796809509183683,0.0104166666666666,0.0692204301075268,0.0198252688172043,0.1122311827956989,-1.24908926787409,0.127034306564165,0.1619431144150341
1,0.1012710700659895,0.0948270438593107,0.0870091974031787,0.0836215642176363,0.0816261799881326,0.0185004868549172,0.0778967867575462,0.0360272638753651,0.1012658227848101,-1.0259929190562722,0.2007567799365531,0.1561056370617352
1,0.0810227988322057,0.0717878975353317,0.069837265415925,0.0676189156455202,0.0663388257772607,0.0057347670250896,0.0315412186379928,0.007168458781362,0.0630824372759856,-0.9158520720648022,0.1942400845465278,0.2174829561159963
1,0.0854878653216616,0.0806828567704371,0.0759408508403709,0.0712515128778738,0.0683961622734619,0.002840909090909,0.0447443181818181,0.0142045454545454,0.078125,-1.130375460393172,0.1556586744923015,0.1379543674462774
1,0.0749455265123834,0.0671030745069047,0.0646055355225326,0.0603557415406027,0.0587661700100225,0.006125574272588,0.0329249617151607,0.0130168453292496,0.0658499234303215,-1.2235719690333169,0.1070119045507463,0.160250112189808
0,0.0797608749225335,0.0701343792661507,0.0660407659936828,0.0635211892652519,0.0641943809764589,0.0023847376788553,0.0182829888712241,0.005564387917329,0.054054054054054,-1.17948015435118,0.037617595823587,0.1354705666622234
1,0.0919325133863378,0.0804135125047257,0.0736372380266452,0.0729782751815125,0.0756213285899297,0.0041666666666666,0.0416666666666666,0.0125,0.075,-1.0064959087871852,0.1616147830202296,0.176781745501218
1,0.107701729380535,0.0934798329787426,0.0910014904548989,0.0817276929890792,0.0871621890533488,0.0068337129840546,0.1389521640091116,0.0455580865603644,0.1913439635535307,-1.2277861257004978,0.0980219907442813,0.1569617229257063
1,0.0958084277603338,0.0941390065924697,0.0861745052179778,0.0879859630950548,0.0808514126094447,0.0259336099585062,0.0788381742738589,0.0373443983402489,0.0975103734439834,-1.1631914340799197,0.1404831590454767,0.1610613014606596
0,0.0757889661004255,0.0788998864591275,0.0657761833110119,0.0712350563919979,0.0602455570575996,0.0,0.0,0.0,0.0,-1.123624369402787,0.11285495388364,0.174331946323485
1,0.099891715096524,0.0990664596675414,0.0907205721666229,0.088036038791809,0.0829042875066816,0.0130065717415115,0.088170865279299,0.026013143483023,0.1562157721796276,-1.3865779206122233,0.095003480592515,0.1677174558508088
1,0.0986523310925563,0.0920578612115225,0.0873605728786717,0.0826525752882084,0.0824019561755319,0.0203850509626274,0.0996602491506228,0.0543601359003397,0.2140430351075877,-1.0341777365676412,0.1749651434381409,0.1568345487961417
1,0.069564062644221,0.0633653024299655,0.0584969211917828,0.0571761796836409,0.0549766816204339,0.0,0.0277777777777777,0.0061728395061728,0.0185185185185185,-1.012679687773658,0.1677139019737359,0.1726320195235375
1,0.089918122044398,0.0842751031059738,0.0780235767734303,0.0754304622920541,0.0754558031607272,0.0085574572127139,0.0550122249388753,0.0195599022004889,0.0757946210268948,-0.8992614949200968,0.2296892106261166,0.1532338629457618
1,0.0613797859517277,0.0571465547269346,0.0519524977396421,0.0510720303975852,0.0487124908975387,0.0030693677102516,0.0356046654389195,0.0147329650092081,0.0441988950276243,-1.328736183893792,0.1002145221592092,0.1407324391927703
1,0.0878451675721869,0.0819106614405969,0.0776250993188684,0.0726704030019206,0.0694767775779198,0.0,0.0533707865168539,0.0252808988764044,0.0898876404494382,-1.0529140271100104,0.1757871481583374,0.1861914960591022
1,0.1075788938468331,0.0838527447879558,0.0911408179985707,0.0785888235702843,0.08294452436768,0.006016466117796,0.0294490183660544,0.0177327422419252,0.1988600379987333,-1.4518424581221334,0.1158390092083863,0.1717755722547123
1,0.1080623119098592,0.0995997661760452,0.0934046320887086,0.0894295435162976,0.0853465906389713,0.0117836100696304,0.1039100160685591,0.0471344402785216,0.1826459560792715,-1.224749366503494,0.1418757789858219,0.1611235813855394
1,0.0880021978416415,0.0790232368770181,0.0767888587669419,0.0725972151690065,0.0733599897673185,0.0025252525252525,0.0555555555555555,0.0479797979797979,0.0732323232323232,-1.2122691326171091,0.1501236697277862,0.1670886717452966
1,0.0953243955756628,0.089257928241737,0.0854849863751517,0.080641475748264,0.076430264270073,0.0183266932270916,0.1306772908366534,0.09800796812749,0.2374501992031872,-1.2959089046376322,0.050845406009807,0.1145651780262031
1,0.0067072693344812,0.005590119647418,0.0056082849333373,0.0060489277946695,0.0042301926965192,0.0,0.0,0.0016090104585679,0.0056315366049879,-1.2038441560950135,0.107942096169737,0.1507741574589939
1,0.0834100561730316,0.0799771999891633,0.0671829419473113,0.0674841690541548,0.0668213828684395,0.0077062556663644,0.0376246600181323,0.0129193109700815,0.0616500453309156,-1.8881295860404848,0.0156034006507353,0.0911973028765177
1,0.0859374520047343,0.0771442586890016,0.074090167661654,0.0694736504590812,0.0695417861304247,0.0098872849515523,0.0763298398259837,0.0328257860391536,0.128930195768242,-1.325140480431387,0.0970052385810367,0.1533357125329392
0,0.1221770879502302,0.110816956917715,0.1079794803704725,0.0999298640420813,0.1149695666763302,0.0,0.0,0.0,0.0,-1.1836974585250724,0.1216291580174077,0.1235630249083391
1,0.1009587556103072,0.0960022460837815,0.0891488879753374,0.0845511147275621,0.0829886405953317,0.015113944975794,0.1173692289526508,0.0556145944031172,0.2589443854055969,-1.358607338415725,0.1167580660658447,0.1382827881874434
1,0.101260881083296,0.0953953700682648,0.0892923209691798,0.0852001915221469,0.0812315867499477,0.0064655172413793,0.0948275862068965,0.0625,0.2543103448275862,-1.4381890640642585,0.096779269114072,0.125314712894638
0,0.0012050954923934,0.0016615964884311,0.0019576280807016,0.0018167778260453,0.0008150326788906,0.0,0.0,0.0,0.0,-1.1719153954355686,0.0980733879556529,0.1321542305704008
1,0.0018624012411813,0.0016992285267416,0.0017202469636374,0.0019543810121676,0.0013745981319029,0.0,0.0,0.0,0.0,-0.8464941961182122,0.1883329542393582,0.1515642025954576
1,0.0860802477692861,0.0760509010263678,0.0710093808759413,0.0662513351531031,0.069513210861019,0.0035625222657641,0.0480940505878161,0.0260064125400783,0.0644816530103313,-1.2129956324922442,0.1325979038621111,0.1574023402665458
1,0.0839714181172049,0.0788263190615618,0.0721515405445448,0.0685528402853801,0.0700786449729657,0.0023584905660377,0.0448113207547169,0.0023584905660377,0.0306603773584905,-1.0870201980050105,0.1160880727782427,0.154425297169772
1,0.0922843227988593,0.0893542335619654,0.0826012008778175,0.0797970008669345,0.0785466614126564,0.1233494718309859,0.328675176056338,0.2700264084507042,0.5649207746478874,-1.2871844132745602,0.106989477987325,0.2549853673301015
0,0.0787881569645039,0.0801162483571651,0.0697832983262355,0.0701357662621181,0.059950890688009,0.0,0.0344827586206896,0.0229885057471264,0.0459770114942528,-1.055714063663507,0.1286467709169251,0.1006439240151334
1,0.0730064455569322,0.0654229235186455,0.0628087854883323,0.0592391397928188,0.0599036020516136,0.0104529616724738,0.0720092915214866,0.0267131242740998,0.1265969802555168,-1.2188683905103728,0.115663062262866,0.1687870718839679
1,0.0772745236827208,0.0678023667563158,0.0648594326269322,0.0649853735860828,0.0624647394752331,0.0,0.0378787878787878,0.0328282828282828,0.0555555555555555,-0.8708867007493639,0.2285210696804397,0.1265361607099475
1,0.0671816801843687,0.0620772156424387,0.0605814456528801,0.059698267510948,0.0571138869842473,0.0048465266558966,0.0161550888529886,0.0064620355411954,0.0533117932148626,-1.1199339921980735,0.0900064819826281,0.1317677066860259
1,0.0724448221690158,0.0700601059961669,0.0655015715760457,0.0641736528004182,0.0623117378219883,0.0057983942908117,0.0798394290811775,0.0169491525423728,0.103479036574487,-1.5360613583879907,0.0394097118452177,0.1935923353825648
1,0.1042296920976078,0.1018559621635242,0.091964810123624,0.0891933433149581,0.0887887947078217,0.0331613854089904,0.1599115696389093,0.0729550478997789,0.2078113485630066,-1.2766479073084358,0.1233702182752585,0.1695111126486521
1,0.1147616408499655,0.1120315397062609,0.0999899453422218,0.0986160577998866,0.0901991105421517,0.0344827586206896,0.0991379310344827,0.0129310344827586,0.1810344827586207,-1.38106319023387,0.1159200439144947,0.1671755380002419
1,0.0977431413134948,0.0923497244990247,0.0839378394012249,0.0799617627983289,0.0847653877993635,0.0087912087912087,0.0695970695970696,0.0505494505494505,0.1106227106227106,-1.524251987071581,0.0671827962085701,0.1405593447574238
0,0.1078573159415516,0.1065206753550737,0.0873683524660218,0.0792351754336481,0.0931455433437044,0.0,0.0,0.0,0.0,,,0.1975816516607443
1,0.0814449014383023,0.0775633112315842,0.0726359380672677,0.0706166700793788,0.0675272070118134,0.0068441064638783,0.0547528517110266,0.0269961977186311,0.1083650190114068,-1.3153298069692707,0.0796576379495065,0.1355717918210003
0,0.100542142955834,0.098459439360844,0.0860390914575127,0.0868461649451106,0.0793468202100295,0.0058355437665782,0.0716180371352785,0.0084880636604774,0.0827586206896551,-1.422230821534371,0.0849570450047426,0.1848349496493453
1,0.0954159450853809,0.0820109029719462,0.0813691121308214,0.0795623503372507,0.0779383723089466,0.0057075378862428,0.0253887030112182,0.0112182641212359,0.0513678409761857,-1.3352496020756877,0.0717619814393668,0.117267387154169
1,0.0865682420724263,0.0772994738919609,0.0766583577026774,0.0699301955681685,0.0731811015734624,0.0069444444444444,0.0461601307189542,0.0220588235294117,0.1405228758169934,-1.022067210684706,0.1273878938544664,0.1987983639551715
1,0.0900864530508753,0.0827192050316509,0.0787695093223551,0.07554872591726,0.0742651478448259,0.0044444444444444,0.0444444444444444,0.08,0.44,-1.118055420645393,0.0751705140632409,0.1383778185086517
1,0.1013558384879688,0.0966893621346659,0.0895972153432599,0.0844362016077748,0.08428667647357,0.0183522840614402,0.0805904647915419,0.0293237582286056,0.1687612208258528,-1.2894870949193038,0.1680129082157237,0.1359267473274437
1,0.0885255972244695,0.081202541132892,0.0764283162409782,0.073536677773911,0.0746671600087175,0.010204081632653,0.0255102040816326,0.0051020408163265,0.0510204081632653,-0.9458647262329712,0.2052937155670025,0.1739398128251447
1,0.092393979769968,0.0841609286892513,0.0801800548415778,0.0723430833649336,0.0771093704153356,0.0174050632911392,0.0775316455696202,0.0474683544303797,0.1867088607594936,-1.1004360931074602,0.1251868461884795,0.1876472233196841
1,0.0946358795767043,0.0924124178514234,0.0868740382277415,0.0835153233929387,0.0792362331197504,0.031578947368421,0.0578947368421052,0.0368421052631578,0.1947368421052631,-0.8972783294172199,0.1928672084007172,0.1217912191736177
1,0.0796006968764022,0.0723904588489445,0.0712329536600798,0.0667251061465804,0.0651302361271529,0.014266304347826,0.0672554347826086,0.0203804347826086,0.0964673913043478,-1.0923812772162769,0.1632300258723969,0.1410220816180235
0,0.0805541299027498,0.0859671061578239,0.0760845339218189,0.0672811924045383,0.0760421460690916,0.0,0.0246913580246913,0.0123456790123456,0.074074074074074,-0.7485380116959064,0.1578947368421052,0.1424935866368985
1,0.1081879463078303,0.0979050479867026,0.0912774549326207,0.0864761915560064,0.0906669011717085,0.0424005218525766,0.1200260926288323,0.0919765166340508,0.2198303979125896,-1.2666341997321466,0.1493815956916634,0.1470130610617059
0,0.1377356488503138,0.0877352660799836,0.0784039423143896,0.0814449597444714,0.1128477420359302,0.0,0.0,0.0,0.25,-1.0565371024734982,0.0954063604240282,0.0972313823172248
1,0.0748951055643529,0.0699220303472868,0.0667649859102424,0.0638659717300749,0.0668554992474887,0.0031007751937984,0.0387596899224806,0.0124031007751937,0.0992248062015503,-1.1529573733091367,0.1298073922747397,0.1839820508840889
1,0.1029168849198931,0.0939397444288838,0.0861080546949541,0.0852869784366645,0.0794682436635672,0.0083565459610027,0.0849582172701949,0.0208913649025069,0.1295264623955431,-1.3522925138411268,0.0523606787421589,0.1511040116909484
0,0.084763190305381,0.0833518991292854,0.0748093267354065,0.0680378666647226,0.0710781181614242,0.0033557046979865,0.0436241610738255,0.0134228187919463,0.0570469798657718,-1.116362018070787,0.0442830237645608,0.0820700947770856
1,0.0550532119559588,0.0488137714161737,0.0468168793092263,0.0454514259463918,0.0444993319150435,0.0005035246727089,0.0135951661631419,0.0075528700906344,0.0412890231621349,-1.455393073949171,0.0672569034731653,0.1122064321771525
1,0.1035978517519178,0.1015230426875939,0.0909368701342757,0.0882991694775043,0.0853813847961334,0.0214932126696832,0.1018099547511312,0.0328054298642533,0.2986425339366516,-1.4291291603140792,0.0775264277653797,0.1684696261804369
0,0.1050306596414678,0.1000301812032941,0.0920426213340486,0.0885969065027024,0.0915118659422586,0.0324074074074074,0.0972222222222222,0.0509259259259259,0.1666666666666666,-1.1465198104476622,0.1708207099828273,0.1445538526940275
1,0.0827220874178318,0.0773059313368795,0.0727042123418905,0.0707603166860066,0.0646447163785424,0.0051282051282051,0.0846153846153846,0.0128205128205128,0.0615384615384615,-1.1514304090757577,0.0818496645774468,0.1627416551428345
1,0.100507327564448,0.0933777289305041,0.0877566755971439,0.0845547064445563,0.0816947304871143,0.0138380785748369,0.102751709877525,0.0329250835056465,0.1381421981867345,-1.0246924868576566,0.0933056188921414,0.1548408228451072
1,0.0819982206222958,0.0745106438128036,0.0729389372563683,0.0679106431352085,0.0671265225172616,0.0068639053254437,0.0740828402366863,0.0196449704142011,0.1569230769230769,-0.9011854845702806,0.2544384370475976,0.1738441890648242
1,0.0972873287878503,0.0905045672338868,0.082063953531465,0.0806849502173838,0.0808639168531486,0.0205444273240883,0.0878274268104776,0.042116076014381,0.1633281972265023,-1.1659727013551346,0.1424380784133282,0.182458979621405
1,0.0907061875006973,0.0809838019026187,0.0805505542546688,0.0778844240067453,0.0699209861856056,0.0060362173038229,0.0865191146881287,0.0583501006036217,0.2293762575452716,-1.3334439934748077,0.0640178195264878,0.1082801022466135
1,0.0785762873191668,0.0668375193629458,0.0657157708337106,0.0628948328149987,0.0621575842512089,0.0036231884057971,0.036231884057971,0.0138888888888888,0.0664251207729468,-0.9878915233743232,0.2004019910431348,0.1949875342266773
1,0.0871191235165703,0.0804912587920037,0.0747994480915332,0.0737621804223185,0.0650098095896317,0.0,0.0167364016736401,0.00836820083682,0.0543933054393305,-1.3267133459014058,0.0725768416811142,0.1193902320552163
1,0.0862574784782601,0.0798013334692868,0.0748983434340107,0.0716425453760049,0.0728966514434397,0.0069064062872112,0.0759704691593236,0.0240533460347701,0.0969278399618956,-1.232378484295221,0.0898339914938585,0.1658255436594731
1,0.097619991841268,0.0898541517371597,0.0844599937864514,0.0813173146991386,0.0801098499859705,0.0080546741518184,0.0842079570417378,0.0187942396875762,0.0932389553331706,-1.2822338057108265,0.0939897429507707,0.1997648091437388
1,0.1097247203825976,0.1020629534214498,0.0931514667012078,0.0908636589109225,0.091630577412564,0.0217344055640078,0.1108454683764399,0.0454249076287763,0.1943055857422299,-1.3872555922337453,0.0986865408210305,0.1556903496038202
1,0.0912274520886825,0.0917301177139878,0.0852353155352035,0.0841662234037003,0.0762568082907945,0.0411198600174978,0.1006124234470691,0.0831146106736658,0.2012248468941382,-1.145292853960886,0.1825691394063302,0.172197868587358
1,0.1006706531478172,0.0949211730381328,0.0866812960876889,0.0833697917060943,0.0854557239874582,0.0133600534402137,0.0637942551770207,0.033066132264529,0.1376085504342017,-1.0972497200087612,0.1843062346196983,0.1535171865961374
1,0.0768420110225106,0.0694740271280761,0.0648062566209776,0.0624876839943898,0.0628824460340706,0.0076335877862595,0.0394402035623409,0.0076335877862595,0.0279898218829516,-1.0523935579593686,0.1553343218271762,0.1695292443505383
1,0.0818734233824142,0.0807543324271685,0.0717946915914478,0.0755824216814837,0.0654907456801255,0.0054229934924078,0.0336225596529284,0.0119305856832971,0.0748373101952277,-1.7043239590664965,0.0496296503349815,0.1109710298546355
0,0.0585304455592183,0.0588570148156073,0.055115174711828,0.051603198422072,0.0516354851934456,0.0049342105263157,0.0180921052631578,0.0180921052631578,0.0575657894736842,-1.3292316733129994,0.0625205177126782,0.1054181205866879
1,0.088739693996542,0.0832502517121437,0.0765860798369673,0.0743930082070351,0.0685228860340462,0.0038543897216274,0.049678800856531,0.0186295503211991,0.0670235546038544,-1.1346781168965914,0.1679255608414826,0.1103125038005091
1,0.0948978868295688,0.0916400871614534,0.0832841795775162,0.0836329554743946,0.0804570523361461,0.0144927536231884,0.0742753623188405,0.0108695652173913,0.1340579710144927,-1.4829564897235068,0.0688644397077814,0.1824268913105123
1,0.1009104208177901,0.0969396700865801,0.0897197188353393,0.0860876994462932,0.0876217547491374,0.0124610591900311,0.1048805815160955,0.0425752855659397,0.1298026998961578,-1.1972918083684698,0.144097170970434,0.1749774103645235
1,0.0726573928259289,0.0677743687703228,0.0627134925106697,0.0619322366707699,0.0597817723594499,0.0036644951140065,0.0272801302931596,0.0093648208469055,0.0508957654723127,-1.2163809352599195,0.1209768329729292,0.1561388089751027
1,0.0768790061426528,0.0756699527974066,0.0672725203795037,0.066127347241945,0.0641464142627547,0.013126491646778,0.0441527446300716,0.0167064439140811,0.107398568019093,-0.9771005416196938,0.1024626412475254,0.1425397572325888
1,0.0800178447669476,0.0757183009398237,0.0719324875573233,0.066994704707339,0.0695457940489968,0.0043804755944931,0.0755110554860242,0.0173133083020442,0.1211931581143095,-1.218319735162534,0.1282664928045847,0.1761355780886156
1,0.0882683129906506,0.0839283243920754,0.0786315948661026,0.0777972329403192,0.0709018275293262,0.0117878192534381,0.0471512770137524,0.0314341846758349,0.1542239685658153,-1.3215015594146196,0.1026791330832335,0.1158689217526751
1,0.0827361357794897,0.0760014881844495,0.0727358180097128,0.069895843131051,0.0649376081714726,0.0079310344827586,0.0434482758620689,0.0282758620689655,0.0924137931034482,-1.029679255950913,0.2075853624120076,0.1486430576190862
1,0.0983398038676481,0.1012716246804092,0.0924752366057224,0.0893792924563967,0.0869533967655543,0.0191878625613565,0.0930388219544846,0.0406068719321731,0.179161088799643,-0.5947052751567208,0.3646699844183944,0.1413121062287647
0,0.1133647819201417,0.1103356110667276,0.1014996045422367,0.0990997858551337,0.0939207645242931,0.0227882037533512,0.146112600536193,0.0549597855227882,0.2520107238605898,-1.4328624443483475,0.0952624991487557,0.1714752634490945
1,0.1044038933327819,0.0974880469509551,0.0929311488793032,0.0898677387696045,0.0873202362564295,0.044776119402985,0.2134328358208955,0.0985074626865671,0.4283582089552238,-1.446250277386104,0.0663342013268242,0.1655102830787412
1,0.1029444856274016,0.0962618969684722,0.088632657745483,0.0888869422343476,0.0826042722988161,0.012847965738758,0.0556745182012847,0.0235546038543897,0.0963597430406852,-1.40614417686165,0.0872042306744561,0.153657722475685
1,0.0619255309867319,0.056672021747985,0.0522202725865727,0.0521036705678437,0.0493685584207272,0.0006437077566784,0.0135178628902478,0.0022529771483746,0.0202767943353717,-1.187871385677116,0.1362485031148407,0.1710898616360973
1,0.0625999725592345,0.0579422013800845,0.0546238452409811,0.0551742991847114,0.0492956493038563,0.0049504950495049,0.028052805280528,0.0082508250825082,0.0387788778877887,-1.2011348458472084,0.1018401461272849,0.1222725061363882
0,0.0873140101670511,0.0809686080000113,0.0736244123562548,0.0715447271757972,0.0712249574933522,0.002680965147453,0.0522788203753351,0.017426273458445,0.0857908847184986,-1.209518721955659,0.1482302564304644,0.1654496413386729
0,0.0528876273172492,0.0407578767297388,0.0444495701633375,0.0385915599951205,0.0401368871662979,0.0,0.012531328320802,0.0025062656641604,0.0325814536340852,-1.1343344497460843,0.0885362085555683,0.0878869458310797
1,0.0809381180340004,0.0756552539946561,0.0700640574960844,0.067090712110199,0.0687119277408863,0.0077669902912621,0.0517799352750809,0.0132686084142394,0.0841423948220064,-1.2636810929524998,0.1203534796221669,0.1343973329234675
1,0.1024833463540724,0.0982108827921989,0.0894986632276059,0.0865425693126706,0.0830450230914828,0.009205020920502,0.0619246861924686,0.0317991631799163,0.1246861924686192,-0.9728453983172506,0.2220457182449141,0.1863584169319361
1,0.0633434419995454,0.0567743549258279,0.054907395790702,0.050883697336628,0.0525818419773817,0.0019788918205804,0.0415567282321899,0.0092348284960422,0.0343007915567282,-1.1163609192110369,0.159539767564572,0.1682919331760657
1,0.0681465842319555,0.0622183328401147,0.057945716795016,0.057022622664505,0.0552344984772268,0.0029335071707953,0.0327574967405475,0.0094524119947848,0.0397653194263363,-1.136801812057691,0.0792960017828386,0.132630632148645
1,0.0999852701394625,0.0967844246137684,0.0895412914184093,0.0883208029115221,0.0829360168865077,0.0188199389623601,0.167853509664293,0.0455239064089521,0.2789928789420142,-1.6106058503883256,0.0285523001049327,0.1459689912391973
1,0.0865802828143559,0.0833550612188948,0.0750633731460866,0.0745607596693634,0.0721931860138286,0.0020366598778004,0.0353021045485403,0.0196877121520706,0.0685675492192803,-1.2501228560616011,0.116390090453249,0.1617753424580078
1,0.1003663195529708,0.0929873491499772,0.0844964466319691,0.0843862255638383,0.0845075941293637,0.0251396648044692,0.1145251396648044,0.0335195530726257,0.1340782122905028,-1.2148108366057957,0.1475159737016336,0.1430875600375059
1,0.1038987676658241,0.0984064706465779,0.0888017633376178,0.0845119031499706,0.0869663299847086,0.0099968759762574,0.0735707591377694,0.0365510777881911,0.1416744767260231,-1.2658709947364162,0.1291264437945884,0.1714217309063901
1,0.0782296475533202,0.0687227792229775,0.0643093951250307,0.061139066810826,0.0633681160085005,0.0039491004826678,0.0283018867924528,0.0092145677928916,0.0456340500219394,-1.0961567909348675,0.1407450826897444,0.1569260302240693
0,0.0641530142878987,0.0622517981840792,0.0612158381758166,0.0557829200417241,0.0510682723373238,0.0,0.0,0.0,0.0227272727272727,-1.1370280146163216,0.0554202192448233,0.1156177819320437
1,0.0963926564180743,0.0924464842720317,0.0863645477204616,0.0828329147007112,0.0817074908365833,0.0120481927710843,0.0706827309236947,0.0372155287817938,0.1397590361445783,-1.4216573763726368,0.0906021423236938,0.1523660497108334
1,0.0848377420704802,0.0784695735787183,0.0792374540946567,0.0750301524754694,0.0689325828228991,0.0083857442348008,0.0587002096436058,0.0335429769392033,0.0524109014675052,-1.1182206986220198,0.1518676913027496,0.1108353638915594
1,0.0727322686470339,0.0698472796597839,0.0644126578160402,0.0605699492759192,0.0612586642697102,0.003883495145631,0.0359223300970873,0.0077669902912621,0.0718446601941747,-1.2812384370616958,0.1041383336989123,0.2700663761348306
1,0.0924397925411862,0.0877292489551573,0.0803760330455449,0.0783221223154136,0.0773939907470842,0.001466275659824,0.0564516129032258,0.0293255131964809,0.1085043988269794,-1.4138480369048787,0.0689261278815819,0.1129371551747871
1,0.070938367453776,0.0624141896678584,0.0602349333026177,0.0578754783295194,0.0597342416306766,0.0014880952380952,0.0208333333333333,0.019345238095238,0.0684523809523809,-1.2503288358530318,0.1352841510440794,0.1585462377429458
1,0.0864808260124849,0.0748409950890501,0.0714527275821899,0.071555572371374,0.0644303253961162,0.0041787206685953,0.0379299260687881,0.0093217614914818,0.0552876888460302,-1.1476515270722152,0.1711500984921835,0.1527696126888224
1,0.1058436643256006,0.1030406150909695,0.0888882803616465,0.0885271398536197,0.0857394657290972,0.0075571895424836,0.1303104575163398,0.0457516339869281,0.1830065359477124,-1.3545322817458938,0.1212193853350359,0.1497259181275313
1,0.1055153426087142,0.0931100577896855,0.0887607786383146,0.0822994001562509,0.0872455997799382,0.0240912933220625,0.1297548605240913,0.0896027049873203,0.1749788672865596,-1.1138551509431098,0.1482371732890857,0.1861384957518351
1,0.0833933774481432,0.0780415154702492,0.0727081901952557,0.0705929267040395,0.0712092041659193,0.0055811696190245,0.0424654210143169,0.0082504246542101,0.0451346760495025,-0.889954390497066,0.2390671999104265,0.2101742438256091
1,0.0836648792801295,0.0756371819907615,0.0726048989789155,0.0697199563383312,0.0691940495120351,0.0087796312554872,0.0465320456540825,0.0166812993854258,0.0658472344161545,-1.2431944977689189,0.1336627418161154,0.186019088581201
1,0.1190560165454363,0.108273806579761,0.0974077153493371,0.0911069302253329,0.0910118984240699,0.0101522842639593,0.2538071065989847,0.0964467005076142,0.3604060913705584,-1.2117711141244318,0.07951959154866,0.15973775857803
1,0.0979152294923233,0.0886400708056014,0.0820866136245013,0.0810562379356053,0.0800166625295783,0.0086741016109045,0.0625774473358116,0.0291201982651796,0.1146220570012391,-0.8714485369221197,0.2402186123175133,0.2221165113714864
1,0.0664410412500819,0.0620268637965938,0.0584789114288572,0.0559945247958544,0.0555856932872496,0.0044576523031203,0.0401188707280832,0.0163447251114413,0.0594353640416047,-1.2094714154913313,0.1253770675813085,0.1455241285604956
1,0.1080103490207269,0.1055723776227356,0.0954954264967607,0.0937491822230299,0.0908839935120613,0.0303216869324303,0.1823918731722333,0.0654148068339233,0.2376481452978297,-1.251096637747128,0.13840849982525,0.1780077985399174
1,0.0972639415584775,0.0851190854576648,0.0838960168520558,0.0778168503656989,0.079152546783834,0.0247897299690128,0.0810092961487383,0.0619743249225321,0.230190349712262,-1.2148561756927123,0.1203306549025934,0.1353683100051385
1,0.0629391804721902,0.0608293626550812,0.0576991005559704,0.0541253248743982,0.0530235060598973,0.0010615711252653,0.0222929936305732,0.0074309978768577,0.0307855626326963,-1.0658428110468,0.1261081715041807,0.1673671084395227
1,0.0770331137934194,0.0713615372126632,0.0680361737716305,0.0639915611663558,0.0622213195508296,0.0036390101892285,0.0287481804949053,0.0083697234352256,0.0411208151382823,-1.1209587055927206,0.1503584709687486,0.1688403518505381
1,0.0918492371485247,0.0817058568858743,0.0769890213996755,0.0726753387430508,0.0777263689560084,0.0070113935144609,0.0666082383873794,0.0245398773006134,0.0823838737949167,-0.902719511909804,0.1786404661006579,0.1605726512382983
0,0.0698419914546946,0.0647868142173877,0.057175382337814,0.0628997974067133,0.0576907654991427,0.0,0.0204081632653061,0.0,0.0408163265306122,-1.0771440880743064,0.1379988202282603,0.1565177976298676
1,0.0964935441506239,0.0907471316156038,0.087333314001414,0.0843796101547081,0.0801868066402938,0.0137741046831955,0.0440771349862259,0.0073461891643709,0.0835629017447199,-1.1795402449575048,0.1349752445963346,0.1553493296984396
1,0.0986669824776016,0.0952234329542956,0.0867473418171863,0.0840097082747419,0.0807336975868312,0.0163339382940108,0.0707803992740471,0.0399274047186932,0.1451905626134301,-1.2494011238568747,0.168955727544362,0.1731237248089225
0,0.092553955091395,0.0871579979647248,0.0803461647650892,0.075411278838587,0.0798998017469065,0.004975433795634,0.1209030412339075,0.0496921450338951,0.1369488152248274,-1.1483292008740624,0.1026221041968819,0.1639950371507557
0,0.0738634069799208,0.0718505220079006,0.0670739271850582,0.0634465791393667,0.0632311408759322,0.0045967404931048,0.0484747179272879,0.007521938988717,0.0961136648558295,-1.0599481785053213,0.048878101562004,0.1277728757274305
1,0.0808986269709665,0.07787632792545,0.0697674338194236,0.0687538361156171,0.0657309017560336,0.003457216940363,0.0337078651685393,0.0072025352924229,0.038029386343993,-1.2468537954953804,0.1273401912783091,0.1416776428021952
1,0.0784504756794545,0.0711539069845202,0.0662147448339471,0.0643362658877666,0.0670158366936677,0.0032267527134056,0.0393077148723966,0.0181871516573775,0.0457612202992079,-1.251748461676723,0.0926499933416832,0.125005377767763
1,0.0828766108584427,0.0730170504627369,0.068714581196743,0.0670950502101951,0.0654013480970129,0.0019841269841269,0.0317460317460317,0.0119047619047619,0.0734126984126984,-1.0321003697622548,0.1642652942848324,0.1615892630880307
1,0.1049760226286286,0.0980150670130333,0.0916216191468943,0.0886723655309889,0.0876107848999807,0.0169983416252072,0.1160862354892205,0.0675787728026534,0.2151741293532338,-0.8632766519904178,0.2662407650239721,0.1754911491848133
1,0.0760852366582495,0.0663633464702992,0.0636382132770768,0.0633575426401657,0.0594443803139964,0.0006563833278634,0.0259271414506071,0.004922874958976,0.0324909747292418,-1.2603730369635866,0.1184666807370889,0.1421221937038898
1,0.0957939011726788,0.0909413400473985,0.0846330669380417,0.0815198489340735,0.080115885898696,0.0088078656288406,0.0544858664481769,0.0253994264645637,0.0905366653011061,-1.3763903145029004,0.0983591453159696,0.169300272328733
1,0.1064716481425517,0.1042167427641765,0.0986546530125997,0.0968599660834454,0.0906189131592367,0.0180670439703961,0.125,0.0343382673051806,0.1578689595124074,-1.3735484927990027,0.1027919547126793,0.171650572657188
1,0.0751169153104479,0.0724904539043847,0.0657811516451286,0.0627968738483604,0.0631818536527124,0.0034936292642827,0.0359638306617344,0.0158240854911631,0.053842992190711,-1.060700631263071,0.1627541035077017,0.174844287348369
1,0.0872193779613265,0.0801096088515201,0.075727456359361,0.0736133439099329,0.0695946825282259,0.0028612303290414,0.0429184549356223,0.0271816881258941,0.0987124463519313,-0.9317464696631034,0.1169155065701172,0.1444515070048533
1,0.0852948687102473,0.0795276957783902,0.0757380176032583,0.0727632995756862,0.0701432758024715,0.0143061516452074,0.0929899856938483,0.03862660944206,0.100143061516452,-1.2148181731747765,0.1292821175245917,0.1603390979506616
1,0.1129391903810219,0.0931794843645982,0.0918865491120924,0.0863539243910513,0.0879430709648618,0.0022935779816513,0.3868501529051987,0.0489296636085626,0.3616207951070336,-1.0908770922178133,0.1759240166411213,0.1376712700279765
1,0.0944168173578272,0.093679261250679,0.0886207380464011,0.0892469953870217,0.07852742792842,0.0,0.1019108280254777,0.0127388535031847,0.0573248407643312,-1.0360747784921704,0.1927203001300324,0.1806247471162472
1,0.0886091843255957,0.0778189483498186,0.0691426965766816,0.0690924428995318,0.0704280683852384,0.0056497175141242,0.03954802259887,0.0188323917137476,0.0451977401129943,-1.2150146670689412,0.1181131437612331,0.149305374914528
1,0.0847015698424429,0.0814851770047605,0.0995327574555237,0.1079096589847207,0.0671437210175023,0.0127692176725972,0.0975993870775517,0.0027666638290627,0.0643568570698901,-1.0917629480331204,0.120164622914855,0.160883194554132
1,0.0616634779842832,0.0476113456950001,0.048210026716766,0.0448240394793999,0.0519824534380345,0.0,0.0092592592592592,0.0092592592592592,0.074074074074074,-0.8942428416127036,0.1765283812810386,0.1796578247990322
1,0.0951216798398898,0.0890772146546951,0.0841355380193656,0.0802093463721764,0.0775360307250281,0.0093341630367143,0.05849408836341,0.0255133789670192,0.1680149346608587,-1.3651922474721536,0.1032629051187572,0.1817727821324026
1,0.0712813502437935,0.065654480570627,0.0602141151691246,0.0575893288124289,0.0593317117336869,0.00362056480811,0.0318609703113685,0.0065170166545981,0.0419985517740767,-1.282522743570966,0.1068845959887499,0.2207338927797019
1,0.0951379135672862,0.0930286594964445,0.0893517892446946,0.0836499112365111,0.0814332076615749,0.0216049382716049,0.0910493827160493,0.0308641975308641,0.0848765432098765,-1.4128934700048708,0.0888007447252666,0.1782237982083293
1,0.086265492235814,0.0823537832537644,0.0736449744979771,0.0722771177027934,0.0721493685940039,0.0106007067137809,0.0477031802120141,0.0229681978798586,0.0918727915194346,-0.9120425532040916,0.2073121039053294,0.230898263203437
1,0.0992338383960217,0.0842441685428413,0.078810956825182,0.0769297182320021,0.075342891976855,0.0176586003924133,0.0680183126226291,0.0372792674950948,0.1157619359058208,-1.1398214935106896,0.1983991536924966,0.1271330419148922
1,0.088892946873888,0.0823839811003835,0.0761713533378418,0.070231514904128,0.076379296367232,0.0097276264591439,0.0817120622568093,0.0311284046692607,0.1167315175097276,-1.2384188022385914,0.0747693266740798,0.1611941552865255
1,0.0710089848244853,0.066055760853246,0.0581582825998327,0.0559639656036349,0.0575512312345588,0.0061224489795918,0.0297959183673469,0.0175510204081632,0.0559183673469387,-1.1972914001118686,0.1293651999435587,0.1451048078095936
1,0.1069460747923314,0.0985212584238497,0.090264466629739,0.0865638119298139,0.0932577924253968,0.0276679841897233,0.3241106719367589,0.1225296442687747,0.466403162055336,-1.320354568369517,0.1613136647716657,0.1345417405696839
1,0.0703468067998655,0.0657483095214648,0.0613395722108766,0.0589197672294029,0.059539185014107,0.0009315323707498,0.0312063344201211,0.0186306474149976,0.0912901723334885,-1.547739575839436,0.0607334905695116,0.1403876326168377
1,0.0837176122110509,0.0782679767159909,0.0733074613059339,0.0704237411376089,0.0707541548617096,0.0149522608539001,0.0796252927400468,0.029183930823275,0.1387137452711223,-0.7963624110597903,0.2606843208251543,0.2341751857152464
1,0.0841156351478222,0.0776922026904907,0.0716013459314129,0.0683109832112803,0.0685809121121626,0.0036465036465036,0.0503003003003003,0.0101887601887601,0.0599528099528099,-1.1140379975031536,0.1667550843347036,0.1537277764532065
1,0.0836858257345728,0.0790850914148734,0.0736539989158187,0.0680541105021627,0.0683310638771246,0.0059612518628912,0.0506706408345752,0.0089418777943368,0.1281669150521609,-1.2529650664980714,0.0421528694458588,0.1204572694742888
0,0.0752071633755561,0.1026992898539817,0.0557190860531697,0.0700367069261526,0.0526899378150344,0.0,0.0,0.0,0.0,-1.3120524839381589,0.0861020973746317,0.1462344772863922
1,0.1008092974373715,0.0950716675591093,0.0853885474389355,0.0820523979724239,0.0806506532330147,0.0069227333631085,0.0500223313979455,0.0187583742742295,0.0926753014738722,-1.309084736786604,0.1175664016502762,0.1618823410908423
1,0.0881089970128495,0.0788647572129643,0.0725649533366344,0.0718523647906406,0.0724738508262665,0.0076078822649039,0.0638563232726365,0.0135944125717136,0.0503866300823147,-0.9874807755551,0.1909904139547261,0.1847381964337575
1,0.0930728821588823,0.088369343961054,0.0781228967573711,0.0766950201260176,0.0784376967276937,0.0029837043837502,0.0452145971999081,0.008033050263943,0.0548542575166398,-0.921601951461537,0.2195703332478449,0.2080037913257634
0,0.0947767314081939,0.0980033856173502,0.086311674906923,0.0843010080614754,0.0818260891630079,0.0125448028673835,0.1027479091995221,0.031063321385902,0.2078853046594982,-1.244814044668022,0.1534423214442868,0.1638215211043598
0,0.0864396931680754,0.0796030859518653,0.0775840700642716,0.071652539508738,0.0721012948487534,0.0013333333333333,0.052,0.0253333333333333,0.1413333333333333,-1.157197061309348,0.1104797333589886,0.1218527464622975
1,0.0952467417104816,0.0908091748600784,0.0825345044609073,0.0816265224959439,0.0772834081618703,0.0099523214368374,0.070638337267972,0.027912789890293,0.1188260889691246,-1.0642237125226437,0.206784785079512,0.1566883418668888
1,0.0934632822448857,0.0872486936839965,0.0805407360053708,0.0773871250830851,0.0736206514578294,0.0112359550561797,0.0561797752808988,0.0337078651685393,0.1573033707865168,-1.1591366451940932,0.1573882393128933,0.1134254038204522
1,0.0730308116656926,0.0698299868931002,0.067901706726262,0.0659574030185954,0.0628749890932751,0.0075244544770504,0.0492851768246802,0.0120391271632806,0.0507900677200902,-1.24193460244546,0.1224261212309728,0.1751678792377478
1,0.0752826363464253,0.0706916700178665,0.0639866467025807,0.0625358520996144,0.0621261932278619,0.0016519823788546,0.0225770925110132,0.0099118942731277,0.066079295154185,-1.2477585889563914,0.1069540919111953,0.1468448849824814
0,0.0946450999190638,0.0838916397431727,0.0806737032336664,0.0815148689009459,0.0694625861342589,0.0018814675446848,0.0291627469426152,0.0047036688617121,0.0489181561618062,-1.1406346475123872,0.1647088323922994,0.1494510904492167
1,0.0997542216688478,0.0895530464190965,0.0831637914592411,0.081207952426134,0.0827527994224808,0.0130246020260492,0.1013024602026049,0.0434153400868306,0.1186685962373371,-1.3073338732502469,0.1246478925733937,0.1721986509531241
1,0.0845065482540178,0.0765123950733306,0.0908948513240423,0.1100109138253593,0.0705524078300052,0.0,0.0,0.0,0.0,-1.3562823806509146,0.0739937953393564,0.1276456175570297
1,0.0991264663035963,0.0895791787616214,0.0832548507214277,0.080123692970578,0.0808761263058631,0.02321083172147,0.0921985815602836,0.1005802707930367,0.1908446163765312,-1.2180165222780817,0.1389813849640468,0.1548201554566031
1,0.0881049387144408,0.0831534313893696,0.078126237939944,0.0942390347106495,0.0603721313413682,0.0,0.0,0.0,0.0,-0.9230607826982492,0.2496231622302175,0.1685739952962972
1,0.0900266535428848,0.0866671340342171,0.0811306558411772,0.077429734084864,0.0769404797452004,0.0088989705112545,0.0495550514744372,0.0207642645262606,0.0834060373407782,-0.4420335718854122,0.4298856124297513,0.2134973425206628
1,0.0998476319598932,0.0948576456393694,0.0871701736749646,0.0850056441018481,0.0851955424129135,0.0132939438700147,0.1152141802067946,0.0228951255539143,0.138109305760709,-0.9134837868790492,0.2458183061425425,0.1683311784963181
1,0.1035453232189023,0.0995068738665274,0.0915639969441874,0.0857967158315315,0.0849677969752859,0.0214356929212362,0.0884845463609172,0.0590727816550348,0.3222831505483549,-0.9259854678404054,0.2089536925149891,0.1441363739405798
0,0.096409504353585,0.0914802705865008,0.0862154689257657,0.0815671342863671,0.0785963703813516,0.0053908355795148,0.082210242587601,0.0404312668463611,0.1630727762803234,-1.5662730504581646,0.048611721470223,0.091999757970189
0,0.0913753468140371,0.0923423010345893,0.0796335314073559,0.0805602644557186,0.0873027281524487,0.0,0.0,0.0,0.1052631578947368,-0.9544257233827717,0.0664334594662395,0.0851216914663848
0,0.0896781492600272,0.0844064053430943,0.0799879292686918,0.0745050567684716,0.0716035991014835,0.0,0.0479041916167664,0.029940119760479,0.2095808383233532,-1.5533084929596512,0.0451310824164645,0.0739382672873605
0,0.100005049545219,0.1135205937319574,0.091832953112217,0.1010958133262203,0.0825665800482064,0.0,0.1,0.0,0.1,-1.637305699481865,0.0673575129533678,0.0795740609068089
0,0.0923687768410378,0.0871131633039667,0.0780636325771616,0.0762068991341177,0.0750961922101941,0.0014684287812041,0.0205580029368575,0.0044052863436123,0.0616740088105726,-1.3182334617406788,0.1115233707265992,0.1483504310398348
0,0.1018118823145516,0.1010442674056408,0.0879333889553626,0.0860250587814541,0.0836777727065029,0.0204081632653061,0.0884353741496598,0.0544217687074829,0.1972789115646258,-1.5578849951871327,0.0721096414377091,0.1031664245131847
0,0.1046760558928319,0.1006260492823541,0.091390972546794,0.0908223016247673,0.0827602179518397,0.0050632911392405,0.0822784810126582,0.0417721518987341,0.2392405063291139,-1.2943896541385014,0.1498524983588243,0.1202726382418666
0,0.0748276937463817,0.0688337644837092,0.0645255692106306,0.0608039746518258,0.0626045535889904,0.0036669970267591,0.0150644202180376,0.0074331020812685,0.0542120911793855,-1.4552051006036484,0.0514745362445405,0.0916279360203123
0,0.119825713174833,0.1179878711131057,0.1080801182826404,0.0956503312171822,0.0996959884232121,0.125,0.0,0.125,0.125,,,0.1018571526977777
0,0.0871891938113482,0.0828697494040684,0.0827026236204526,0.0789988822025146,0.0707977942079778,0.0100334448160535,0.0334448160535117,0.040133779264214,0.1555183946488294,-1.345947860368919,0.0984242218528746,0.0983099532894572
0,0.0865626086401692,0.0806140825862866,0.0786397976660098,0.0730731499201292,0.0688674686683076,0.0170212765957446,0.0723404255319148,0.0595744680851063,0.1872340425531914,-1.6629932305667583,0.04894171015266,0.1341074704079039
0,0.1041900449429863,0.0980621130160276,0.0925990351616449,0.0880092398524888,0.085229846043732,0.0332996972754793,0.1907164480322906,0.1392532795156407,0.4278506559031281,-1.310826341803866,0.0981472489966723,0.1493729927586324
0,0.0939025321807409,0.1021404689964287,0.092774622310183,0.0927921827395537,0.0764185653493183,0.0058479532163742,0.0760233918128654,0.0350877192982456,0.543859649122807,-1.599470539712423,0.0642976343316241,0.0883899632550844
0,0.0990968269073822,0.1022089296573109,0.0943565318408923,0.0920437062827751,0.0800797883979438,0.0454959053685168,0.0891719745222929,0.0782529572338489,0.2292993630573248,-1.0884654793550774,0.0577372235691016,0.1293709655394168
0,0.0925347963943025,0.1087597120582495,0.0968169728319641,0.0954186731427524,0.0806696997446039,0.0130718954248366,0.0261437908496732,0.0457516339869281,0.1437908496732026,-1.571939140050776,0.0640301292886001,0.1362618574017449
0,0.0907286362405684,0.0914158495677709,0.0835981844843797,0.0818432433080874,0.0740591465391618,0.0078125,0.1015625,0.0078125,0.2109375,-1.683128943115798,0.0386834670170607,0.0869011618222845
0,0.0971714505051249,0.0977651600830338,0.0887139111739004,0.0869725778271891,0.0824439527030665,0.0206039076376554,0.1108348134991119,0.0518650088809946,0.1811722912966252,-1.4052943396057989,0.0812955794426905,0.1238864314100555
0,0.1053834742276886,0.1031640710800674,0.0926061450244787,0.0914253779379814,0.0855922612469199,0.0221518987341772,0.0810126582278481,0.050632911392405,0.2430379746835443,-1.5276784898070548,0.0694799740320146,0.1368876242526552
0,0.098915944655718,0.0998341193898758,0.0898281490736384,0.0885726666933413,0.0828118815555593,0.0555555555555555,0.287037037037037,0.0833333333333333,0.3425925925925926,-1.405434888197135,0.0880371724170072,0.124051853332085
0,0.0930003232217871,0.0906106713729486,0.0858799463572559,0.082612493427292,0.0760258811834285,0.0344827586206896,0.0,0.1034482758620689,0.5517241379310345,-1.272180488135531,0.0440758561273032,0.0715074833597397
0,0.092906172918742,0.0897100680932446,0.0839420161712069,0.081087637050505,0.074592244215415,0.0093271152564956,0.0826115922718187,0.0293137908061292,0.1139240506329113,-1.4562895432856715,0.0586191889777057,0.117334655614797
0,0.0902391203344157,0.0919428140378293,0.086105504764561,0.0804961422017574,0.0779091657476244,0.0107166778298727,0.0676490288010716,0.0462156731413261,0.1788345612860013,-1.6045260224890625,0.0542904951121118,0.1628346213918665
0,0.0977917276064464,0.0975558098998564,0.0863895926146975,0.083760566257633,0.0813476522713353,0.0333333333333333,0.1916666666666666,0.175,0.4583333333333333,-1.3503986705235325,0.073790473344775,0.0877017769214572
0,0.0959851740284188,0.0941642007306265,0.0881526848099115,0.083323052006222,0.0810637836704245,0.0213085234093637,0.0771308523409363,0.0408163265306122,0.2004801920768307,-1.3606074922523064,0.0679522974409111,0.1346427655327247
0,0.095342759647352,0.1002607550789314,0.0924512677981395,0.0883697105778134,0.0819838958545241,0.0232067510548523,0.1174402250351617,0.0529770276605719,0.36755743084857,-1.0333122670751227,0.1057748317342951,0.1208229683824512
0,0.097250511071449,0.0964176320910388,0.0895435785252479,0.0877588890655493,0.0831738351704199,0.0337636544190665,0.112214498510427,0.0774577954319761,0.2621648460774577,-1.4829360470349715,0.0738044136422671,0.1048104841744582
0,0.0967681813776452,0.0836678860910939,0.0785645071316563,0.0789312986084891,0.0763917056294694,0.0,0.0307692307692307,0.0461538461538461,0.2153846153846154,-1.6055003008031346,0.0503529987578599,0.1144142251538988
0,0.0957222296587737,0.0959698448434522,0.0871215207535223,0.0840575593042641,0.0802741562144195,0.0116369278510473,0.051978277734678,0.0418929402637703,0.1861908456167571,-1.5817575818697027,0.0449782546481954,0.123812490292176
0,0.0897656602253266,0.0912797063190772,0.0810737139823404,0.083699787413673,0.0761422423292302,0.0016835016835016,0.0202020202020202,0.0117845117845117,0.1262626262626262,-1.5012438316468042,0.0295961554356589,0.0814566048601797
0,0.1063059101538618,0.0972429332437227,0.0883204571567179,0.0871775469855795,0.0826909690527912,0.0212121212121212,0.0606060606060606,0.0151515151515151,0.1242424242424242,-1.1570687756633014,0.1088482445386632,0.1392450632023945
0,0.0957259659585609,0.1034517890552427,0.0927297037122178,0.0924502177085015,0.0802829954598821,0.0238473767885532,0.1319554848966613,0.0731319554848966,0.2305246422893481,-1.8022890148622808,0.0177620889242495,0.1058542788671765
0,0.0908189401952472,0.0886551696751144,0.0853664076375681,0.0810483602810434,0.0770867631081412,0.0145985401459854,0.1167883211678832,0.0510948905109489,0.3138686131386861,-1.3581204587428757,0.0416883131520445,0.1145176739267622
0,0.111275791065162,0.1096175903993368,0.1000195019622589,0.1002780086258026,0.0868331135004845,0.0398671096345514,0.1428571428571428,0.0299003322259136,0.1561461794019933,-1.366298836642886,0.1219346329275541,0.1558799873349
0,0.1028917467172359,0.0965692267104756,0.0878066047403242,0.0922520170111401,0.0846866938376671,0.0,0.0140845070422535,0.0985915492957746,0.2112676056338028,-1.4356346832331135,0.0665130851569272,0.1306885098105996
0,0.0954667422044989,0.0999528509170785,0.0930319300514413,0.0888016952420305,0.0832207821178394,0.0769230769230769,0.2442307692307692,0.0826923076923076,0.5,-1.4874876883352943,0.0671429961094425,0.1236801887838026
0,0.1092956787651831,0.107023700964864,0.096370804574492,0.0927384107634772,0.0871029014628805,0.0034602076124567,0.1107266435986159,0.0484429065743944,0.3425605536332179,-1.4697025701208712,0.0753820801096282,0.1361721480283698
0,0.0780052439597838,0.0809522815189747,0.0796839428679913,0.0704890525393872,0.0795514482789022,0.0,0.0135135135135135,0.0135135135135135,0.0675675675675675,-1.1843220016503857,0.1024994341189383,0.1253808509506101
0,0.1037316071192668,0.1003639166774648,0.0928847738193069,0.0897634047289887,0.0878069308459843,0.042158516020236,0.1854974704890387,0.072512647554806,0.3220910623946037,-1.3843731696445942,0.0923501372243422,0.1365241183481368
0,0.0922487292683755,0.0873329879934074,0.0805183151446378,0.0766430341615613,0.0756555771700742,0.0101867572156196,0.0585738539898132,0.0294284097340124,0.1284663271080928,-1.3589177976942262,0.0919669963059849,0.1444078480995004
0,0.1117126613753585,0.1174822900791704,0.1037552305421783,0.1051535350194143,0.0991887648584481,0.1187438665358194,0.4170755642787046,0.1157998037291462,0.4710500490677134,-1.4606478122329427,0.0630414540014496,0.1346440129423549
0,0.1004445661588656,0.0944739104551832,0.0929938489422678,0.0908429524828092,0.0852392818188179,0.0222222222222222,0.1177777777777777,0.0133333333333333,0.1644444444444444,-1.4243495701515565,0.0181439456569194,0.1273312390337122
0,0.0986452534725714,0.0959790170386034,0.0886786237962155,0.087544645900618,0.0811845907811872,0.0451054093806177,0.1176662853407419,0.046576237947377,0.270795881680013,-1.5046971269147018,0.0454869498840128,0.1255005809270699
0,0.1000567551108701,0.1050279031730939,0.0954401552930772,0.0932555904660425,0.0873133352165429,0.0434782608695652,0.1391304347826087,0.0782608695652174,0.3043478260869565,-1.451881731540186,0.073751072999619,0.1405686264998738
0,0.0628171264630643,0.0604155223847593,0.0558599450771815,0.0542329042191323,0.0530714630341408,0.0,0.0746268656716417,0.0,0.0149253731343283,-1.566744844759614,0.0607982074625922,0.0878422755545841
0,0.1013543678335918,0.0921896446510162,0.084368707751665,0.0808869025155333,0.0784116062644226,0.0681818181818181,0.0227272727272727,0.0681818181818181,0.0909090909090909,-1.435113097010772,0.091880133325185,0.1177784821244151
0,0.0971937483134184,0.0992313041414626,0.0853374613621077,0.0840454026882255,0.0777086011483935,0.0129870129870129,0.0649350649350649,0.0259740259740259,0.1428571428571428,-1.484144869367282,0.0710909427768506,0.1152817718755013
0,0.0936646536711343,0.0876923104728981,0.0805297611906835,0.0803641446394016,0.0745373599979637,0.0205479452054794,0.0342465753424657,0.0,0.3287671232876712,-1.4239637458931438,0.0244380405609283,0.0899537479926036
0,0.040877320276673,0.0394132191313151,0.0376298166661315,0.0371867473902717,0.0322556189908879,0.0059523809523809,0.0327380952380952,0.0148809523809523,0.0476190476190476,-1.1794911987661518,0.1611516012517542,0.1141579037449807
0,0.0758237148707274,0.0767018183188761,0.0736835021813549,0.0730421571427109,0.0639106402294284,0.0081112398609501,0.0405561993047508,0.0162224797219003,0.0926998841251448,-1.4247374184655928,0.0867321382224031,0.1391133470428212
0,0.0937000373565199,0.0876489719616666,0.0785783109506506,0.0826774667034674,0.0644091492550682,0.0,0.0,0.0,0.0967741935483871,-1.3653295586853895,0.0613241272039471,0.1022284200972978
0,0.0986119063669345,0.0975488773243165,0.0949594171784202,0.0933511533545072,0.0825342166918858,0.0103092783505154,0.1443298969072164,0.0309278350515463,0.1855670103092783,-0.9676612054002012,0.0646175012015306,0.1404265245869777
0,0.0994434090890783,0.1170542930123294,0.1070750865457149,0.1069429270757073,0.0870118341367186,0.0,0.4166666666666667,0.0,0.3333333333333333,-1.5211688473005918,0.0656647211577887,0.158267936734375
0,0.0955242120240811,0.0904278450742007,0.0842776970989747,0.0858389437297432,0.0771892149580367,0.0098039215686274,0.0392156862745098,0.0,0.0980392156862745,-1.516749427088176,0.0829669088437354,0.1475899668616388
0,0.086107224987073,0.1020626476291903,0.0904781051647578,0.103963224245744,0.0755315704060408,0.0454545454545454,0.0909090909090909,0.0,0.4090909090909091,-1.637305699481865,0.0673575129533678,0.079879591500467
0,0.1203182581077806,0.1131693015416203,0.1005484749179329,0.0945762551153369,0.1059780183158882,0.024390243902439,0.6219512195121951,0.1707317073170731,0.3170731707317073,-0.952325516357462,0.2640099629370763,0.181191440406611
0,0.0922056999855584,0.0878751257524753,0.0826781060777911,0.0787514058155929,0.0760024122526794,0.0069197311190193,0.0474495848161328,0.0249110320284697,0.1431395808620008,-1.7448111448643149,0.0226619444636948,0.1148625666017454
0,0.0967915224969709,0.0968169825668106,0.088439213194032,0.0868898604727536,0.0817373320205967,0.0402010050251256,0.2336683417085427,0.2336683417085427,0.4798994974874372,-1.358464478783056,0.1108452746117968,0.1127613710998357
0,0.0933860368248307,0.0904416352588473,0.082935182456143,0.0799800409752797,0.0770655932952564,0.0071174377224199,0.0676156583629893,0.092526690391459,0.2099644128113879,-1.414924435623307,0.0960149446144416,0.1384268865586604
0,0.1003666105494119,0.1043316291429961,0.0883873951077551,0.0891143249301396,0.0826167647754648,0.0099009900990099,0.0664780763790664,0.0212164073550212,0.2107496463932107,-1.6590485164528457,0.0412746560851479,0.0804654019838737
0,0.0925218967540617,0.092426215724947,0.0888716786182191,0.0906530656658288,0.0792370207602305,0.0078003120124804,0.0546021840873634,0.0374414976599064,0.1825273010920436,-1.4820665516917937,0.0762781514213748,0.0995709599226143
0,0.0830374245499739,0.0825126875801576,0.0777956847992316,0.0747970132571926,0.0703226068279864,0.015625,0.0625,0.015625,0.15625,-1.5983660047170882,0.0406406559956967,0.0988861224648822
0,0.0859837407921301,0.0766813897989229,0.0758123275279558,0.0734997200683442,0.070033718248714,0.0076335877862595,0.0330788804071246,0.0254452926208651,0.1374045801526717,-1.609439620252321,0.0514321726610386,0.1270532927299074
0,0.0860564082777824,0.0841167449750468,0.0782480680642323,0.0740081771201605,0.0663555239158647,0.0,0.0,0.0459770114942528,0.2298850574712643,-1.5537218532779704,0.0645017009656592,0.1096917539257301
0,0.0957298559922429,0.0907508850230662,0.0879991955262575,0.0808687813014298,0.0828928191670403,0.0,0.0512820512820512,0.0512820512820512,0.282051282051282,-1.2791705359952892,0.0740305261010477,0.1604021094452511
0,0.1030745642166342,0.10191700832,0.0917989837492076,0.0896159994230974,0.0863832877186854,0.0609103078982597,0.2603748326639893,0.1613119143239625,0.4585006693440428,-1.4577589863320324,0.0831755656316755,0.1456431174970035
0,0.0992882926076959,0.1080298149960522,0.0952557674358372,0.0951803312963132,0.0824730035756569,0.032258064516129,0.0967741935483871,0.0161290322580645,0.3709677419354839,-1.637305699481866,0.0673575129533678,0.0637425275541748
0,0.0932649300676008,0.1091203601622762,0.0890988648809344,0.0984456702398575,0.080382939317677,0.0919881305637982,0.1780415430267062,0.0801186943620178,0.6053412462908012,-1.7089090682755277,0.0378637356211484,0.1155629039165794
0,0.1038807046322414,0.0962315915799101,0.0874431212143277,0.0839434795657843,0.0802699343679113,0.0086705202312138,0.0578034682080924,0.0231213872832369,0.2312138728323699,-1.4002877439796142,0.0951539538298526,0.1374205570507007
0,0.0982109831746433,0.0954027135456919,0.0866784841226429,0.0823712415961076,0.0777234333179399,0.0045207956600361,0.0641952983725135,0.0759493670886076,0.2495479204339963,-1.5899934790903163,0.0631500200775501,0.0808675959490549
0,0.0848086751866795,0.0783115552725551,0.0743869059332657,0.069342747175033,0.0711430731256606,0.0105949470252648,0.0874762292855202,0.0442814452594403,0.1540342298288508,-1.24121866854963,0.1051266814876729,0.1293199100936013
0,0.0989442559610566,0.1034866410518349,0.0936811231016075,0.0929980160502087,0.0852637727367499,0.0202839756592292,0.0953346855983772,0.0547667342799188,0.1866125760649087,-1.1539982164456302,0.0787796045675513,0.1090508759356243
0,0.1030406944545877,0.098566416164096,0.0905111478470798,0.088212109621948,0.0827814795332982,0.0292887029288702,0.1673640167364016,0.1129707112970711,0.4769874476987448,-1.4090381569136854,0.1115266342288766,0.1302386484559353
0,0.0826055656973987,0.0714633040390938,0.0721334855293135,0.068579377234117,0.0653906090481556,0.0010775862068965,0.0183189655172413,0.0193965517241379,0.1400862068965517,-1.3829120824932353,0.1040858074160347,0.105989189803905
0,0.102473427386841,0.1032902936377587,0.0929263084461557,0.0897129246200214,0.0835388507776517,0.0606060606060606,0.1212121212121212,0.0909090909090909,0.5,-1.570624446141519,0.0577159260235572,0.1347212351605215
0,0.096050771599062,0.0969741215640515,0.086728027166842,0.0834308882013016,0.0784702181066607,0.0136986301369863,0.0924657534246575,0.0273972602739726,0.2602739726027397,-1.5257675007372624,0.0532921274903049,0.1199077269881091
0,0.0972686545723277,0.0981484206269781,0.089045417648328,0.0881244401391586,0.0822431500913683,0.0279151943462897,0.1151943462897526,0.0459363957597173,0.2219081272084805,-1.4886782180224905,0.0466781121094079,0.111040411327608
0,0.1016156044884531,0.1041136889865891,0.0921722233708314,0.0906823892134789,0.0846653460170644,0.0136986301369863,0.109237794169301,0.0319634703196347,0.2367404285212504,-1.551821770877405,0.0560469150457423,0.1210455623197492
0,0.1030541618337199,0.0978562735760325,0.0896928230371285,0.0878394120236732,0.082290406455699,0.0191000323729362,0.0997086435739721,0.0443509226286824,0.198769828423438,-1.4619455446334673,0.0847457069349083,0.1368669613941164
0,0.0979721404366185,0.0931084712951613,0.0891052270316113,0.0877045017097583,0.0807042936296268,0.032258064516129,0.1209677419354838,0.1451612903225806,0.2903225806451613,-1.5515716901032062,0.034624850920652,0.0863613340749336
0,0.1016490834138014,0.104290527671751,0.0909898253803506,0.0876387973559998,0.081593622954286,0.0173160173160173,0.0432900432900432,0.0259740259740259,0.1991341991341991,-1.4696239899025365,0.0796712520736792,0.1114895344782395
0,0.1016800284291338,0.1023297901600395,0.08841205335141,0.0908126414163268,0.078940127674306,0.0588235294117647,0.0980392156862745,0.0261437908496732,0.3071895424836601,-1.6363464300930468,0.0582280742554322,0.1120717638814989
0,0.1002903206932497,0.0965416740375662,0.0901829773541636,0.0874032949441068,0.0841479817088254,0.0346283783783783,0.1334459459459459,0.0599662162162162,0.2052364864864864,-1.4602124077673493,0.0629108304015425,0.1553883217440451
0,0.1025835130511108,0.093522721532824,0.0844826694523168,0.0791271769781964,0.0801999283839995,0.0222222222222222,0.0666666666666666,0.0444444444444444,0.2,-1.3421814735395985,0.1331658342829073,0.1403301514601715
0,0.0930533021036262,0.0960155661056246,0.0869150482619301,0.0857120925363522,0.0782896394620171,0.0085242408098028,0.0602024507192328,0.0167820990942994,0.0953649440596696,-1.5562143973550109,0.0548879276569312,0.1355818528350913
0,0.0943041328896089,0.1026323483165467,0.0847883907909965,0.0876818531580401,0.0752220374167583,0.0155440414507772,0.0621761658031088,0.0145077720207253,0.1512953367875647,-1.5969448480028037,0.0459886077069778,0.1000360928564737
0,0.1057345496329281,0.1081026714123607,0.0936848812591494,0.0955616565467564,0.084141317724016,0.0136986301369863,0.0273972602739726,0.0547945205479452,0.1643835616438356,-1.561759171141151,0.0603492082682771,0.1137411121914486
0,0.0696860471851107,0.0637622134816047,0.0863019055744417,0.0975388059914314,0.0198901361333651,0.0,0.0588235294117647,0.0588235294117647,0.0,-1.2621443708773856,0.1095136813623305,0.0553904170187281
0,0.0869567431993615,0.0848597182643031,0.0768914287911112,0.074105863146726,0.0700695128237982,0.0061099796334012,0.020366598778004,0.0081466395112016,0.0957230142566191,-1.4880239775144777,0.0704805394976052,0.1107533812759607
0,0.09319787995663,0.098508379367978,0.0899062930697865,0.0899420850294945,0.0831879671125084,0.0,0.0,0.0,2.0,-1.522735537079434,0.0792601518255211,0.0791916066909958
0,0.0715029115860944,0.0792559763225288,0.09381315449789,0.1062829538062783,0.0613440912606621,0.0001874343979607,0.0007872244714349,0.0006372769530664,0.0020242914979757,-1.167517200845795,0.0758713934248154,0.0495836223131479
0,0.0843273111889813,0.096440470659409,0.0814994818345956,0.0852697069383566,0.0748373334567098,0.0,0.0576923076923076,0.0769230769230769,0.4038461538461538,-1.183948984215793,0.0371195980428942,0.0771348734729703
0,0.0977083427272378,0.1048307885112347,0.0936958099789484,0.0918801435080215,0.0837839693918889,0.0246913580246913,0.0987654320987654,0.0493827160493827,0.2757201646090535,-1.0214317560137576,0.0631602972308434,0.1038846033856147
0,0.0939968975245429,0.0971176268945266,0.0884768369093898,0.0891918031821705,0.0804432322938613,0.0473815461346633,0.1346633416458852,0.1037406483790523,0.2763092269326683,-1.7286071401141667,0.0351514267752846,0.1279541443419633
0,0.0979096959196481,0.0937721649086349,0.086953338191887,0.0852005867768694,0.0772251752565248,0.0138121546961325,0.0676795580110497,0.037292817679558,0.2099447513812154,-1.2820322389675145,0.0867318686708189,0.1334949803511859
0,0.0903579731629609,0.0929779087917389,0.0824686171477161,0.0774666054505642,0.0681298012484726,0.064516129032258,0.032258064516129,0.032258064516129,0.1612903225806451,-1.1179088666929706,0.1433055335755188,0.1304082618772528
0,0.1075589765707032,0.1059182347216757,0.0946021279855439,0.0888603841734328,0.087957398254729,0.0233333333333333,0.1622222222222222,0.1033333333333333,0.3033333333333333,-1.1913764988644102,0.1986873648953033,0.1296454853768985
0,0.0990093196386662,0.0978642007082341,0.089156445004157,0.0865757604541159,0.0814169105317766,0.0080056510477984,0.0748763833294089,0.0193077466446903,0.1285613374146456,-1.5155221476003422,0.0671206282006428,0.1541657959078219
0,0.1149714651825695,0.1099179925708145,0.0989356040763834,0.0998567656438118,0.0900749994328041,0.0273556231003039,0.1717325227963526,0.0562310030395136,0.3221884498480243,-1.686143801514358,0.0436269310022977,0.1471373285795319
0,0.0865264823292002,0.0836377392754559,0.0816679809839431,0.0786871570277668,0.0728576496610592,0.0026631158455392,0.0372836218375499,0.0492676431424767,0.1211717709720372,-1.6140539396224642,0.0260135109548171,0.1450442190768502
0,0.0856934531630486,0.0847179312570962,0.0796079166070935,0.0808916762335396,0.0627122337136842,0.0043859649122807,0.0263157894736842,0.0175438596491228,0.0745614035087719,-1.4903709947379222,0.0713998325866455,0.1006164335262915
0,0.0913444557207864,0.0856745731153471,0.0789351973114834,0.0767775874039028,0.0730865259384647,0.0096525096525096,0.054054054054054,0.025096525096525,0.1216216216216216,-1.52901468753024,0.058153547657207,0.145318746935475
0,0.1058285380400177,0.1021149922556412,0.0922303488411016,0.0867306108489651,0.0858136366418608,0.0083892617449664,0.0536912751677852,0.0436241610738255,0.1627516778523489,-1.5073972886688372,0.0775533333171992,0.1608106556992735
0,0.085452761022537,0.0740844635031199,0.0737889502431355,0.0768606739936238,0.0622059827575875,0.037037037037037,0.074074074074074,0.074074074074074,0.2222222222222222,-1.3632631421932828,0.0804396351389448,0.0959558239314992
0,0.1033935015737453,0.0819875064004869,0.0765436498943596,0.0956898699808939,0.0535617082953166,0.0,0.0,0.0833333333333333,0.25,-1.9170137426635607,0.0218868442515898,0.0675956941576084
0,0.0279222118219466,0.0274572144531342,0.0222418590928368,0.0276531340923224,0.0226347997727515,0.0,0.0,0.0,0.0,-1.5806134992451206,0.0277286849709291,0.2545262838010876
0,0.1047706424986246,0.10190611618068,0.0953927888125669,0.0937939650309226,0.0846167516314347,0.0328849028400597,0.1509715994020926,0.0597907324364723,0.2391629297458893,-1.1615464238269737,0.1126426302429718,0.1309734925232267
0,0.0920594493198617,0.0924834897623976,0.0841125979096011,0.0795599347648327,0.0761692023235398,0.0023255813953488,0.0604651162790697,0.0697674418604651,0.2744186046511628,-1.4873601134215058,0.0630271658735632,0.1143085290106234
0,0.0906804626267742,0.0878218560972259,0.0833838823707583,0.0856303056495206,0.0671742854944991,0.0080862533692722,0.0269541778975741,0.013477088948787,0.0781671159029649,-1.4986176402864304,0.0753632079293537,0.0923924845930486
0,0.1009151978059531,0.0954800864736989,0.0884130311948837,0.0850749459823088,0.0856114568067204,0.0341328413284132,0.0968634686346863,0.084870848708487,0.2675276752767527,-1.3940360861791343,0.0809041494386258,0.1397134498989099
0,0.0888157469862116,0.0898188861903457,0.0857940632124345,0.0830204654438025,0.0751063607864755,0.0054054054054054,0.1297297297297297,0.0702702702702702,0.1891891891891892,-1.3723429328253696,0.0787066944264372,0.1151827387618033
0,0.1061287186155848,0.1028515808599312,0.0956324248845618,0.0908917904542041,0.0850356648050093,0.0342205323193916,0.2433460076045627,0.1254752851711026,0.2965779467680608,-1.4894723901655456,0.0590269662884239,0.1649581713486999
0,0.0984253284992466,0.1054501151961227,0.0910322602907028,0.0948770930883411,0.0792031810119575,0.0425531914893617,0.1382978723404255,0.0212765957446808,0.1542553191489361,-1.714675428642639,0.0313998965098853,0.1205104252134507
0,0.1111085399328836,0.1146315368947438,0.1010790131744428,0.0986533601215976,0.0905775682719628,0.0522755227552275,0.1980319803198032,0.0719557195571955,0.4649446494464944,-1.440873742001267,0.0697206265259566,0.1365647028703668
0,0.1008855150382655,0.0951363093859805,0.0911782364856944,0.0850699509706148,0.0785631416503967,0.0188679245283018,0.0566037735849056,0.0943396226415094,0.3113207547169811,-1.6994883970809398,0.0011817107535678,0.1251214929890838
0,0.102666748551588,0.0983859709638005,0.090882472904211,0.0877316190765138,0.0822427932059706,0.0197956577266922,0.1232439335887611,0.0383141762452107,0.2113665389527458,-1.505438887789707,0.0781813719687465,0.1338864678345046
0,0.0908932735607005,0.0846538408406433,0.0807741408260725,0.0773558410047984,0.0733478634211083,0.0238805970149253,0.053731343283582,0.0417910447761194,0.1223880597014925,-1.802130850758818,0.0219227532184213,0.1306460061829544
0,0.1117617839305575,0.107355478324901,0.0978157810561385,0.0931217074047626,0.0925874295812193,0.0779220779220779,0.3333333333333333,0.1818181818181818,0.7532467532467533,,,0.1088997051996301
0,0.1095786211254348,0.1007039276027582,0.0878043730157011,0.087462202698758,0.0891159345985629,0.0113636363636363,0.0795454545454545,0.0227272727272727,0.1363636363636363,-1.3986688663006337,0.0959531558156841,0.1269924966399962
0,0.0779322575398783,0.0759134279070507,0.0761839714784781,0.0707506322524179,0.068390917958689,0.0118343195266272,0.044378698224852,0.0281065088757396,0.1775147928994082,-1.332894383525821,0.1095042909664518,0.152526693247289
0,0.1022362580054576,0.096328682539239,0.0885044013844214,0.0884220326387911,0.0749538493501568,0.0168539325842696,0.095505617977528,0.1741573033707865,0.4438202247191011,-1.7066624212893218,0.0443135572699036,0.0947499069274983
0,0.0925146534101763,0.0863248699024794,0.0846206049251982,0.0783257567557788,0.0772772709153695,0.0089766606822262,0.0700179533213644,0.0484739676840215,0.2118491921005386,-1.3583919668995388,0.0864375856198192,0.1252588867191618
0,0.0983398838107408,0.0880666113128064,0.0833121736166754,0.079171182726541,0.0785353499801577,0.009012785579543,0.0729406832949067,0.0322783483546426,0.1439949696080486,-1.5864113170105687,0.051499460732753,0.1175680035498179
0,0.1054041353216403,0.0972262250335642,0.0948113080284064,0.0808954097036277,0.0845425508078527,0.0,0.125,0.25,0.125,,,0.1129905264897694
0,0.0883680488933133,0.0837827352136319,0.0794222462044292,0.0761908870217054,0.0725420113456164,0.0047058823529411,0.0611764705882353,0.0352941176470588,0.1176470588235294,-1.583923843077534,0.0600762462969238,0.1339384997078746
0,0.0861620616817995,0.086364316358505,0.0820273593329379,0.0819016647480481,0.0704296502952301,0.0140112089671737,0.0624499599679743,0.043634907926341,0.2237790232185748,-0.4650258997630684,0.1129103326751938,0.1057247685843249
0,0.0963438775654436,0.0958747621524534,0.0860196401872565,0.0855054288543807,0.0740145406038661,0.002020202020202,0.0484848484848484,0.0868686868686868,0.1898989898989899,-1.6824129433549138,0.0392724319798689,0.087627122105345
0,0.1007905322835621,0.0940724737618461,0.085682524078847,0.0804110902712989,0.0796041856157743,0.001507159005275,0.0361718161266013,0.0241145440844009,0.1492087415222306,-1.4059080078425246,0.0805536983282331,0.162677245075839
0,0.0934144192424992,0.0871370817814615,0.0803330476237889,0.0756678397171177,0.0777305518141798,0.0158730158730158,0.1031746031746031,0.0714285714285714,0.2103174603174603,-1.3204776175319135,0.0882460613030493,0.1250095420010752
0,0.0836726383663882,0.0807711020902401,0.0772946814790462,0.0696893975611433,0.068305245745676,0.0138888888888888,0.0694444444444444,0.0833333333333333,0.2638888888888889,-1.526205668294348,0.0545369485331454,0.1583707489165892
0,0.0964434815085672,0.0901317601976605,0.0845109618584578,0.080016501531395,0.0807094820707946,0.0111223458038422,0.055813953488372,0.0404448938321536,0.1259858442871587,-1.3073859333015747,0.1190972849600887,0.1215027630959065
0,,,,,,,,,,,,
0,0.1029008861215936,0.1077111768788733,0.0936724324688373,0.0952529923122046,0.0870323706585892,0.0163398692810457,0.074074074074074,0.0261437908496732,0.1492374727668845,-1.3104007875692236,0.1041389509957757,0.1573951283832329
0,0.0901075805752408,0.0767152984141772,0.0759602884020268,0.07425943586296,0.0826393380178655,0.02,0.02,0.06,0.12,-1.0964148089259884,0.0555500347808804,0.1866913613367698
0,0.1074665746993361,0.1109296444019747,0.0908281909506749,0.0890228227848443,0.0811306111953674,0.0109961190168175,0.0866752910737386,0.0310478654592496,0.2639068564036222,-1.770791152115474,0.0646493165572426,0.0838956501958426
0,0.0988275284857245,0.0924932716610542,0.0845423985451736,0.0820190123524964,0.0763739006204557,0.0120481927710843,0.072289156626506,0.0240963855421686,0.1204819277108433,-1.4239800792805726,0.0859864192076503,0.1472210222542834
0,0.0882476060970118,0.0777150584119338,0.0792851920516403,0.0781732959177236,0.0758810254305294,0.0,0.0677966101694915,0.0,0.0338983050847457,-1.20287645145612,0.1220457013336464,0.1143701086067206
0,0.1060669961078014,0.0996478830564897,0.0910096075957387,0.0900341379777921,0.0848210436673807,0.0172074729596853,0.1352015732546706,0.0703048180924287,0.288102261553589,-1.6761126629515095,0.05166519742919,0.1430389252937633
0,0.0966136034149589,0.0976608265515831,0.0944435176822829,0.0938231320060063,0.0797437916787468,0.0301142263759086,0.0649013499480789,0.0404984423676012,0.2388369678089304,-0.8939506883945785,0.0581028131982493,0.1408287526888635
0,0.0938885442738474,0.0883480773328195,0.0847322332834299,0.080411372429157,0.0787685395984044,0.01,0.07,0.03,0.31,-1.4748883564135935,0.059013467329857,0.1356773509138282
0,0.1066144379950864,0.1092886817062624,0.0934657921963633,0.0952626813639699,0.0869363738644134,0.0438506337786913,0.1075710859883521,0.0414525522439191,0.2185680027406646,-1.5397706015330328,0.0562430934922528,0.1332721474318678
0,0.0961836845217015,0.0968247899155866,0.085095974302204,0.0855598022120116,0.0819543262101298,0.0089852008456659,0.0502114164904862,0.0163847780126849,0.1152219873150105,-1.5023282150724089,0.0638000363468669,0.1401520001354968
0,0.0966104557463646,0.0947883302770034,0.0885898261501229,0.0881710191482698,0.0814858644253078,0.0236051502145922,0.0894134477825464,0.0364806866952789,0.1795422031473533,-1.4279206566237623,0.0611805167720844,0.115811910663989
0,0.098877014481966,0.1007715342268655,0.0899226683418125,0.0892747862971354,0.0818443530277205,0.01025390625,0.05810546875,0.05615234375,0.2958984375,-1.3249923147307492,0.041758908605124,0.0882959345006328
0,0.0939610808730596,0.0954917080758965,0.0843290608769224,0.0822903104539546,0.0735451396792283,0.0241935483870967,0.0725806451612903,0.0,0.1532258064516129,-1.4213076920781853,0.095172977942983,0.1196579126161727
0,0.0917068893537513,0.0955001068328545,0.0886988241830241,0.0905448637813349,0.0758004175506367,0.054054054054054,0.072072072072072,0.1351351351351351,0.3513513513513513,-1.0565371024734984,0.0954063604240282,0.0881134875166357
0,0.0802786119581571,0.07751352698083,0.0690389856953026,0.0696386822369569,0.066855958461751,0.0035460992907801,0.0177304964539007,0.0070921985815602,0.0319148936170212,-1.3760492695632218,0.0743991438848204,0.1394882284321356
0,0.1066053489107585,0.1052141611758561,0.0926364240022707,0.0907563459893845,0.0853259568183404,0.0604026845637583,0.1476510067114094,0.0268456375838926,0.1208053691275167,-1.5296330013601365,0.0737757353338833,0.1701441269265102
0,0.1039259677651297,0.1048330568790737,0.0975703281935004,0.0931892502122097,0.0880352916205173,0.0266476810414971,0.138527257933279,0.0915378356387306,0.3203824247355573,-1.5170168401164477,0.0618280481498313,0.1388267475408229
0,0.0984140330945185,0.0938748199464568,0.0846992183353944,0.085027429653211,0.0822507668984688,0.0091743119266055,0.0458715596330275,0.0458715596330275,0.1009174311926605,-1.5053619213754263,0.0533716236678573,0.1180396892500051
0,0.1100817676165067,0.1133396339581745,0.0944766582196515,0.0959620793777924,0.0882483945475147,0.0287769784172661,0.1942446043165467,0.0719424460431654,0.2158273381294964,-1.6859383326845825,0.0421423911231624,0.1186468964357866
0,0.0976260960083355,0.095041798879291,0.0891895762512482,0.0862290313282143,0.0823202806618482,0.0318471337579617,0.2101910828025477,0.1146496815286624,0.2229299363057325,-1.4010148895571972,0.0466321893710838,0.1260770166170029
0,0.0930838805524536,0.0804222592978658,0.0807391832771129,0.074529207703868,0.0714865127265662,0.0128205128205128,0.0384615384615384,0.0213675213675213,0.1324786324786324,-1.463392408658165,0.0501800861486181,0.1326086705174288
0,0.0988246310370949,0.0932343187511679,0.0871209137638597,0.0808883839138652,0.0791847199980329,0.0129390018484288,0.1164510166358595,0.0979667282809611,0.3160813308687615,-1.3419604031657808,0.1173084451070086,0.1298605215170153
0,0.1056716465273813,0.1048700203868761,0.0947122923952567,0.094454105526122,0.086653378172268,0.048975512243878,0.1314342828585707,0.0494752623688155,0.1994002998500749,-1.494039577471825,0.0651384217098408,0.1323208441863178
0,0.1049249900527838,0.0987547801447657,0.0888976703250569,0.0868389144638753,0.0841946301262208,0.0385050962627406,0.2434881087202718,0.1041902604756511,0.4960362400906002,-1.3454106135955763,0.1087972881459034,0.1005290524603872
0,0.1042757768307765,0.1027582203234369,0.0933941221320855,0.0918646305086532,0.0795809854379903,0.0578842315369261,0.1616766467065868,0.059880239520958,0.405189620758483,-1.426750435754506,0.0620423736550257,0.0922574231330995
0,0.0955961788457457,0.0923829841370216,0.0863451676250549,0.0848411397202679,0.0761101266534211,0.0,0.072463768115942,0.072463768115942,0.217391304347826,-1.5568135459438417,0.0614418551903864,0.1111650438573646
0,0.0908419758647937,0.095874831426182,0.0872522871758366,0.0863165959700008,0.0793345278604288,0.0171029668411867,0.0713787085514834,0.0352530541012216,0.1535776614310645,-1.3203470365542307,0.1091201669141088,0.1460172009768053
0,0.0928541278788509,0.0886014992475933,0.082660410564332,0.0796909515033467,0.0735518833623855,0.0119176598049837,0.0650054171180931,0.0422535211267605,0.1635969664138678,-1.5925342430258134,0.0669058899398394,0.1242451420977466
0,0.0981600628230951,0.0963600205525991,0.0885923310764435,0.0855088900888377,0.0812728199013828,0.0186165358642088,0.0985581310458112,0.0388757072458477,0.2818032487680234,-1.3475346841806874,0.0996404457736739,0.1256890017365176
0,0.0940450272770977,0.1013551671726615,0.0865346344036961,0.0807420975965261,0.0908509063749074,0.0,0.1304347826086956,0.0434782608695652,0.217391304347826,-1.0808211103630978,0.2043406449171624,0.1398854985600696
0,0.0922095610506278,0.0882833745621267,0.0840451245309091,0.0783838487395448,0.0771917809603067,0.0075244544770504,0.0684725357411587,0.0338600451467268,0.1392024078254326,-1.428177330386789,0.0607667569020699,0.1448882139338718
0,0.0977296155742291,0.1011939929051185,0.0922682073437185,0.0909768058845826,0.0822609334661027,0.0106071689831748,0.0724213606437454,0.0343818580833942,0.1499634235552304,-1.648590684208151,0.0561071864209601,0.1106201791444475
0,0.1006821317783915,0.1032764223394431,0.0924612519289812,0.0930956511166737,0.0842711161470771,0.0171306209850107,0.1862955032119914,0.0728051391862955,0.3297644539614561,-1.4932945152838637,0.0864173358914117,0.1319552429511797
0,0.112609121410543,0.0994301988974036,0.0960239192367796,0.1014981063402595,0.0798281502595335,0.0074875207986688,0.0632279534109817,0.0183028286189683,0.0965058236272878,-1.1610835267100812,0.1524667725586158,0.1096489596480451
0,0.0968061827036115,0.0931454123223459,0.0883573180158946,0.08585076175215,0.0797173667904058,0.0215395480225988,0.0949858757062147,0.048728813559322,0.2217514124293785,-1.3927401368613008,0.0673668378913118,0.12726397227679
0,0.0986914073548727,0.0948024113542648,0.0887066236943498,0.0868739510906579,0.0790444935550144,0.0192307692307692,0.0538461538461538,0.0692307692307692,0.1769230769230769,-1.0273289774277383,0.0647797117175075,0.1103887783423525
0,0.0835265872010683,0.0872188684381519,0.0961667216170919,0.0909793983177849,0.0638656078078535,0.0,0.0,0.0,0.28,-1.474720242840525,0.0252777969673607,0.0722844736954236
0,0.0928291922143522,0.0690182880767266,0.0704221030267081,0.0662510784384484,0.070339581478037,0.0,0.0,0.0416666666666666,0.2083333333333333,-1.2343446516786905,0.1645494301627138,0.1571486385154439
0,0.1073099964579101,0.1049952689298642,0.0912293084638221,0.0975154759212943,0.0897667352830646,0.0434782608695652,0.1739130434782608,0.0434782608695652,0.3043478260869565,-1.432136531432892,0.0985842431952989,0.1660808974209664
0,0.096144165711838,0.0910109940925166,0.0805571608500218,0.0770027632078243,0.0786773473112616,0.0434782608695652,0.108695652173913,0.0217391304347826,0.1521739130434782,-1.4903617394493902,0.0997321828193273,0.1765150979782629
0,0.0966773914507499,0.0914324406857948,0.0897707008921606,0.0833295753348618,0.0775182720339766,0.0186915887850467,0.0467289719626168,0.0373831775700934,0.1261682242990654,-1.4974307524364356,0.0979162983646209,0.1164837674252144
0,0.093636104552457,0.0921897125484795,0.0905510206636214,0.0832803206865024,0.0815300750875839,0.0285285285285285,0.1526526526526526,0.1306306306306306,0.3898898898898899,-1.2022981072660777,0.1222290505381767,0.1689794903380643
0,0.0996127996399128,0.1003373553695559,0.0891050284183372,0.0875571087109223,0.0823209795839947,0.0180327868852459,0.1081967213114754,0.0721311475409836,0.260655737704918,-1.418605524228451,0.0312201005508657,0.0825399459332303
0,0.1035205422169336,0.1071879619103912,0.0974439955143794,0.0927268086292235,0.0888263940575234,0.0153846153846153,0.1169230769230769,0.0153846153846153,0.1661538461538461,-1.5089900638298237,0.0681391680028309,0.1520862116322189
0,0.0669301708470477,0.0666095575269458,0.0719367559079392,0.0654926544248864,0.0555031651305895,0.0,0.010204081632653,0.0,0.0510204081632653,-1.4727786433173942,0.0925318712992603,0.0981910018653555
0,0.0880601019896662,0.0950878892381249,0.0857868873662272,0.0829810588078042,0.0791088155978004,0.0,0.0425531914893617,0.0212765957446808,0.1276595744680851,-1.4056501574616802,0.1079857869196537,0.1390764738896101
0,0.0984576671745371,0.1016370198539696,0.0933189149069927,0.0909612728568942,0.0829109060810525,0.03862660944206,0.1502145922746781,0.0987124463519313,0.2918454935622318,-1.5688654092273555,0.0536614350358021,0.0910565097128115
0,0.102498861125396,0.0994904744183496,0.0887841905248817,0.0885692509271075,0.0832785851310006,0.0384187082405345,0.1664810690423162,0.0729398663697104,0.2761692650334075,-1.2638938294968802,0.1164551391983407,0.1078436890911152
0,0.0885688760054621,0.0847174541691874,0.0811484675232365,0.0766064361353431,0.0745983724628692,0.0032863849765258,0.076056338028169,0.068075117370892,0.1436619718309859,-1.4675432264284598,0.0696332099074655,0.1274847932268412
0,0.0945824926671069,0.091087750699846,0.0843483142154297,0.0797683296941286,0.0751311675599397,0.0044722719141323,0.0456171735241502,0.0116279069767441,0.1118067978533094,-1.683820055753676,0.0407137045103771,0.1397067468525859
0,0.1125337676999424,0.0894188246337957,0.0927939528356822,0.077892402302715,0.0844355365874477,0.037593984962406,0.150375939849624,0.1729323308270676,0.7218045112781954,-1.0256974546354,0.1745119153704907,0.1293105270608344
0,0.0895774965227148,0.0812814559077971,0.0761541445048149,0.0736464969742287,0.0674367716870086,0.0,0.048076923076923,0.048076923076923,0.173076923076923,-1.5659935824740308,0.0466624063951953,0.106422053751905
0,0.0931252468334539,0.0897380026894724,0.0852450756015952,0.0832305699347091,0.0772911971568021,0.0427710843373494,0.1451807228915662,0.136144578313253,0.3072289156626506,-1.6528276524710543,0.0407487533896733,0.0909110013904612
0,0.1007663193838421,0.0850518785545475,0.0815648438990851,0.0806905928350198,0.0836414304399944,0.0,0.0212765957446808,0.0212765957446808,0.0638297872340425,-1.4966951572120135,0.0727247635917731,0.142875274365755
0,0.0972357432765199,0.1054678327883193,0.0950288002095895,0.0917657402497404,0.0828718802610209,0.0184331797235023,0.0921658986175115,0.0230414746543778,0.1474654377880184,-1.323613813113991,0.0724387427627221,0.1629074350057686
0,0.0991085413629237,0.0949898855888943,0.0886056264275182,0.0844451182689632,0.0815192377426932,0.0164835164835164,0.0635792778649921,0.0871271585557299,0.2464678178963893,-1.4367882090056543,0.0666299489057695,0.0986715113584157
0,0.0934315965336814,0.092284077507013,0.0844634511143244,0.0807402895577799,0.0798480597919722,0.0273109243697479,0.0980392156862745,0.0931372549019607,0.1932773109243697,-1.2729538173928203,0.1336719657950622,0.172552566593691
0,0.0917634656915983,0.0944088499601131,0.0815904445143631,0.0781923105663541,0.0819775040599382,0.0,0.0483870967741935,0.0161290322580645,0.1129032258064516,-1.1329834647310928,0.1099340762392834,0.1244742952540557
0,0.0870754744148425,0.083109351371924,0.0764044648632373,0.0744721556243477,0.0726994974508033,0.0060273972602739,0.0413698630136986,0.0238356164383561,0.0953424657534246,-1.569024867648514,0.0604892532383026,0.1625296102519981
0,0.105120964073702,0.1006084726400274,0.0893067172160226,0.092104433868955,0.0849351985628998,0.25,1.0,0.0357142857142857,0.1428571428571428,-1.450355991614288,0.0536639875292266,0.196851015800097
0,0.0972783682714546,0.0934979309885346,0.0891530090785116,0.0853028525612201,0.0775233151941239,0.0160309563294637,0.1398562741846324,0.0342730790491984,0.2924267551133223,-1.840320974621137,0.0102338207110713,0.140272004220391
0,0.1052451605562646,0.1053433059133727,0.0922039138163606,0.0926785500714585,0.0842256814438224,0.0479386385426653,0.1706615532118887,0.0431447746883988,0.3720038350910834,-1.4907183454142627,0.072212256247922,0.1414702636755209
0,0.0942697980281734,0.0976774235806207,0.0894381757349448,0.0930252276293711,0.0740148984470248,0.0151515151515151,0.0454545454545454,0.0454545454545454,0.1515151515151515,-1.5750168189927936,0.0706568465487924,0.1066147628885876
0,0.0881864276199438,0.087869121472888,0.0787496239105599,0.0750514670935459,0.0788526179072729,0.0,0.0428571428571428,0.0,0.1428571428571428,-1.3683231809205847,0.0472105761466423,0.1422689545526012
0,0.0950417518338987,0.094198447272435,0.0874415654130835,0.0856555959442454,0.0813766871451819,0.0493685419058553,0.1486796785304248,0.1027554535017221,0.3530424799081516,-1.3245893185477535,0.0842897237628098,0.1182895607778334
0,0.10108771445091,0.1017873485152573,0.0899675136439182,0.0907966827113447,0.0824661730276817,0.0,0.1733333333333333,0.1066666666666666,0.48,-1.6275676934926515,0.0463375974893547,0.0982121652114469
0,0.0990068867498776,0.0999041545602153,0.0901817632965421,0.0893704588414801,0.0830189173934051,0.0836820083682008,0.2175732217573222,0.1297071129707113,0.6150627615062761,-1.4930406791529234,0.0807843963743836,0.1097776616479443
0,0.1009111801633439,0.1000225096732653,0.0884348519476373,0.0821132971759718,0.0815410713254625,0.0209205020920502,0.0627615062761506,0.0418410041841004,0.1087866108786611,-1.3762686581235937,0.0849462944765634,0.1346709490362451
0,0.1063834643098294,0.0915027694238982,0.0852709174037874,0.0892181200193565,0.0786526849148462,0.05,0.15,0.2,0.75,-1.6247169948455988,0.0434720127399623,0.1552103721492641
0,0.1037869378569805,0.1060711849027774,0.0911660592186582,0.088052579573942,0.0807731521113487,0.0,0.0952380952380952,0.0,0.238095238095238,-1.637305699481865,0.0673575129533678,0.0637425275541749
0,0.0928868475994563,0.0882593736810107,0.0831844502562061,0.0795903605927522,0.0735154959387111,0.0052693208430913,0.0755269320843091,0.0333723653395784,0.1288056206088993,-1.6807770634437904,0.0414704921657165,0.1066284005572211
0,0.0983139451083295,0.0928886109972056,0.0855744751390899,0.0814699644616091,0.0801796771274692,0.0276301806588735,0.0924548352816153,0.1509032943676939,0.2136025504782146,-1.425323804586477,0.0553676911284388,0.1417451815070272
0,0.0791718622819292,0.0761729504393724,0.0700770339929165,0.068865601964221,0.0642795361086448,0.0151584749655489,0.0352166590108712,0.0289389067524115,0.1270862042566222,-1.3249168356968746,0.113834582711898,0.1196246936171881
0,0.0931793444130963,0.0914775856248727,0.0855468238979135,0.0797317469683999,0.0779890754922702,0.0093776641091219,0.0730321113952827,0.0318272236430804,0.1548735436203467,-1.5925945340287764,0.0584691741899917,0.1421498689934991
0,0.0974245206775073,0.1044432653949711,0.0947722942860238,0.0984677565047236,0.0803762436653829,0.0178958785249457,0.0997830802603036,0.049349240780911,0.1990238611713665,-1.465852986070525,0.1081049415645924,0.1434610126144086
0,0.0938132260652285,0.0973988859613366,0.0894517286380062,0.0849446959876075,0.0776004850402026,0.0169491525423728,0.0847457627118644,0.0932203389830508,0.1864406779661017,-1.499456590347206,0.0694462350998366,0.1142904506064468
0,0.097589034891979,0.0994553889404118,0.0911761815602234,0.0862796527824091,0.0828169309365274,0.0094923648369789,0.1110193974411886,0.0491126702434997,0.1865456046223689,-0.9326662587439314,0.2853068731307214,0.1554337378003327
0,0.0839810441669148,0.0833196974889942,0.084267264390624,0.0791727833670426,0.0693914432584314,0.0,0.0,0.3333333333333333,0.1666666666666666,-1.5440587355347906,0.0526495971232226,0.0987121667273581
0,0.0844075300011665,0.0914487984028192,0.0928508635963034,0.0813230096532996,0.0768030079077724,0.0,0.0555555555555555,0.0555555555555555,0.2777777777777778,-1.4242525782332034,0.0599515543775303,0.137520722032434
0,0.0935561810698532,0.0936680022828533,0.0873390415702747,0.0849997586587946,0.075840872115783,0.0126782884310618,0.0649762282091917,0.0396196513470681,0.2012678288431061,-1.5341426500381488,0.0701302257975151,0.1272763563337313
0,0.0997451704521493,0.0960365406641276,0.0889622108949714,0.0842511295279862,0.0834067579122895,0.0380804953560371,0.1519091847265221,0.1325077399380805,0.3094943240454076,-1.66890793651141,0.0297172296556491,0.1544033004891666
0,0.0919641599356005,0.0987490859755685,0.0858884069175505,0.0877744605211039,0.0791614670273955,0.0,0.4482758620689655,0.0,0.1724137931034483,-1.6311707612222603,0.0675802596277975,0.0766649494509677
0,0.0886723688281379,0.0859430621251862,0.0785288826397657,0.0771423841509813,0.0742504762129753,0.0032520325203252,0.0357723577235772,0.0178861788617886,0.1170731707317073,-1.4039166283504887,0.0795836211695959,0.1054719028725152
0,0.0972052561596905,0.0926340223414514,0.0866615693957625,0.0839516587680665,0.0782556871974579,0.0064794816414686,0.1684665226781857,0.0431965442764578,0.3002159827213823,-0.9513235013859562,0.0735059898660406,0.1225959525704584
0,0.0939828681613609,0.0900843337640355,0.0816856438627922,0.079509913414682,0.071652473580179,0.0,0.0045871559633027,0.0091743119266055,0.1146788990825688,-1.7063873718720588,0.025665118703754,0.0632247357120314
0,0.1003816107406719,0.0968721146582322,0.0849915038386299,0.0877234130852425,0.0813016431029009,0.0206896551724137,0.0793103448275862,0.0379310344827586,0.1620689655172413,-1.5346219327105215,0.0702522017264703,0.1206767675882463
0,0.0885024299956612,0.1002396381354621,0.0878422591077088,0.0962624660467054,0.0742064854243853,0.0,0.0,0.0625,0.3125,-1.4807025934184423,0.0720464562374565,0.1363669591981134
0,0.1023966442934512,0.104073292528773,0.0950432844353025,0.0927872141831946,0.0869653546818537,0.0567536889897843,0.2633371169125993,0.0970488081725312,0.3683314415437003,-1.458200378745959,0.0720534395921899,0.1322854807716568
0,0.1052252891724233,0.0992698182788851,0.0863870157461386,0.0850176780350393,0.0828991446894105,0.0483619344773791,0.0998439937597504,0.046801872074883,0.2215288611544461,-1.5718612642957237,0.0572335554992382,0.1290129736861273
0,0.0950833948809759,0.0971017380423865,0.0906443630418483,0.0916103646479519,0.0776325677382417,0.0,0.0568181818181818,0.1022727272727272,0.2272727272727272,-1.6439346416548934,0.0312535256412566,0.1118633396175212
0,0.0959435647018881,0.0975594427633756,0.0892175405431172,0.0884807915289072,0.0793987995022918,0.0211267605633802,0.137715179968701,0.0555555555555555,0.3380281690140845,-1.5345457836469123,0.0625734889648344,0.1435601146305232
0,0.097358592673263,0.1017332985351112,0.093768627885492,0.0914627612193915,0.0851549547013146,0.0342194570135746,0.2861990950226244,0.0554298642533936,0.3823529411764705,-1.4320885469987483,0.0726244007744049,0.2684795741751067
0,0.0991278643626584,0.1084536271605587,0.0923680886372954,0.0918525025181308,0.0870805159220776,0.0217391304347826,0.1521739130434782,0.1304347826086956,0.4565217391304347,-1.731171108697582,0.0451413661541412,0.0770567667319671
0,0.1025628858264364,0.102404262953981,0.0928663774608648,0.0917192907920362,0.084396354587434,0.0403095775556272,0.2038052241212512,0.0960980328926152,0.4208319896807481,-1.504770028190337,0.070250314447254,0.1429283367304111
0,0.0932488473267444,0.0895120438203565,0.083928134585164,0.0850335727853518,0.0795140665266741,0.0137931034482758,0.0862068965517241,0.0344827586206896,0.1206896551724138,-1.3301172559307453,0.1502200558540906,0.1482212165118092
0,0.1012260131879021,0.0960793786997499,0.092944098671233,0.0869312974147206,0.0808463141858004,0.0139860139860139,0.1538461538461538,0.0384615384615384,0.2167832167832167,-1.3512912479386103,0.0664832094609396,0.1303662561952849
0,0.1002252109717735,0.0908584257093469,0.08692565258339,0.0842237822302893,0.078077752778445,0.0229007633587786,0.0654307524536532,0.0305343511450381,0.1210468920392584,-1.2178566896875649,0.0863290451594806,0.1302661697861953
0,0.0897372360757441,0.0849284883489442,0.0779329635699688,0.0756487360436773,0.067783972838031,0.0285714285714285,0.1,0.0,0.1857142857142857,-1.4854112153515011,0.0865905924743016,0.1474738870783654
0,0.0987118514746963,0.0994936976773533,0.0908708114453108,0.0872315708190872,0.0812493667855147,0.0249609984399376,0.0967238689547582,0.0670826833073322,0.3463338533541342,-1.5436588644795155,0.0643353052794612,0.0974926809347538
0,0.0791809538588489,0.0788832500032704,0.0741593569778671,0.0696155445484199,0.0645430160336951,0.0017683465959328,0.035366931918656,0.019893899204244,0.0977011494252873,-1.3282380452378946,0.1010402293735054,0.147969321275184
0,0.0985009582002137,0.0978313743562766,0.0923879222884476,0.0888858937991559,0.0790291760269727,0.0,0.0933852140077821,0.0428015564202334,0.2373540856031128,-1.3285570995251228,0.1016385697186196,0.1227796222832126
0,0.104497112112701,0.1013052734371274,0.0914828764750026,0.0897552598566709,0.0846166161716407,0.0305164319248826,0.1115023474178403,0.0422535211267605,0.2177230046948357,-1.4496136433082196,0.0766327572865908,0.1254199639552258
0,0.0951788608980955,0.0988112872734409,0.0892820060193348,0.0872228152647133,0.0798413350305061,0.0202898550724637,0.0637681159420289,0.0637681159420289,0.272463768115942,-1.3369468895896002,0.0809442460800307,0.0683977942195305
0,0.0913121647522945,0.0909456552985428,0.0842752025780564,0.0857656940594208,0.0803995162166565,0.0081967213114754,0.1090163934426229,0.0352459016393442,0.140983606557377,-1.207630892539465,0.0792850230824654,0.1535122385361419
0,0.1002193316522029,0.0877720440354316,0.0881988649329822,0.0875085941372206,0.074180939266436,0.0075614366729678,0.0311909262759924,0.0964083175803402,0.2618147448015123,-1.261494376836879,0.0928798784064634,0.1014107278796914
0,0.1090346737746471,0.1155245432147892,0.0989706963698418,0.094896398019493,0.0848495072574898,0.0204081632653061,0.0897959183673469,0.1142857142857142,0.4408163265306122,-1.465024158580056,0.0834513009618774,0.1300239161263854
0,0.0982780473391871,0.0851533960244978,0.0834382006049929,0.0776471738727408,0.0655021181784133,0.0,0.0769230769230769,0.0,0.0769230769230769,-1.76290297474483,0.0464875139404441,0.1441745594341367
0,0.0940919857653069,0.1023904792612194,0.0917604041736747,0.090392602588648,0.0790260218928078,0.0509554140127388,0.0955414012738853,0.0700636942675159,0.286624203821656,-1.505921824280434,0.0695628735011191,0.1655249890759965
0,0.0885086034961292,0.0861119039485148,0.0789808660237799,0.07589913440632,0.0738539826410819,0.0142857142857142,0.0642857142857142,0.05,0.1285714285714285,-1.3961936860903843,0.0550805830847932,0.1460260801403542
0,0.1003399253924244,0.0956410078061407,0.0848334020679373,0.0876439088494205,0.0836763951985052,0.0943396226415094,0.1132075471698113,0.0943396226415094,0.1132075471698113,-1.6279286199854608,0.046212653177021,0.1201435996014525
0,0.1045343809218851,0.0993405028074796,0.0917766411070661,0.0887587129264885,0.0859145774672094,0.0325420531362993,0.1498192108159094,0.0969973274642351,0.2648954566891998,-1.3526762538872743,0.0567414158864288,0.1332128374427533
0,0.0930047697574631,0.1046844673069523,0.0876726364168605,0.0788108164237837,0.0821404426579004,0.0,0.0652173913043478,0.0869565217391304,0.1304347826086956,-1.377262320777404,0.0831454830730752,0.148314595381606
0,0.0959640859658402,0.0956899530159136,0.0862215385930898,0.0827763984957145,0.0790266780865351,0.0116883116883116,0.1233766233766233,0.0597402597402597,0.2623376623376623,-1.6484678507905055,0.0421025829460983,0.110049854239136
0,0.1007658484920168,0.0958230445329044,0.0879656394675981,0.0837564625762041,0.0826885363712357,0.0186634557495484,0.074051776038531,0.0469596628537025,0.2010836845273931,-1.1937214944730044,0.1289474821394197,0.1471002119771322
0,0.0908741241119361,0.0912073546303719,0.0803372979587788,0.0769674322969974,0.0738839881462662,0.0048076923076923,0.0673076923076923,0.0384615384615384,0.1778846153846154,-1.834332236340109,0.0247248904612873,0.1088372827494891
0,0.107423272113273,0.1144323020639365,0.0930030980288968,0.093493501941288,0.0919297882279922,0.0632911392405063,0.1645569620253164,0.050632911392405,0.3670886075949367,-1.7689756461506276,0.0290891907320184,0.1018279269373306
0,0.1172879426716521,0.1173496176116568,0.0988688299395683,0.0997030673701105,0.0966337039095987,0.0804020100502512,0.1055276381909547,0.0603015075376884,0.2311557788944723,-1.257335609323034,0.1315823769439752,0.1590240432451077
0,0.0833185968118606,0.0779463535571074,0.0754676369038181,0.0735019400538113,0.0679856585070059,0.0071813285457809,0.0771992818671454,0.0125673249551166,0.0861759425493716,-1.445606524499936,0.0498140708720815,0.1369109897102399
0,0.1080197273186522,0.1027026952445992,0.0919921380998989,0.0886560567456004,0.0846376980260872,0.029500756429652,0.1293494704992435,0.0960665658093797,0.3585476550680787,-1.479544725364612,0.0903953980161131,0.1172071897537257
0,0.105358417141729,0.0792660938950228,0.0863180390825406,0.0704730616848025,0.0814640253504631,0.0,0.0352112676056338,0.0422535211267605,0.0985915492957746,-1.5795094097419566,0.034991983935676,0.0937513645808448
0,0.0948131469432501,0.0982009355723192,0.0870213884971078,0.0880816167403527,0.0797510400603274,0.0074682598954443,0.0410754294249439,0.0313666915608663,0.1411501120238984,-1.448370609009709,0.0678472550912768,0.1106075633019838
0,0.0956003235093378,0.1020644479264991,0.0913801722617665,0.0931403471371049,0.0797990042695262,0.0084269662921348,0.0814606741573033,0.0786516853932584,0.3370786516853932,-1.6125676092756198,0.0653040334041443,0.0812989182974682
0,0.0980147571968198,0.1133465079925672,0.0992508378784332,0.0991604223371536,0.0816004014973265,0.0,0.0,0.0,0.4285714285714285,,,0.1043686181497299
0,0.1073569458766479,0.1004464171074446,0.0912419584382837,0.0902694359358152,0.0862615250538058,0.0152610441767068,0.0835341365461847,0.0369477911646586,0.193574297188755,-1.4059668045807483,0.0934592727823181,0.1429819552693939
0,0.0885270796335842,0.0834598101001777,0.0801509194757963,0.0756834599020906,0.0738841836906614,0.0066698427822772,0.0452596474511672,0.0352548832777513,0.1343496903287279,-1.6946167377650962,0.0376624004738752,0.1162474977841627
0,0.0915658024142154,0.1000911815758211,0.095061148396347,0.0960492129290172,0.0756341727465707,0.0,0.1428571428571428,0.0857142857142857,0.1428571428571428,-1.5502030603459105,0.0660879191066834,0.1320013049057751
0,0.1018483542935912,0.1026312875610859,0.092388501702613,0.0904676821525591,0.0854366643585479,0.0335570469798657,0.1666968982405224,0.0564121168148013,0.3977870487937602,-1.3732441600178174,0.1106649387154476,0.1536136692413387
0,0.0976804524643299,0.0978131330022895,0.0878936232531022,0.08499858917632,0.0802323342684361,0.0062222222222222,0.0515555555555555,0.0168888888888888,0.1111111111111111,-1.5084526444608486,0.0711974056128407,0.1507476160394341
0,0.0874992627817808,0.0823018756771245,0.0824034687206,0.0776052920780447,0.0748531344358878,0.0082644628099173,0.0495867768595041,0.0578512396694214,0.2066115702479339,-1.5783947011503106,0.0501632044550324,0.118991322216763
0,0.0886944107130099,0.0937554198665896,0.0720549993797023,0.071953332179829,0.0654047017589484,0.0,0.0,0.0,0.0,-1.4220974342158588,0.0602205380319995,0.1016497261466736
0,0.0867606424237492,0.0804913947298058,0.0754736262346269,0.0734301832987594,0.0708624456248477,0.012040939193257,0.0313064419024683,0.0313064419024683,0.1035520770620108,-1.4296530176024502,0.0773110751333952,0.121486170455399
0,0.0940183564861089,0.0898706167672909,0.0843609500422267,0.085073275252869,0.0761951538754647,0.0206896551724137,0.0482758620689655,0.0413793103448275,0.2206896551724138,-1.6960121954823026,0.0384905687853246,0.0962494747008276
0,0.1031212355574841,0.0988964028315409,0.0882880138418229,0.0933282130506986,0.0883037674963889,0.0377358490566037,0.0943396226415094,0.1698113207547169,0.1132075471698113,-1.4967197932893048,0.0612853346334345,0.1519704239099242
0,0.0969337011647188,0.0936391673130071,0.0892467589350889,0.0847097697750358,0.0787435629303116,0.0056258790436005,0.0682137834036568,0.030239099859353,0.2130801687763713,-1.66333042107664,0.0333085263702302,0.0896087924080368
0,0.0959401900641199,0.1031940327852433,0.0902338812255795,0.0897048175906794,0.0822046411382513,0.0100574712643678,0.0991379310344827,0.0186781609195402,0.2198275862068965,-1.439729605009324,0.0587932441900895,0.1199503953523324
0,0.1088400546970266,0.1057043123392133,0.0950624473966754,0.0917887757396559,0.0878420488675841,0.0567375886524822,0.0992907801418439,0.0425531914893617,0.2765957446808511,-1.523729604814574,0.081035792341547,0.1273030640461215
0,0.0980401845245802,0.0974923172159413,0.0896478404998323,0.0889073731107162,0.0801293308382353,0.0051282051282051,0.082051282051282,0.0769230769230769,0.2871794871794871,-1.4459348020754,0.0443151059504283,0.094302949533758
0,0.1089756074713741,0.1118418114834187,0.0990904835587322,0.0989924361846645,0.0971097200781401,0.0833333333333333,0.2777777777777778,0.1388888888888889,0.3333333333333333,-1.460277609439756,0.0511122319343297,0.1671201662632195
0,0.1006583929340323,0.0913652871936424,0.0867630939810635,0.0861151384483323,0.0779277124097598,0.0056089743589743,0.0508814102564102,0.0344551282051282,0.1221955128205128,-1.500635642047946,0.0855165469352059,0.1373383854040248
0,0.0867458950027553,0.113274643963313,0.0951190154214295,0.0977229823895374,0.0819272627182667,0.0201612903225806,0.032258064516129,0.0685483870967741,0.1854838709677419,-1.7733959508168808,0.0307229578340712,0.0934792582071787
0,0.107028709023281,0.1102748731847674,0.0966918886655773,0.0958631714068527,0.0864758472006134,0.022982062780269,0.1474215246636771,0.0426008968609865,0.2309417040358744,-0.8936484102973818,0.2792251698654873,0.1146202981730761
0,0.0963597312369204,0.0929616326491832,0.086748409343491,0.0874680956783824,0.0773863883150936,0.0188784008883953,0.096057745696835,0.0377568017767906,0.1887840088839533,-1.5712799595205005,0.0607521897572784,0.1202805249016622
0,0.0976829087264477,0.0960037924699389,0.0866043484775334,0.0843204183838134,0.0792842049947989,0.0079365079365079,0.0396825396825396,0.0158730158730158,0.246031746031746,-1.333885154343892,0.0695889367144899,0.0921409614829922
0,0.0957592323380813,0.1029811466748835,0.0923685146884547,0.0930014673830127,0.0811969490750863,0.043046357615894,0.1175496688741721,0.0596026490066225,0.2582781456953642,-1.5128032960405289,0.067711918814607,0.1270681872707611
0,0.1084546122909487,0.1037244520776112,0.0910070817659206,0.0885662391847855,0.0839642184436435,0.0156997893930691,0.0974535707447827,0.0438445337928393,0.2439211181313421,-1.4000651004409597,0.1019959957808921,0.1178908845125241
0,0.1018966851607863,0.1073701593900532,0.0963682540282838,0.0947985088641105,0.0845499417481299,0.0044444444444444,0.1155555555555555,0.04,0.2088888888888889,-1.4843858010975404,0.0517660706034653,0.1269826541250928
0,0.1030895626716206,0.1033118507069254,0.088656982002673,0.0865982183405955,0.0792504927991417,0.0078843626806833,0.0565045992115637,0.0446780551905387,0.2207621550591327,-1.5943394554987549,0.0689550168621098,0.1064283556156076
0,0.1046155797140739,0.0975392886954486,0.0893943427536694,0.0882782045608506,0.0800404696854432,0.0061199510403916,0.0685434516523867,0.040391676866585,0.2276621787025703,-1.5024075169103053,0.0516184017098116,0.1241281201762929
0,0.1006127861899674,0.1050530584648705,0.0928572160564818,0.0921210450154396,0.0837622374841151,0.0160587915078933,0.082471420794774,0.0416439847577572,0.1962438758845944,-1.6547141888349064,0.0382089052002716,0.1208504859981144
0,0.0812961750391627,0.0764917764683285,0.0818341912885597,0.0756777922371023,0.0660282058608769,0.0,0.0526315789473684,0.0,0.0,-1.2933066191038014,0.1057714353889947,0.144965798751485
0,0.1038941836975479,0.1006545627602426,0.0933502691587186,0.0909780646113777,0.0889182663415476,0.0151515151515151,0.0757575757575757,0.0757575757575757,0.2424242424242424,-1.55584354185914,0.0605773494375352,0.1434031247046795
0,0.0951558921803951,0.0887268074121875,0.0821751024274948,0.0801427090734294,0.0771438039402238,0.0122448979591836,0.0510204081632653,0.0408163265306122,0.1959183673469387,-1.2280333676346291,0.0909374482174694,0.1376447641655939
0,0.0966434704247852,0.0934827372096679,0.0874864193910057,0.0900168200350335,0.0775502907027384,0.0074626865671641,0.0223880597014925,0.0298507462686567,0.2388059701492537,-1.6804035708807858,0.0451859045584699,0.0963149648832908
0,0.0837931222695482,0.0795381257685804,0.076958641375531,0.0812145645351796,0.0697636142583444,0.0,0.0,0.0277777777777777,0.25,-1.4412860464542534,0.12844771121289,0.1104586228050855
0,0.10398714500446,0.100357997513006,0.0903449962535926,0.0899814997628618,0.0811700416225138,0.0,0.0489130434782608,0.0326086956521739,0.2554347826086957,-1.7348878552856066,0.0338483752236663,0.0890707317679359
0,0.091593360981083,0.0915546482118092,0.0858824348465459,0.07963118465665,0.0743809142509169,0.0144927536231884,0.0434782608695652,0.072463768115942,0.2753623188405797,-1.456267679061647,0.0619960489954931,0.1093458080503889
0,0.1002842921644868,0.1068989799801153,0.095412913336911,0.091915346645597,0.0846237512534383,0.0576923076923076,0.2692307692307692,0.0576923076923076,0.4230769230769231,-1.737174525745212,0.0231796987780899,0.1106438210451243
0,0.0971619603959493,0.0965115766908296,0.0859437873103027,0.0868283625521072,0.0791126802749672,0.0082987551867219,0.0954356846473029,0.0580912863070539,0.2614107883817427,-1.4207167220578671,0.0946827409477336,0.1237855002965923
0,0.1008531892400698,0.0955740353060065,0.0963426285585458,0.0938892347944451,0.0782948064724124,0.024390243902439,0.1463414634146341,0.3170731707317073,0.6097560975609756,-1.3737174923500646,0.0951174997378927,0.1275206691627581
0,0.09265190273014,0.0963134122928703,0.0883313624439512,0.0881552761905117,0.0786545517325778,0.00920245398773,0.0414110429447852,0.0368098159509202,0.1840490797546012,-1.3882404477162849,0.1093908376201095,0.1533089296560741
0,0.0847039376712183,0.0821586411645317,0.0777792233918922,0.0735577148644233,0.0723644896487644,0.0256410256410256,0.04930966469428,0.0276134122287968,0.1597633136094674,-1.2560412691475138,0.058334879956572,0.1315027014500914
0,0.0962042410547151,0.096555946827791,0.0881551512207419,0.0885130870717973,0.0762893568946845,0.0290697674418604,0.1569767441860465,0.1104651162790697,0.3662790697674418,-1.549211347489912,0.0628347066534993,0.1185376583689847
0,0.1009199970921115,0.1010707993362674,0.0879939530112281,0.0898290083499381,0.0833861731262736,0.011049723756906,0.0552486187845303,0.0294659300184162,0.1694290976058932,-1.0534699067256288,0.0449455018120569,0.0801641762468738
0,0.0879335273880269,0.0856304329034004,0.0826976056873514,0.0800574102047114,0.0717665194446712,0.0079275198187995,0.0305775764439411,0.0317100792751981,0.1913929784824462,-1.5568398852299858,0.0529848841887446,0.0993275084643038
0,0.0949173716262893,0.0977759963332114,0.087937641427158,0.085843069283322,0.0808554914902843,0.0316455696202531,0.1164556962025316,0.0493670886075949,0.2531645569620253,-1.4405700336264378,0.0493278225685607,0.0879207558631898
0,0.1050993051200555,0.0970255304640507,0.0917062480385199,0.0868566006624766,0.0850054482730176,0.037076553747666,0.1104294478527607,0.1040277407308615,0.3923712990130701,-1.6106098600392431,0.040188737177412,0.1370369675568911
0,0.0969197460502557,0.1007635040998682,0.0910814281740524,0.0908709665113561,0.0848193708564879,0.0057803468208092,0.0520231213872832,0.0462427745664739,0.1560693641618497,-1.5833270274735878,0.0726081109650847,0.0932094318196712
0,0.092047402329459,0.0844222328954594,0.0834446356885832,0.0766805444119867,0.0696715271284598,0.0833333333333333,0.1666666666666666,0.0,0.125,-1.637305699481865,0.0673575129533678,0.0845999473031057
0,0.0953590170757412,0.0899135616353836,0.0833326456657946,0.0858034521451731,0.067879867526052,0.0,0.04,0.016,0.136,-1.9104298352081983,0.0100963262337274,0.113514377211819
0,0.1040108671975583,0.0956890206610924,0.0904354119708602,0.0857507878421179,0.0882484643728584,0.050531914893617,0.2805851063829787,0.077127659574468,0.3390957446808511,-1.3853885997632929,0.0843433880643723,0.1716997283344251
0,0.092320041060324,0.0897266273604786,0.079361347064123,0.0766288811303283,0.0749967716594859,0.0124481327800829,0.0539419087136929,0.0165975103734439,0.1161825726141078,-1.67558325342715,0.0425722169706405,0.1372451724397619
0,0.0964719995518258,0.0942701416824656,0.0860905360545185,0.0809822700557436,0.0828280638942555,0.0048727666486193,0.0409673344161703,0.0386211875112795,0.1362569933225049,-1.5188169851946811,0.0418855202971063,0.1079442016219843
0,0.0980716820314881,0.0999280028694303,0.0901639939347514,0.0904884185795719,0.079669051077756,0.0289855072463768,0.0652173913043478,0.0579710144927536,0.2898550724637681,-1.5282852669212148,0.0820502126480917,0.1032299253940933
0,0.1110433938863793,0.0974194150046904,0.0886414832093753,0.0859812904480868,0.0847616583957848,0.0,0.0437158469945355,0.0765027322404371,0.2021857923497267,-1.624358859479398,0.0943714503998818,0.135126009177344
0,0.1020146097776005,0.1071609726279509,0.0910212221365061,0.088168386605768,0.0861133512452908,0.031578947368421,0.0736842105263157,0.0842105263157894,0.1684210526315789,-1.5525805715132297,0.1112093450124825,0.1337808616855954
0,0.0988429366147612,0.1000358917264,0.0929531091559247,0.0916256975707571,0.0837053747013404,0.0407925407925407,0.1258741258741259,0.0384615384615384,0.2482517482517482,-1.5081925223253387,0.0703369479606052,0.1478192343028055
0,0.1002587605080631,0.0951088563570093,0.0887741461045833,0.0866393686728366,0.0798488633491882,0.0246575342465753,0.0767123287671232,0.0958904109589041,0.284931506849315,-1.450392473976903,0.0638057336927239,0.1318900345314972
0,0.1002792759419655,0.0755191289826173,0.086132160419049,0.0760791882898692,0.0684176610996541,0.0044500953591862,0.0120788302606484,0.017800381436745,0.1296884933248569,-1.5496564717734371,0.0597466512425875,0.0817416658170777
0,0.1145517442503387,0.1150515120844254,0.0973121775558005,0.0982727197110936,0.0961308786859757,0.0359820089955022,0.095952023988006,0.0389805097451274,0.2083958020989505,-1.5150307090389994,0.0802510700536076,0.1583005280981966
0,0.0969227440948388,0.0883640416493234,0.0839908811879331,0.0822048715811301,0.0751144676379095,0.0025220680958385,0.0214375788146279,0.0277427490542244,0.1298865069356872,-1.7336962962820193,0.0250161979220066,0.085564284354714
0,0.0764797783485562,0.0753933487817655,0.0720626556113666,0.0682248602030014,0.0678263966838173,0.0105263157894736,0.0736842105263157,0.0421052631578947,0.231578947368421,-1.0389440622543336,0.2138760800016206,0.1204624928011148
0,0.0983163267200605,0.0961333501688361,0.0871342924639202,0.0834959100154621,0.0796762870085239,0.017725258493353,0.0841949778434268,0.0723781388478582,0.2333825701624815,-1.5229377252379848,0.047369383851216,0.0911850072367752
0,0.0906590365123582,0.0862661720331312,0.0804624642035396,0.0786883077049173,0.0732789431050125,0.0416666666666666,0.1416666666666666,0.0833333333333333,0.3083333333333333,-1.36356131172104,0.0773508119490989,0.1330612207272744
0,0.1055666975174426,0.1034857552908139,0.0935722461281235,0.0930911291783743,0.0856286468277042,0.013571869216533,0.067859346082665,0.027143738433066,0.136335595311536,-1.5113608900414917,0.0821968053568541,0.1568562049113556
0,0.0889233373945218,0.082120301885002,0.0786933444743342,0.0737720628584994,0.0715513133417403,0.0103092783505154,0.0206185567010309,0.0206185567010309,0.1134020618556701,-1.061997653891282,0.1573256177403427,0.1039910580079798
0,0.0958043286886337,0.0971217930414996,0.0877514082135507,0.0786847866868831,0.0784802589442971,0.0,0.0,0.0,0.0,-1.5909604969778728,0.0280683978175639,0.1346407398069328
0,0.1000478867608197,0.098392611176096,0.0920044796024699,0.0893277755018412,0.0846853898089103,0.0485436893203883,0.0679611650485436,0.116504854368932,0.2378640776699029,-1.6137242999323096,0.0606718277594146,0.1138660797163362
0,0.1134053693365693,0.1066559600423081,0.0941644203355593,0.0967389931928514,0.0904766914518801,0.0243757431629013,0.1747919143876337,0.1046373365041617,0.3894173602853745,-1.4345291811624357,0.0365981938804024,0.1122611602786341
0,0.0945385507273758,0.0974092573285792,0.0845030584196675,0.0812243666375744,0.0788204388814208,0.0,0.0483870967741935,0.0483870967741935,0.2580645161290322,-1.2821675874670595,0.1262944528845096,0.0956792133375827
0,0.0961607878239317,0.0929951182382948,0.0877538198375075,0.0855641617869739,0.0798695378701885,0.031104199066874,0.0902021772939346,0.0668740279937791,0.2659409020217729,-1.4672881074412678,0.0457180879417601,0.1238950422624266
0,0.1070010412186643,0.1055515046749497,0.0943488547343887,0.0929419246241059,0.0873871395311056,0.0341394025604551,0.0924608819345661,0.0298719772403982,0.1635846372688477,-1.401577437421576,0.0854695447432214,0.1116243433191743
0,0.1048884246536365,0.0941884911377103,0.0958842688971202,0.0929134492038177,0.0891271052860831,0.0,0.3333333333333333,0.3333333333333333,0.3333333333333333,-1.637305699481865,0.0673575129533678,0.0637425275541748
0,0.0858301779521729,0.0878122882540283,0.0853207417935109,0.079575286080644,0.0686666328824174,0.0,0.0,0.0253164556962025,0.0379746835443038,,,0.071078122449367
0,0.0923294704442196,0.1011957144923256,0.0904104190686548,0.0897712252975052,0.078932217593119,0.0242718446601941,0.0752427184466019,0.0303398058252427,0.1808252427184466,-1.2908663994097196,0.0595260264678337,0.1046700939521322
0,0.1042089645317152,0.0976814446034836,0.0887307643934413,0.0853082637937508,0.0852939408113185,0.0218340611353711,0.131004366812227,0.168122270742358,0.425764192139738,-1.483196436495776,0.0638152798633395,0.0846701314168842
0,0.0914023202658806,0.1033698887138267,0.0892940924782862,0.0888298058576488,0.082431381764496,0.0210526315789473,0.1052631578947368,0.0210526315789473,0.2421052631578947,-1.4814204031222338,0.0811967372190252,0.1608704757528013
0,0.0936975715348068,0.0979860425414433,0.0894146481896226,0.0899262085891621,0.0779415664327054,0.0172413793103448,0.1293103448275862,0.0560344827586206,0.375,-1.6392997152743676,0.0622781907711056,0.0963136271462401
0,0.1018185063623302,0.0949799504952321,0.0847363222431537,0.0837150092117356,0.0816812817047249,0.0085106382978723,0.0574468085106383,0.0278959810874704,0.1486997635933806,-1.3802838506103658,0.0647892834707702,0.0972663382335611
0,0.1080311924011478,0.1022812770146548,0.0872688647998884,0.0946532558946705,0.0814955840009968,0.0,0.04,0.12,0.32,-1.3520951911026275,0.1300745288385526,0.1333734408521769
0,0.0939301595443683,0.090319853724291,0.0849154533903985,0.0793211476086998,0.0804533637740222,0.0048309178743961,0.0814354727398205,0.0289855072463768,0.1414768806073154,-1.2625854884985448,0.1010926445139426,0.1760655826675306
0,0.0991578301459105,0.0953407868121809,0.0880060511024475,0.0857087809690037,0.0811580054255917,0.0217777777777777,0.0871111111111111,0.0404444444444444,0.1595555555555555,-1.3804077936974302,0.0909200057161218,0.1226724784579569
0,0.0977379222166153,0.0916131668621778,0.085434218332934,0.081964806427911,0.0783141986819172,0.0016181229773462,0.093042071197411,0.0768608414239482,0.2694174757281553,-1.46549525647137,0.073388510421477,0.0967538555806162
0,0.1029718751788761,0.1061551627078368,0.0929619404127578,0.0907350166364266,0.0858000437322369,0.0402993667242371,0.0852043753598157,0.0305123776626367,0.2354634427173287,-1.6155665229504006,0.0374354505492695,0.1592696854881701
0,0.1003163370224182,0.0960280585523554,0.0878686320177431,0.0847323100496157,0.0801304230157231,0.0110619469026548,0.079646017699115,0.0309734513274336,0.1570796460176991,-1.3706706977868237,0.1035958111394191,0.1291258093276972
0,0.1017823573968002,0.088278919510214,0.0883691132217869,0.0919702104306524,0.0688413650517694,0.0360721442885771,0.1382765531062124,0.1743486973947896,0.3386773547094188,-1.4322813259571057,0.0815051468924094,0.076998452209711
0,0.1003157071260514,0.0967425089725245,0.0898501478739391,0.0874956567656685,0.0814050249049939,0.0194319880418535,0.1524663677130044,0.0747384155455904,0.2884902840059791,-1.498855557980571,0.0606755201921564,0.1597354368074431
0,0.0944611283687999,0.0891971106149874,0.0823800502297569,0.0790526819066147,0.0813573171687797,0.0052083333333333,0.0651041666666666,0.0260416666666666,0.09375,-1.358354265905323,0.0909324710262854,0.1359300980542069
0,0.100241732110331,0.0927338750070803,0.0863756138945592,0.0845504747304538,0.0802484785083908,0.0237407101568951,0.0831957060280759,0.0148637489677952,0.1422378199834847,-1.559067077385301,0.0333789661139055,0.1171122560815869
0,0.0865575507824814,0.0834814400928032,0.0740835291339744,0.0737251923508406,0.0674721550634006,0.0041269841269841,0.0212698412698412,0.0123809523809523,0.0612698412698412,-1.615189633091073,0.046005290637332,0.1033335668459527
0,0.0988297574029876,0.1110496938443367,0.090447864286817,0.0908967547182836,0.0817010641133743,0.0,0.0234741784037558,0.0328638497652582,0.1502347417840375,-1.8758389261744963,0.0570469798657718,0.0679645481852382
0,0.1063923198025265,0.1035349236432543,0.0950184365397135,0.0913483551188776,0.0899865418396903,0.0286885245901639,0.180327868852459,0.0901639344262295,0.319672131147541,-1.433648274801388,0.0864129747594146,0.1552065283212196
0,0.0953813474906157,0.0885410606676491,0.0813826669978986,0.083682016886634,0.0714186595566557,0.0,0.03954802259887,0.0112994350282485,0.0621468926553672,-1.4715084842639707,0.1125690608203004,0.1108276010064895
0,0.0832484809643807,0.0796345156863355,0.081218225923354,0.0734618825664497,0.0692992682446206,0.0,0.0,0.0285714285714285,0.0928571428571428,-1.4522363884408858,0.072309164086457,0.0878197154028856
0,0.0923390130593682,0.0946432584930761,0.0856084286381935,0.084282792082003,0.0757544499442753,0.009009009009009,0.072072072072072,0.0135135135135135,0.1981981981981982,-1.4311238490595466,0.0608248171861671,0.0941438157521749
0,0.1169757779775523,0.127229542510389,0.0993996583512254,0.0998266482743128,0.0936956939513512,0.064516129032258,0.064516129032258,0.1290322580645161,0.3225806451612903,-1.6149517901886792,0.0710079111495401,0.0727368218126191
0,0.0941782612050076,0.0986449165058428,0.0889089433518508,0.0899209893823292,0.0812279066573749,0.0086206896551724,0.0517241379310344,0.0344827586206896,0.1896551724137931,-1.4201877778143417,0.044895812595562,0.0895489220722485
0,0.1027004225579475,0.0974974378074979,0.0900520753759216,0.0844543103602633,0.0849526112605164,0.0202020202020202,0.1120293847566574,0.101010101010101,0.2607897153351698,-1.5547257867135975,0.0823256917407498,0.124314111967286
0,0.1019437429220734,0.0984569891354647,0.0859247814061011,0.0865670869345827,0.0827082975745994,0.0,0.0677966101694915,0.0305084745762711,0.1796610169491525,-1.416092527274813,0.0880022655107846,0.1532611587263054
0,0.0922208180349809,0.0948662719409049,0.0855908386810111,0.0864281428840821,0.0755663087122484,0.0047393364928909,0.0394944707740916,0.0236966824644549,0.1295418641390205,-1.5114851323801384,0.0648066935905153,0.1472631093675004
0,0.102294669817863,0.0968778549206581,0.0917637818382297,0.0868194620264097,0.0827783018329972,0.0298229263746505,0.1416589002795899,0.1062441752096924,0.3401677539608574,-1.3944424322481468,0.0748270282536473,0.1568043872510512
0,0.0906040339374395,0.0961076875382725,0.088992343028558,0.0895317025643349,0.0748068750761744,0.0224980605120248,0.0581846392552366,0.0480993017843289,0.26066718386346,-1.3587742404001557,0.0838960807353836,0.0968596259999149
0,0.1020598955626284,0.1069609903667128,0.093255890533503,0.0920009758048265,0.0842230767010738,0.0343007915567282,0.1424802110817942,0.0527704485488126,0.2691292875989446,-1.4650485420825436,0.0764982927813566,0.1368190761018274
0,0.0941252459494247,0.0936016736258917,0.0827343597857796,0.0787172820156609,0.0779611026442572,0.0284191829484902,0.0479573712255772,0.039076376554174,0.1136767317939609,-1.6796156600784051,0.0591975080667615,0.0954591448379613
0,0.0789203925591556,0.0762566081893673,0.0709108677273852,0.0696027620865391,0.0694445848662955,0.0,0.0,0.005813953488372,0.1046511627906976,-1.2634545684703524,0.1202934102468473,0.1453515039201048
0,0.0929343980741747,0.1013922096817087,0.0897566738394525,0.0877067656293701,0.0782164274682838,0.0357142857142857,0.2071428571428571,0.0714285714285714,0.5785714285714286,-1.4803276373724408,0.0614690547036912,0.1102273786008812
0,0.0948650613047785,0.0951416316731683,0.0865042301169692,0.0850793119460679,0.0802937470818622,0.0140562248995983,0.0903614457831325,0.0321285140562249,0.2248995983935743,-1.4273745484019602,0.0794524732631035,0.1290652161229669
0,0.0911165251240657,0.0981357546130901,0.0848172211280946,0.0844393413162231,0.077600030400468,0.0170454545454545,0.0454545454545454,0.0511363636363636,0.1704545454545454,-1.63391713024152,0.0450541890020851,0.1039938795216813
0,0.0995755960430716,0.0968426932856953,0.0889688979108927,0.0865465902781547,0.0801431993783184,0.0153132250580046,0.0682134570765661,0.0380510440835266,0.1693735498839907,-1.8385473492657416,0.0202070999764184,0.1035742336393704
0,0.0943164783745664,0.0940156456409889,0.0896213571963167,0.0888587921005611,0.0789488503491647,0.0201005025125628,0.050251256281407,0.0251256281407035,0.1557788944723618,-1.0421654461123524,0.1323937990974438,0.1390639952915494
0,0.0955850372305626,0.0986132176683216,0.0827298750306655,0.0837007181329024,0.0767659552995074,0.0,0.0307692307692307,0.0615384615384615,0.2461538461538461,-1.5713839722185596,0.0263480893215302,0.1028803406671776
0,0.1003201627613874,0.0968255394344825,0.0929787227580074,0.0902046522037004,0.0807559677880845,0.025,0.2571428571428571,0.1767857142857143,0.3857142857142857,-1.5707229558451232,0.0671527653541103,0.1327065485129441
0,0.0988408230670878,0.0956284305491941,0.0898097754272663,0.0850638167480716,0.0872567697292774,0.0132450331125827,0.0397350993377483,0.1324503311258278,0.1920529801324503,-1.4416274100594355,0.0440011877148757,0.1010030313036772
0,0.1008010607118708,0.0975252157852221,0.0892326781139475,0.0864200692682974,0.0852720296147731,0.0201005025125628,0.1373534338358459,0.1155778894472361,0.254606365159129,-1.302203778408756,0.0892870345667141,0.1629351234968364
0,0.1014874959594569,0.0983866341249515,0.0925914790696778,0.0888019850361394,0.0853238109726385,0.0199840127897681,0.1409539035438316,0.1348254729549693,0.3618438582467359,-1.1656884715036295,0.1269639698181451,0.1215056257590684
0,0.1042126418446491,0.1013146091077204,0.0922591660900014,0.090341243435118,0.0883717693807453,0.0,0.119047619047619,0.0238095238095238,0.1428571428571428,-1.626757622754533,0.0453526132522928,0.120090012917279
0,0.0971143470965359,0.0996076478776827,0.0879962339311289,0.0856701389072182,0.0823783565953989,0.023076923076923,0.0923076923076923,0.0461538461538461,0.2692307692307692,-1.220336836264681,0.1150069005333244,0.1345692175369452
0,0.1026246067144487,0.0958224690026105,0.0872289451963123,0.0880129482124395,0.0813473938020634,0.0032051282051282,0.0737179487179487,0.0224358974358974,0.110576923076923,-1.4667338022660656,0.0726768532790816,0.1172716168166437
0,0.0975231419168816,0.0916773399782729,0.0855524383539717,0.081216383287535,0.0785155350600708,0.0088823094004441,0.0592153960029607,0.0281273131014063,0.2731310140636565,-1.1188508535472292,0.0724522386488895,0.0995244539977923
0,0.0892633015154981,0.0908804289709747,0.0821436304210586,0.0795948351914058,0.0719970933224566,0.0097442143727162,0.1035322777101096,0.0475030450669914,0.2448233861144945,-1.3677853176225996,0.0493082772782192,0.1062587392607423
0,0.1122094416805287,0.1158858192433265,0.0998294402082208,0.1011718126905076,0.0949091783789274,0.0787518573551263,0.3595839524517087,0.0728083209509658,0.4294205052005943,-1.5138304042402246,0.0797264023285985,0.1524008217978762
0,0.1021352201098255,0.09884222663991,0.0948203609285876,0.0981620229637009,0.0928912766567306,0.0,0.0,0.0,0.3333333333333333,-1.2413373037357878,0.0600974553329723,0.0927967504005102
0,0.0850710914484459,0.0919555833561747,0.0872319074014509,0.0945432298045629,0.059756052422562,0.0,0.0,0.0,0.0384615384615384,-1.6421402167538957,0.0558809780706493,0.095461290253089
0,0.0931710047293925,0.0912473429741653,0.0833328648720171,0.0814613046727264,0.0743853052282019,0.0108035111411208,0.0553679945982444,0.025658338960162,0.1363943281566509,-0.9761498272148382,0.1254575785783219,0.1283131869443736
0,0.0969342310804448,0.0982503919833461,0.0885912237383879,0.0873688380833268,0.08446313779261,0.0345911949685534,0.1698113207547169,0.0943396226415094,0.3427672955974842,-1.6372553138642694,0.048718775398005,0.1010987798246209
0,0.0833505760097729,0.0795825671773039,0.0762411769433539,0.0722849385921581,0.0686369922173043,0.0046430644225188,0.0394660475914103,0.0220545560069645,0.0841555426581543,-1.372037678516096,0.0739912297809634,0.1157303421905753
0,0.0978508301036923,0.0968212948781002,0.0874589183005488,0.0833743231383613,0.0785936437600134,0.0158227848101265,0.1044303797468354,0.0443037974683544,0.2104430379746835,-1.5071538768725972,0.0380643880669821,0.1260314666189201
0,0.0965717416673725,0.1000519762323069,0.0902902691902319,0.0895008245978989,0.0820834505295665,0.0228215767634854,0.2199170124481327,0.1006224066390041,0.4678423236514523,-1.3869143911738189,0.0649402453275425,0.1086226482995341
0,0.0805733255539185,0.0835950554550006,0.0781193597103676,0.0766355007787762,0.0697294361214439,0.0,0.0384615384615384,0.0075414781297134,0.06184012066365,-1.4722825153721362,0.0805403538106086,0.1305916697795256
0,0.0976436756263444,0.0940787529452645,0.0914625438143697,0.0889959406435961,0.0845547824191604,0.0338983050847457,0.0338983050847457,0.0847457627118644,0.3728813559322034,-1.5895587210921365,0.0400991837153143,0.1012444079579499
0,0.0661840422495459,0.0599877848730253,0.069392141877612,0.0616638820958548,0.0602654387474028,0.0,0.0,0.0,0.0769230769230769,-1.5211688473005918,0.0656647211577887,0.1417096381947001
0,0.1003880768424509,0.0985353992056869,0.0930301613587954,0.0913850011480611,0.0822851060623061,0.0411641321447299,0.1407970634504457,0.0537493445201887,0.3424226533822758,-1.4389601882408234,0.0724224438225422,0.1229831336316956
0,0.1018131145856359,0.0976532528896514,0.0892710418417031,0.0860734882713525,0.0842076782026002,0.0150122549019607,0.1427696078431372,0.0536151960784313,0.1715686274509804,-1.3483783239991334,0.0818156707343548,0.1291624168354166
0,0.0877186783158093,0.0849223801059517,0.0794673192954027,0.0789260883495545,0.0721304715270371,0.0047846889952153,0.0334928229665071,0.0574162679425837,0.1483253588516746,-1.3200107280121216,0.0444986605283038,0.0965274773754939
0,0.0923461134635642,0.0934958333674743,0.086326943742771,0.0834129290344681,0.0773746697840557,0.0189573459715639,0.0663507109004739,0.0473933649289099,0.2559241706161137,-1.4894029693690392,0.0436697017898653,0.1312791115069622
0,0.100018395276704,0.0985888641730849,0.0900647728206441,0.0945509150808584,0.0846771740757621,0.0149700598802395,0.0748502994011976,0.0479041916167664,0.2574850299401197,-1.039268458686404,0.0427550186001135,0.0689084064598626
0,0.0894488739893055,0.0895466528429478,0.0845447745308199,0.0802170398550568,0.0876447320616797,0.0,0.0,0.3333333333333333,0.3333333333333333,-1.1385135135135136,0.054054054054054,0.2012105277583332
0,0.0921462522141797,0.113850057502093,0.0931300353412276,0.1006717899558413,0.0787559466576089,0.0,0.0769230769230769,0.5384615384615384,0.3076923076923077,-1.6377144557236931,0.066148339299442,0.0661168249734284
0,0.099017994346467,0.0951673377673026,0.0891879899933068,0.0855284523536042,0.0812621156338732,0.0106417634922358,0.0867629492887392,0.0406124443479205,0.169182321641872,-1.501666902512944,0.0621168259648257,0.125927914074094
0,0.1006772776435367,0.103596558062866,0.0938315113253629,0.0912459105297514,0.086815457640879,0.0192307692307692,0.2564102564102564,0.0641025641025641,0.4551282051282051,-1.4688637139468437,0.0737899467205654,0.1086057128945005
0,0.10498455469032,0.1004680012614409,0.0907557464024046,0.0900670752795387,0.0812592427931406,0.0073746312684365,0.077433628318584,0.023598820058997,0.1113569321533923,-1.3520249116334,0.0723316520397483,0.1164276097377617
0,0.1041442693171662,0.1024751919802182,0.0902059260521667,0.0915480407556825,0.0872716478002773,0.0189393939393939,0.0454545454545454,0.0303030303030303,0.1174242424242424,-1.481816978395919,0.0815874757517415,0.1267069450434134
0,0.0965422380683408,0.0890360157833541,0.0864152568686009,0.0965266953061021,0.0630341040885005,0.0,0.1428571428571428,0.4285714285714285,0.0,-1.637305699481865,0.0673575129533678,0.0670858146442398
0,0.1071791758594246,0.1058938870854412,0.0941306170071813,0.0950727076703838,0.0858226607840744,0.0244988864142538,0.2026726057906459,0.076837416481069,0.3563474387527839,-1.4607722148291848,0.0536103735941562,0.1238748383412718
0,0.0570730198325533,0.0547844506409796,0.0526400596708815,0.0465498457114143,0.0503089675481509,0.0,0.1363636363636363,0.0909090909090909,0.1363636363636363,-1.2090032154340835,0.22508038585209,0.1859341782416539
0,0.1066460865727818,0.0998351946320824,0.091320764951291,0.0893877893169375,0.0865062694204926,0.0278343516632722,0.1595383570943652,0.0923285811269518,0.3964697895451459,-1.3424419133196648,0.1041779584513403,0.1357444640003749
0,0.1032355225454433,0.1026628534324895,0.0913154472804038,0.0910613079841143,0.0833964153696433,0.020573108008817,0.0624540778839088,0.032329169728141,0.1403379867744305,-1.3249998729715724,0.1199334875759265,0.1484461591138061
0,0.1014770537006443,0.1038222966899764,0.0978275101432176,0.0881126942111455,0.0872904007479589,0.0606060606060606,0.206060606060606,0.0909090909090909,0.3757575757575757,-1.5731583099178106,0.0635348638949489,0.1106219068918692
0,0.0995009182878159,0.0996635909945237,0.093364855090101,0.0879689256583319,0.0829582320823164,0.0077519379844961,0.2209302325581395,0.1201550387596899,0.2558139534883721,-1.3959286454557631,0.0354111648862192,0.1310999093584214
0,0.0938574977409082,0.0907233185447876,0.0848140623839087,0.0814229987709545,0.078911215715662,0.0181013676588897,0.1037811745776347,0.0518905872888173,0.1862429605792437,-1.5076949385719884,0.0678050111940935,0.1257466317320393
0,0.1059461716056234,0.0985341322742686,0.0883767662003637,0.0835031129336909,0.0823893091272056,0.0526315789473684,0.0884210526315789,0.071578947368421,0.3621052631578947,-1.723390755512881,0.0378808432455939,0.1490417035143635
0,0.1011653434737465,0.0988784515299642,0.0913290499569059,0.0868366644067947,0.0825266253914252,0.0211228460255697,0.1200667037242912,0.0778210116731517,0.2040022234574763,-1.460395484940984,0.0653106434950641,0.1309208732131136
0,0.0989098916525017,0.1007405139930064,0.0914793667608586,0.089312364554968,0.0837516273495413,0.0259246456965088,0.1436801474824288,0.0536928217536582,0.2538310865307063,-1.460941273818672,0.0736431690643939,0.1596013880314976
0,0.106255007284779,0.1073565319900553,0.0928700045826144,0.0902354800040998,0.0855089492758414,0.0833333333333333,0.074074074074074,0.074074074074074,0.3055555555555556,-1.6136627498232865,0.0605817017318569,0.1051486485969054
0,0.0993785677636412,0.0946148505735254,0.0864800840460721,0.0825712648480144,0.0757391298472216,0.025,0.0625,0.03125,0.15625,-1.2456583823224818,0.1130606447612157,0.1329848152169601
0,0.0981836731269193,0.1008611780022412,0.0889197334490091,0.0927776384107812,0.080242730085848,0.0303030303030303,0.1363636363636363,0.0909090909090909,0.303030303030303,-1.6819218952759905,0.0293261207681201,0.1091181490089179
0,0.1037349144083682,0.1036662041806771,0.0918717730292245,0.0900253192321014,0.0835949123607144,0.0276243093922651,0.1200401808136614,0.0421898543445504,0.2255148166750376,-1.492060694813038,0.0952797988349898,0.1409693045016318
0,0.0980611723664787,0.1022363189728032,0.092478842311849,0.100789967348284,0.0795502834818745,0.0,0.0,0.0,0.0,-1.3401415286480187,0.0949553702048957,0.0953228102326852
0,0.0987384923275235,0.1009412047300396,0.0935140279266001,0.0889096287699199,0.0848673935338498,0.0243386243386243,0.1211640211640211,0.0386243386243386,0.2301587301587301,-1.510161021140232,0.0688791147387743,0.1581627069497784
0,0.097028004096634,0.0987787065931443,0.092400557009277,0.0878784207936602,0.0833917232076921,0.0337301587301587,0.1884920634920635,0.1527777777777778,0.6626984126984127,-1.489365922952382,0.0510814911189308,0.1211420925383395
0,0.0887714934504396,0.1033324527628543,0.0814207890620539,0.0879798297433636,0.0852622319425238,0.0,0.0,0.1,0.2,,,
0,0.0997645377405776,0.0991210965361617,0.0878132000165545,0.0862843730643829,0.0830930426121904,0.0107257776188773,0.0675723989989274,0.0282445477297104,0.1111905613156954,-1.5049415667133548,0.0765302048203848,0.110365500288946
0,0.0983078476590799,0.0967571112856449,0.0826249133552364,0.0795942873125533,0.0756661560820531,0.0056148231330713,0.0415496911847276,0.0224592925322852,0.1368145236758375,-1.5555424535771387,0.0620217845638479,0.0748962361370735
0,0.1006272987468503,0.0980089836153462,0.0909035094180293,0.087683682564056,0.0826855087674875,0.0490811295383236,0.2061855670103092,0.0891976692066338,0.3424473330345137,-1.4985218655850248,0.0794420303561628,0.1449369455540695
0,0.1112580831788141,0.1020111651411009,0.0918517433231383,0.0918648333195258,0.0850861067871746,0.0224438902743142,0.1271820448877805,0.0473815461346633,0.256857855361596,-1.2963076770863868,0.0881897518614515,0.1435954527900812
0,0.0985297344970762,0.0971466327262326,0.0865262398350314,0.0858116059427251,0.0804432421007873,0.0187393526405451,0.1260647359454855,0.0391822827938671,0.252129471890971,-1.719375375601347,0.0428780592410797,0.1377387155998726
0,0.1030142737775661,0.1036633368733899,0.0914129411728616,0.0893384930042618,0.0854042282110524,0.0211864406779661,0.1016949152542373,0.0508474576271186,0.2330508474576271,-1.4070334828393722,0.0873665549927779,0.1373422653122748
0,0.0863617719064591,0.0893861061151222,0.0805422958937867,0.0803003575351002,0.0744836210837249,0.0035587188612099,0.0409252669039145,0.0213523131672597,0.0676156583629893,-1.525366972287544,0.0677454299513811,0.148862300898776
0,0.0866526474850405,0.0768575611111153,0.073307575648955,0.0730896641686005,0.068378022549045,0.0,0.0363636363636363,0.0545454545454545,0.2545454545454545,-1.5532267139570082,0.0629182600432345,0.0925924306214853
0,0.1052645190783111,0.1083942693047571,0.0917579792250634,0.0941914106738787,0.0859066693562765,0.0039370078740157,0.1023622047244094,0.0275590551181102,0.2401574803149606,-1.4651949071370527,0.0628572559406227,0.0934127399848429
0,0.0930109050275192,0.0896536354851618,0.0800208325776534,0.0901056470687859,0.0724546625566061,0.0294117647058823,0.0,0.0,0.088235294117647,-1.3015748031496064,0.0787401574803149,0.1064882241998745
0,0.0946832604637144,0.0940706711489004,0.0845680028977417,0.0817907619116076,0.0785036096509714,0.032166508987701,0.1050141911069063,0.0312204351939451,0.2052980132450331,-1.506422622082218,0.0639109764372554,0.1110846977916002
0,0.1025892551153535,0.1032167121255677,0.0940720922838394,0.090918599485698,0.0859042563675078,0.0166966078410652,0.1075768783683821,0.0273697558913663,0.1718271161365317,-1.4888554233523508,0.0639189427410222,0.1635121713137258
0,0.1440569738066746,0.0764470151222257,0.0962751477778389,0.1039461402238486,0.0996634192064077,0.0,0.0,0.0,0.0,,,0.1320714108636363
0,0.0965956649477284,0.0928983533361909,0.0838971379392769,0.0856878663902794,0.0758244286901127,0.0314960629921259,0.1309055118110236,0.0354330708661417,0.2135826771653543,-1.6971037245424074,0.0564801884313449,0.1416737203153354
0,0.0928981020116157,0.0937591316528463,0.0845314660175206,0.0830362755417986,0.0791086341093893,0.0084507042253521,0.0709859154929577,0.0405633802816901,0.1504225352112676,-1.287869018907286,0.0684292804773499,0.1148177042914146
0,0.1045125287577995,0.0984893006258139,0.08740622462291,0.0839372856898939,0.0844592309122897,0.0151878497202238,0.1175059952038369,0.0831334932054356,0.2693844924060751,-1.483551300206445,0.0912578705394493,0.0934872813823649
0,0.0939640504080599,0.0909203197606687,0.084062667002323,0.0803197657991138,0.0776784411793917,0.0082938388625592,0.0888625592417061,0.0604265402843601,0.2049763033175355,-1.4589576970801112,0.0715965656119747,0.1156785254939031
0,0.1007198939296861,0.1000232314261328,0.0886596818328155,0.087659604683195,0.0804979624431901,0.0114049586776859,0.0743801652892562,0.0249586776859504,0.1596694214876033,-1.4563867532337942,0.0658646307178879,0.09830704325547
0,0.1045589001651181,0.101330434677761,0.0941798911808586,0.0986856485911059,0.0820097883412659,0.0,0.0,0.0,0.1818181818181818,-1.637305699481865,0.0673575129533678,0.1162862691764872
0,0.0982023285919365,0.0955362108697937,0.0851659548026092,0.0857203074495477,0.0774300987309332,0.0032840722495894,0.040503557744937,0.0096697682904579,0.0779054916985951,-1.531112718150906,0.0458189414336707,0.1227359359380226
0,0.0959549864870623,0.0966904287294412,0.0893231892412459,0.0891425829359493,0.0787361196398739,0.0285714285714285,0.1885714285714285,0.0571428571428571,0.4228571428571429,-1.5066138505389908,0.0458806930389178,0.1493586291955533
0,0.1016007767725076,0.1016862746637028,0.0914064504625186,0.0921995545532719,0.0825349085770192,0.0319148936170212,0.1659574468085106,0.102127659574468,0.3021276595744681,-1.4874027016553255,0.0740069326139391,0.1227345417214381
0,,,,,,,,,,,,
0,0.0965798265956495,0.0919872349473557,0.0794726842828031,0.0782477785391528,0.0757767732505679,0.0085959885386819,0.0515759312320916,0.0286532951289398,0.1318051575931232,-1.3637858385329216,0.1067361354386913,0.1420991772050465
0,,,,,,,,,,,,
0,0.1063427265532807,0.1026839242431856,0.0981837667552094,0.088528206806229,0.080483035244761,0.0,0.1111111111111111,0.1111111111111111,0.5555555555555556,-1.1199818440672489,0.1144002789205987,0.1191108401054195
0,0.0456794204761495,0.0492149856182545,0.0432436680426225,0.0475561134336484,0.0364314130882844,0.0,0.0526315789473684,0.0,0.0,-1.7048676498656905,0.0267445561285304,0.1001881226023576
0,0.0901086735765871,0.0958645491526235,0.0849712038103488,0.0837088296017863,0.0761580232137837,0.0053816046966731,0.036692759295499,0.0102739726027397,0.073385518590998,-1.6499066619548717,0.041947632533768,0.1110989810556592
0,0.0850140429688876,0.0863165208209977,0.0787764747523191,0.0830939543497768,0.073222752843272,0.0,0.0,0.0,0.0,-1.2607216352751005,0.0463004884295667,0.1844784315528823
0,,,,,,,,,,,,
0,0.1078259636842656,0.1054349909397466,0.0965621573466293,0.0930341520448949,0.0889095644708212,0.0364583333333333,0.2473958333333333,0.0690104166666666,0.2981770833333333,-1.3499910045303467,0.1197744768457372,0.1455037398401573
0,0.074688874344803,0.0714977812534363,0.0652183695816773,0.0598431684272692,0.0678088194545485,0.0,0.0,0.0833333333333333,0.2083333333333333,-1.2556987299775373,0.1036413519446601,0.1507334435797283
0,0.0794976745924443,0.0865506512976379,0.0748652866492909,0.0714778387730083,0.0653808221628383,0.0,0.4285714285714285,0.5714285714285714,1.0,-1.3551816269620176,0.067920610817119,0.08095925517192
0,0.0935087974628244,0.0560700782154437,0.0749112937478613,0.0578021001038809,0.0701627098370629,0.0,0.0,0.0,0.1304347826086956,-1.1191376394661965,0.1400590926143882,0.1459881080891528
0,0.1087230727960757,0.116599896381283,0.0986013523162461,0.092039771029271,0.0882919985126867,0.0,0.0,0.0,0.05,-0.6472637059808917,0.3283948513935848,0.140042296195495
0,0.0974597714789684,0.1441675082140412,0.1126708224395112,0.0834105434569048,0.0846949962606064,0.0,0.0,0.0,0.0,-1.6805555555555556,0.0138888888888888,0.0673721145194805
0,0.1226510992878265,0.0923961164126512,0.0763113042049305,0.0787940960529409,0.0925122824658142,0.0,0.0,0.1,0.0,-1.1052197783988216,0.035052281509757,0.0856202201468855
0,0.101179340460928,0.1001325959269197,0.098755657236977,0.0933074389039683,0.0879438214168013,0.0,0.0588235294117647,0.0,0.3529411764705882,-1.255550602781171,0.1127408961543435,0.1233526618038848
0,0.0980533126310792,0.0921776908523465,0.08773939307618,0.0937646438616185,0.0806628975253779,0.0,0.0,0.05,0.4,-1.2989690721649485,0.2164948453608247,0.0945897603378818
0,0.0704921650713153,0.0727961285344932,0.0648087576748954,0.0654058608540969,0.0617222383112936,0.027027027027027,0.081081081081081,0.0,0.081081081081081,-1.2592984455806342,0.0431471119234199,0.1166322291033547
0,,,,,,,,,,,,
0,0.0951598545283575,0.0905043661289504,0.0822301245582039,0.0806161461492596,0.0730647532251175,0.0,0.0952380952380952,0.0476190476190476,0.2857142857142857,-1.6213687502541618,0.0475439972486412,0.0822078480243655
0,0.0975514271474668,0.0950175203008691,0.0913641428758347,0.0855347979636679,0.0851019734390025,0.0082644628099173,0.0661157024793388,0.0330578512396694,0.1611570247933884,-0.9903336980787132,0.1986719979860404,0.145618610560375
0,0.0829193186580585,0.0947380211146188,0.0734369321281159,0.084135545402047,0.0773467808009786,0.0,0.0,0.0,0.0714285714285714,-1.0330103461480813,0.1795302075255624,0.1277664340720764
0,0.1204172372888264,0.0995472411177778,0.0906926628590835,0.0861030075530332,0.0935639240153094,0.0,0.0,0.0,0.0,-1.010386373078521,0.1757374324885749,0.1260534232824867
0,0.101297106240827,0.0792440304870034,0.0935217013359513,0.0888803850700653,0.0811622340945422,0.0,0.0,0.0,0.4,-1.077658303464755,0.1465398400882271,0.1215272471676585
0,0.0922311331480725,0.0902352854056114,0.0910343088017945,0.0886903117912449,0.0914015251611011,0.0,0.0,0.0,0.4,-1.4302967995837663,0.0357760044573914,0.1481922742197309
0,,,,,,,,,,,,
0,0.0900429545076404,0.0716707328380847,0.0749279961278578,0.068254242503663,0.0708578831510406,0.0,0.0329670329670329,0.0219780219780219,0.0219780219780219,-1.3470370064996908,0.0851310053601922,0.1086843244473387
0,0.0966662212544194,0.1021672626192967,0.0850968696011632,0.0830970935677847,0.0867581627621118,0.0,0.04,0.04,0.2,-1.493067362743192,0.0671197937571428,0.1255214170736487
0,0.096257972325744,0.0983240882510953,0.0918077978420266,0.0892964393272576,0.0850018974850669,0.0261324041811846,0.1376306620209059,0.0383275261324041,0.1689895470383275,-1.5966262991982694,0.0373037288794269,0.1486011892627038
0,,,,,,,,,,,,
0,0.0743688120684475,0.0709748939853697,0.0678068860464585,0.0667970756677599,0.0581493178435981,0.0204081632653061,0.0408163265306122,0.0306122448979591,0.1020408163265306,-1.552986664383058,0.0801572541085307,0.1028842008999464
0,,,,,,,,,,,,
0,0.1173400067232868,0.0945622800279452,0.0955302058425597,0.0821149798047149,0.0958011182629826,0.0,0.5,0.0,1.0,-1.1227414805214606,0.1362789836526209,0.1060984267573966
0,0.0736227746631281,0.0702673850249696,0.0596013761454343,0.0592495299226617,0.054809131241642,0.03125,0.03125,0.0,0.0625,-1.24151447074252,0.0948606705289882,0.1406886861453581
0,0.0825665745077726,0.0804741843989518,0.0749657397214021,0.0773739923183727,0.0627602409896255,0.0,0.0,0.0,0.0666666666666666,-1.4239626833840011,0.0592744775633182,0.0964959937010301
0,0.0899794058820802,0.1001048901534021,0.0859372743872615,0.0800668943812447,0.0749929351181029,0.0,0.0434782608695652,0.0652173913043478,0.217391304347826,-1.1713593025579505,0.1804010955182411,0.1314333432962591
0,0.1077673643268243,0.0975605140586059,0.0972965181976914,0.0831970733144987,0.0921655246774777,0.0714285714285714,0.2142857142857142,0.0,0.3571428571428571,-1.8312942118610127,0.0214441429016327,0.1032930491576237
0,0.0995899521102302,0.0608502123893735,0.0888322964735346,0.0508612534875983,0.0847040236452393,0.0,0.0,0.0,0.3333333333333333,,,0.2385978652915093
0,0.0795982794234372,0.075873600702195,0.0743697558665669,0.0806667509041915,0.062308136063455,0.0,0.0,0.0,0.0,-1.9374940452371423,0.0097991577583414,0.1064333610776835
0,,,,,,,,,,,,
0,0.0900496432818472,0.0834289562360514,0.0858211719071666,0.0891637886453459,0.0861865016691152,0.0,0.0,0.0,0.1428571428571428,-1.501008499559438,0.0625613624985728,0.1090626448320993
0,0.0907105408452185,0.0799409817466811,0.0688161459133597,0.0743092816431226,0.0638102506819575,0.0,0.037037037037037,0.037037037037037,0.1111111111111111,-1.6535564170186232,0.0789996703718867,0.1452028240159482
0,0.1220407238248181,0.1108386095442991,0.1177099669356626,0.1019141901780084,0.0796497914878682,0.0,0.125,0.0,0.5,-1.201567771246464,0.1273989045383687,0.1184762710542463
0,0.0951206852379477,0.090632509554019,0.0863273018217091,0.1054649832486195,0.038643362009205,0.3333333333333333,0.0,0.3333333333333333,0.6666666666666666,-1.0625,0.21875,0.1353516279860465
0,0.0,0.0,0.0,0.0,0.0,0.0,0.0,0.0,0.0,-1.6035513061294178,0.0508792897387741,0.074868633674423
0,0.1041006106325758,0.1098197974693638,0.0900767608927425,0.0896164772113524,0.0841026208379286,0.0,0.081081081081081,0.081081081081081,0.1351351351351351,-1.5056313324059714,0.0554301080518485,0.1307921915907502
0,0.0936090592824336,0.0840806494174554,0.0847587782125338,0.078298775038489,0.0714530549749888,0.0,0.0,0.0,0.3125,-1.7141392590950653,0.0395666509656147,0.0819950609419782
0,0.0961913453141161,0.069897525866399,0.0762781455753573,0.0628985496519052,0.0573696834407677,0.0,0.0,0.0,0.0,-1.6532471929131636,0.0201997404502623,0.1289560021530579
0,,,,,,,,,,,,
0,0.0981463473562524,0.1036841855479517,0.088577575707313,0.0897182094834587,0.0777291877210479,0.0,0.03125,0.0,0.15625,-1.8312942118610127,0.0214441429016327,0.0753920463720508
0,0.1021225713866714,0.0929098611863542,0.0796714634436229,0.0889011959313639,0.0778760452741359,0.0,0.0,0.0,0.2857142857142857,-1.5805536598873309,0.054012194383093,0.0825065668968047
0,0.097493878151635,0.0971651212830509,0.089319139464492,0.0890119227758361,0.0792965391372887,0.0075187969924812,0.044172932330827,0.0169172932330827,0.1654135338345864,-1.3613522589320255,0.0945856198417056,0.1659966721558875
0,0.0812813672749346,0.0838984726425959,0.0677968782805714,0.0738185720514438,0.0662998047792378,0.0,0.0,0.0,0.0,-1.3065619737430685,0.1128841288719839,0.1524235074673987
0,0.0915025020806183,0.0936718537448577,0.0850207270906141,0.0857308183786679,0.0770406958264399,0.0,0.0329670329670329,0.0109890109890109,0.0659340659340659,-1.4492301793804347,0.0727333626541388,0.1063782430879533
0,0.0931265545386983,0.0854824438301462,0.0813221731979712,0.0783906646129224,0.0707248874719193,0.0793650793650793,0.0211640211640211,0.037037037037037,0.1164021164021164,-1.6401926990358833,0.0684851907941388,0.1198132658864851
0,0.170391360136869,0.0931947703654039,0.0818400349650349,0.0660714285714285,0.0762463343108504,0.0,0.0,0.0,0.0,-0.8076923076923077,0.2692307692307692,0.2597731288333333
0,0.1014951759943284,0.1018697084369763,0.0961932719447735,0.0909380062726503,0.0849048223223867,0.0434864813764416,0.2819058423142371,0.102665910380034,0.4091510682548686,-1.5056521429923804,0.0460506336297724,0.1505608546771877
0,0.0985347859007291,0.1069259412226235,0.0917870504888354,0.0968657016052909,0.0844090933552054,0.0496894409937888,0.2795031055900621,0.186335403726708,0.5279503105590062,-1.678612028922256,0.0381637154982037,0.1011066334395176
0,0.1042437012038421,0.1112919820050605,0.0968162440469217,0.0962264057977859,0.0878189789146688,0.0776942355889724,0.2406015037593984,0.175438596491228,0.4010025062656641,-1.5167708443149954,0.0639676370090951,0.1358476931634986
0,0.0941904639004612,0.0975806887775273,0.0864811478065959,0.0847262061753912,0.0792342493221406,0.0201765447667087,0.0907944514501891,0.0580075662042875,0.3530895334174023,-1.5917013158186328,0.0511146075992933,0.0909515898771366
0,0.0962860424130227,0.0927205624414976,0.0863151559876832,0.0847842645012406,0.0762414204572859,0.0,0.0518867924528301,0.070754716981132,0.1886792452830188,-1.5005432464850956,0.0729398426985182,0.1399987981770006
0,0.0940249179561364,0.0923435951946627,0.0871224943498627,0.0834691073048971,0.0785998289592699,0.0160965794768611,0.075165277378557,0.0985915492957746,0.2872951997700488,-1.523879276741818,0.0518080902630176,0.0952380721120513
0,0.0829863131941619,0.080850782606092,0.0752969971689991,0.0761749643214848,0.0671503121895779,0.0085134250163719,0.0499890853525431,0.029687841082733,0.1752892381576075,-1.442879724751957,0.0622244338733466,0.1084952282283543
0,,,,,,,,,,,,
0,0.1035072115917761,0.1162981972911992,0.1007780546389929,0.0969582731576612,0.0788419632221915,0.0,0.0833333333333333,0.0833333333333333,0.9166666666666666,-1.637305699481865,0.0673575129533678,0.0670915877523802
0,0.1055364062682547,0.1026429752658537,0.0906626186121061,0.0888275831529059,0.0863692719869529,0.0858574356638579,0.1799134593486677,0.0735595536324299,0.2869505807333181,-1.414973434925295,0.0970789790606094,0.1537965575979109
0,0.1008773860728259,0.0943204728580806,0.0910060767833485,0.0828716097813158,0.0790450395454638,0.0352941176470588,0.1294117647058823,0.0470588235294117,0.2823529411764706,-1.824489054269872,0.0270721991820029,0.1318467881182199
0,0.1015016588083816,0.1038625400975562,0.0917061839868721,0.0900414038531874,0.0853273945492706,0.0463286713286713,0.1241258741258741,0.0314685314685314,0.2229020979020979,-1.5290325382023515,0.0631668869166096,0.1250329171232962
0,,,,,,,,,,,,
0,0.1007814729776789,0.1009734459306842,0.0913216227068163,0.0873842974825078,0.083639152900259,0.0747716894977169,0.2089041095890411,0.2191780821917808,0.7420091324200914,-1.395942553958401,0.0600366631794729,0.1289803306688368
0,0.0986983309333854,0.0957754402403165,0.0890461974570446,0.0840000273705663,0.0759967362426685,0.0,0.0883720930232558,0.0186046511627906,0.1860465116279069,-1.5793020837991314,0.0566787982667313,0.1329553618823398
0,,,,,,,,,,,,
0,0.1014286461112115,0.1157280607927371,0.1007912573281742,0.0840179790387329,0.0731533917269697,0.0,0.0,0.6,2.0,,,0.1070640544515721
0,0.0894734358879084,0.0953744275168615,0.0859214464934562,0.0863881696787776,0.0713002070732766,0.0,0.0833333333333333,0.0,0.25,-1.834607171457652,0.0189887028283055,0.1696802867903826
0,0.1147159572608908,0.1076951209621722,0.0961769827564029,0.0943358806347044,0.0881652995503429,0.1738317757009345,0.2803738317757009,0.0878504672897196,0.2785046728971962,-1.555747357081248,0.0686707604097186,0.131582986662767
0,0.0783345540365687,0.072070332825676,0.0678496031328683,0.0631141381782145,0.065446313871657,0.0,0.0,0.0,0.1296296296296296,-1.5206942515950617,0.0763169784302384,0.1366801306354998
0,0.1083288721927049,0.1038291315646339,0.0937086055653743,0.0905746062217142,0.08821106072306,0.0,0.0256410256410256,0.1538461538461538,0.2307692307692307,-1.3615060279930835,0.034404876102096,0.140165332663736
0,0.1110954821799514,0.1046716659185484,0.0899914653906935,0.0918055638753383,0.0865089919951584,0.0658682634730539,0.2514970059880239,0.0778443113772455,0.4431137724550898,-1.4255376806514206,0.1770122901120409,0.1275768725252969
0,0.1255808076721022,0.1352886439887264,0.0843692408666044,0.0762149903244029,0.1063795996945358,0.0,0.0,0.2,0.0,,,0.2163810417372032
0,0.0698922709951373,0.0661606685624209,0.0607633057213666,0.0606850958873494,0.0443188048319238,0.0,0.0,0.0,0.0,-1.637305699481865,0.0673575129533678,0.0637425275541748
0,0.1048172605648171,0.0951584674870623,0.0892346210799864,0.0885250613885735,0.0836154297969208,0.021845742309407,0.0503789567543468,0.0356665180561747,0.2028533214444939,-1.3329161127149756,0.0557317362228923,0.1202845801625806
0,0.0906264075274048,0.0912614205374328,0.0874100717173413,0.0823048872678872,0.0763538809977067,0.0038910505836575,0.0389105058365758,0.0350194552529182,0.1906614785992217,-1.4996155871072558,0.0552117332589635,0.1229074309382941
0,0.1002983498868368,0.1005176562556498,0.0903614854474967,0.0882415666648135,0.0832860359198736,0.0313092979127134,0.174573055028463,0.0996204933586337,0.3643263757115749,-1.5042176185796117,0.0595608028587868,0.1452746082750137
0,0.086007484832902,0.0823788443151451,0.0750706478915626,0.0735726735958889,0.072321923802419,0.0023541721161391,0.01543290609469,0.0238032958409625,0.0478681663614962,-1.2997423768313137,0.0857615505705459,0.1316141529687415
0,,,,,,,,,,,,
0,0.0951239148260799,0.0954589283704175,0.0857410193337651,0.0869965722022479,0.0789790912134061,0.0205338809034907,0.1252566735112936,0.0410677618069815,0.1663244353182751,-1.4677382012696474,0.0452243046273769,0.1263593427591845
0,0.0984415968929313,0.0955884259130044,0.0847015927905098,0.0807248669174041,0.080142618965948,0.0,0.0161290322580645,0.0161290322580645,0.2258064516129032,-1.3305886198657562,0.0941852773970373,0.1055292093687781
0,0.0890808523522529,0.0849827152265246,0.0784062568585582,0.0758504952759947,0.0718106946172457,0.0,0.0315186246418338,0.0200573065902578,0.1432664756446991,-1.5870371415046132,0.0442398672423887,0.1205223014121983
0,0.0934004863756312,0.0902260571718164,0.0859092756372553,0.0819841715677544,0.0775470869080655,0.0123520329387545,0.152856407617087,0.0548121461657231,0.2889861039629439,-1.3933711832908453,0.0682714267782205,0.1204871151508766
0,0.1013949772574956,0.0949735130096192,0.0889961377799218,0.0865834903094444,0.0831155400008815,0.0305343511450381,0.099236641221374,0.0839694656488549,0.2900763358778626,-1.491370364355571,0.0818123166262518,0.119222455581949
0,0.1100085325295292,0.1144301215108903,0.101363995041058,0.1034902923433605,0.0900607196669607,0.0,0.6571428571428571,0.0571428571428571,0.6571428571428571,-1.3402391762517114,0.0791596048876819,0.1456819555228306
0,0.1123339427534202,0.1018852007785591,0.0887927754020578,0.0951261596015998,0.0906403929948663,0.0833333333333333,0.0833333333333333,0.0,0.3333333333333333,-1.5635273484615448,0.0820253573553641,0.1200404285746393
0,0.0969650033788952,0.0964383774349796,0.0885188648850718,0.0870563190070202,0.0813424726387411,0.026978417266187,0.0917266187050359,0.0287769784172661,0.2643884892086331,-1.8371043543494887,0.0220356456469846,0.1317889101300375
0,0.0983573752074403,0.1063683692578643,0.0944637396838559,0.089392896122118,0.0814911613462604,0.0923076923076923,0.1384615384615384,0.1384615384615384,0.6923076923076923,-1.7060099642828137,0.0510965277267117,0.0762752246298343
0,0.0965799231940255,0.1070371700197152,0.0915997651753914,0.0950978433951542,0.0828383301817421,0.0137931034482758,0.1724137931034483,0.1172413793103448,0.2689655172413793,-1.4627539781475158,0.0743591276900224,0.113511648867016
0,0.1005526739724795,0.111925602706079,0.089700902285639,0.0906439706411981,0.0857362075808074,0.032258064516129,0.0451612903225806,0.0709677419354838,0.4645161290322581,-1.1123574060917272,0.1578105279368461,0.1557622472530647
0,0.099493273001175,0.0912539069508743,0.0861568965053385,0.0815889166390587,0.0778265688554289,0.0198019801980198,0.0346534653465346,0.0396039603960396,0.1732673267326732,-1.3984893436994046,0.0800977700628648,0.1363127640938427
0,0.1131459541746489,0.1012500847170496,0.0831531383664757,0.0861543293719904,0.0843611135732934,0.046875,0.046875,0.015625,0.125,-1.4495952749137366,0.0657868717611538,0.1208829331391702
0,0.0,0.0,0.0,0.0,0.0,0.0,0.0,0.0,0.0,-1.7133683596030356,0.0542907180385289,0.0804567588972222
0,0.0918003499430835,0.0815617594462425,0.0836455345337499,0.0785142979779403,0.0787573688492463,0.0,0.0,0.0476190476190476,0.1428571428571428,-1.6979917042815829,0.0469065400187939,0.1039391792120386
0,0.0990967348754823,0.0946663741267482,0.0887143533831526,0.0884801626786488,0.0802289192202534,0.0255474452554744,0.1605839416058394,0.0985401459854014,0.2554744525547445,-1.734382703956585,0.028874733806498,0.1149123571401786
0,0.1050649527511547,0.1123966177533458,0.0967949900440928,0.0943580562424406,0.0913321452011241,0.0709812108559499,0.3152400835073068,0.1022964509394572,0.5657620041753654,-1.0982786101229638,0.2026467923256718,0.1716448471505811
0,0.0957804205656268,0.0896108044120543,0.0825172823431642,0.0825621712875223,0.0784141512437318,0.0116618075801749,0.0422740524781341,0.0233236151603498,0.1588921282798834,-1.4009065799399392,0.0794499205129151,0.1305921197811291
0,0.0990127986167075,0.0849046695982385,0.0850500534008035,0.0785353036955891,0.0776626437138223,0.0517241379310344,0.0862068965517241,0.1149425287356321,0.3103448275862069,-0.8144694661697904,0.1227624570063574,0.1455841512774659
0,0.0922111192669615,0.084326476978054,0.0804613635720095,0.0790744226000338,0.0748430247567671,0.0111607142857142,0.046875,0.0267857142857142,0.0714285714285714,-1.4140194512017197,0.1040518276575807,0.1390949216014895
0,0.1085915054651687,0.1045944928847333,0.0977989432768005,0.0951578517082411,0.0922527105964522,0.107361963190184,0.303680981595092,0.1380368098159509,0.2730061349693251,-1.6311584553928096,0.0213049267643142,0.1066533408637383
0,0.1007470606663951,0.0904648245237579,0.0833462151561628,0.0801041536787673,0.0818074637210546,0.0466472303206997,0.1895043731778425,0.1399416909620991,0.2186588921282798,-1.4716331768781128,0.0751506498257409,0.1416658750430447
0,0.1013856203752213,0.0958245563394179,0.0869012097560408,0.0858724749893496,0.0777367831979681,0.0204081632653061,0.1224489795918367,0.0884353741496598,0.2789115646258503,-1.2467547656676827,0.1377545542563447,0.119723612462614
0,0.1061263300916992,0.1178557450138374,0.1024273954301362,0.085257960678098,0.0832232338695195,0.0,0.0,0.0,0.0,-1.506517915822965,0.0863759487165837,0.1839767736009916
0,0.1405650433019318,0.129019297319468,0.0995207692025054,0.0982098745890465,0.1047024824690439,0.0,0.0,0.0,0.0,-1.7211346576706774,0.0504282307176092,0.1082695489810139
0,0.0945454640282671,0.0896572964481021,0.0800575970626898,0.0822515648185968,0.0771060413957023,0.0,0.0329670329670329,0.0329670329670329,0.0439560439560439,-1.2469673473709126,0.0674942749552785,0.0990847508741828
0,0.1022673302237923,0.1041441358151117,0.0921515079492555,0.0926321248735034,0.0861977563517394,0.063063063063063,0.072072072072072,0.054054054054054,0.072072072072072,-1.3926097096705827,0.0785119457622458,0.1195722785381663
0,0.0956889973908877,0.0933842397900697,0.085438283348523,0.0812225026750921,0.0840563443598383,0.0213675213675213,0.0555555555555555,0.017094017094017,0.1367521367521367,-1.2065924720714374,0.0916448146536432,0.1098786076147587
0,0.0826808704567497,0.0972114790938927,0.0838561421486479,0.0911098470311516,0.0662347694477587,0.0073175084776012,0.0258789933963947,0.6318043905050865,0.1026235945029448,-1.4639248417863202,0.0631995069917225,0.1014793845562791
0,0.1027782844127872,0.1014631029578242,0.0908962492944512,0.0890689247571384,0.0853249361491319,0.0174343521308652,0.0798536375376668,0.0387430047352561,0.1676711149375807,-1.452008325826474,0.083221196985673,0.1521506705460547
0,0.0993656744243724,0.0969102826743908,0.0865375417723658,0.0853016032291125,0.0823762654829275,0.0114754098360655,0.0639344262295081,0.0270491803278688,0.1065573770491803,-1.346265982484213,0.079075646659705,0.1271803670910678
0,0.0968974130023423,0.1001511068470299,0.0932718301013265,0.0916394572742557,0.0813579536843417,0.0179372197309417,0.0560538116591928,0.0343796711509716,0.1644245142002989,-1.519992680773931,0.0659511486029974,0.1558498811275952
0,0.0973589194802741,0.0923199297065957,0.0935470876008921,0.0787405247457374,0.0733470996844663,0.2,0.4,0.1,0.7,-1.0779327489539905,0.0546615378442165,0.1335485520855118
0,0.1039975152443651,0.1062482660899241,0.0827806061754452,0.0854374273102397,0.0755771709171907,0.011049723756906,0.1049723756906077,0.0220994475138121,0.2541436464088398,-1.8169757029940443,0.0192515322707181,0.0815981544659991
0,0.1012768583571968,0.1026835560578359,0.0900474846587637,0.0909255980939371,0.0843689054467146,0.0133333333333333,0.1366666666666666,0.0233333333333333,0.2233333333333333,-1.2930759853090226,0.1155963727715152,0.1179293070794436
0,0.0909292315640174,0.1037657859631892,0.0884423167782556,0.0935433591510352,0.0805930969530569,0.0,0.2,0.1,0.3,-1.637305699481865,0.0673575129533678,0.0933406747365789
0,0.0900833959088112,0.0833775691131811,0.0773579241577868,0.0753608028031196,0.0721759266799375,0.0082244799225931,0.0382196419932269,0.0237058538945331,0.0977261731978713,-1.3724629422403851,0.1096640018126976,0.131019713614111
0,0.1035935308778346,0.0900499835423088,0.0990285304522588,0.0751130977219829,0.0776068616636541,0.0,0.0,0.0,0.0,,,0.2840133688529412
0,0.0958005761227847,0.1008819012025855,0.0883776159177319,0.0869775225566892,0.0803618610556807,0.0128022759601706,0.0426742532005689,0.0199146514935988,0.0995732574679943,-1.7077963775406864,0.0330882711386138,0.1210285064534513
0,0.0931701447062432,0.0936622343529211,0.0861476793323211,0.0828161377656491,0.0803593877127597,0.0,0.0275229357798165,0.0275229357798165,0.1238532110091743,-1.300363988549439,0.0665940103297389,0.1270912494337496
0,0.104378624540292,0.0966945876097637,0.091257554752523,0.0860237202669702,0.0830131412455085,0.0151057401812688,0.1711983887210473,0.0654582074521651,0.4843907351460221,-1.599121599183293,0.0591025783423251,0.1160897200225019
0,0.1116496500968015,0.0997693881830634,0.0922540883332711,0.0888492471974144,0.0897287003906434,0.0795677799607072,0.2711198428290766,0.1139489194499017,0.2956777996070727,-1.3567129277714935,0.1026694954263558,0.1435891963591207
0,0.0977053157843116,0.0971543319926018,0.0885413843611996,0.0829623560772392,0.0798326133426813,0.0,0.1794871794871795,0.0,0.4102564102564102,-1.5009943675640465,0.1230801193181384,0.100516213446605
0,0.1032999798506089,0.1013824222207548,0.0904090458380208,0.0898819765143001,0.0835651211457827,0.0088888888888888,0.0903703703703703,0.0296296296296296,0.1525925925925925,-1.5852683760844672,0.0488517554940445,0.1266481533394923
0,0.0844161860028211,0.0701636076843913,0.0644796931469919,0.0581331185509359,0.0593663729833696,0.0,0.0,0.0,0.3333333333333333,,,
0,0.0971242273207411,0.078000934824096,0.0834297886847563,0.0773613446050055,0.0685391976391432,0.0,0.0350877192982456,0.0087719298245614,0.0964912280701754,-1.4117024004601093,0.1152655840629912,0.0535751395862019
0,0.0972469958701956,0.0967866255787475,0.0874957899330642,0.0836537442616293,0.0778434937502725,0.0052180395080134,0.0965337308982482,0.032053671263511,0.2497204621692135,-1.8337661492187056,0.0253318554351762,0.1534489850358161
0,0.0988318413689442,0.1013064288771881,0.0932670736981996,0.0909390928768204,0.0825890044838321,0.0307101727447216,0.1209213051823416,0.0537428023032629,0.272552783109405,-1.3224244214487173,0.105243022487828,0.1095624956878309
0,0.092451010887329,0.0952048183661159,0.0871950928008849,0.0829538312830635,0.0785308460013266,0.0085470085470085,0.0598290598290598,0.0341880341880341,0.2022792022792023,-1.486429545225777,0.0719191385292673,0.1319941293148986
0,0.0928921954109783,0.0900182289763518,0.0819879676635229,0.0812246300921045,0.0753079438948252,0.0058377116170461,0.0283129013426736,0.013426736719206,0.0659661412726211,-1.4655828495448702,0.0689179320464316,0.1536394413915637
0,0.1012687106168401,0.1014046099641187,0.091571126548012,0.0882007180350472,0.083476460912533,0.011938202247191,0.0870786516853932,0.0414325842696629,0.1695926966292134,-1.4412058102261494,0.0890168211651089,0.1376427178580294
0,0.0645116347374455,0.0842239570677955,0.0839257574256041,0.085814435667309,0.0787618117743746,0.0,0.0,0.0,1.0,,,
0,0.0996826647171923,0.0893251904477019,0.0885788017844808,0.082349836005247,0.0786558833572096,0.0083333333333333,0.05,0.0233333333333333,0.2016666666666666,-1.5137103569733157,0.0718754809068707,0.118129518713221
0,0.0925457595580491,0.0979760488660607,0.0934153490848474,0.0890743122609533,0.0807209802068902,0.0116279069767441,0.0674418604651162,0.0255813953488372,0.1325581395348837,-1.5667326415475475,0.0575837737596745,0.1444783187269641
0,0.0987942447123183,0.0964906090620227,0.0872000109561125,0.0860453302384148,0.0811800156680951,0.0130173564753004,0.062082777036048,0.031041388518024,0.1345126835781041,-1.498994402064191,0.0676967457069362,0.1279328124648983
0,0.0996430017445596,0.1025988194895601,0.0965033692232657,0.0955968101618639,0.0826822865061521,0.0226860254083484,0.0943738656987295,0.0372050816696914,0.2186932849364791,-1.5307688693558985,0.0658046495118587,0.128418185958321
0,0.1014166768207592,0.0854989021315528,0.0760753520594159,0.0710252886046791,0.0747264496678623,0.0217391304347826,0.0869565217391304,0.0217391304347826,0.108695652173913,-1.5382506595399408,0.0527467134680495,0.115564796158643
0,0.0949791874288128,0.0989016217493162,0.0915147032435836,0.0907208737985978,0.0767763974558723,0.0627802690582959,0.1210762331838565,0.085201793721973,0.3094170403587444,-1.3635538174155122,0.1333683272255369,0.1326898414205567
0,0.1068003055743567,0.1192935914935767,0.0972275356006271,0.1026923611648518,0.0921664446149578,0.0,0.0444444444444444,0.0,0.1777777777777777,-1.7235157100459662,0.0459830496814801,0.0828993398941258
0,0.0941514667544812,0.0788414966885193,0.0808373887711377,0.0754849513968484,0.084024625731105,0.0,0.0,0.0,0.0588235294117647,-1.1072109590595312,0.1263815781278233,0.1427007231664023
0,0.0954148356343508,0.0947148552700294,0.0877942490962548,0.0854788835508874,0.0800452989660889,0.005261700360011,0.0531708667959014,0.0141235114926613,0.116034339518139,-1.5043811541798735,0.0552656078891446,0.0951315351005801
0,0.1061739407782487,0.0981239686839839,0.0818983426243085,0.0767581814689596,0.0788988148471182,0.0,0.2777777777777778,0.3333333333333333,0.2777777777777778,-1.793445253926606,0.0342144594851224,0.1491324277589344
0,0.0996848016745134,0.0994314019445763,0.0931319458666324,0.0908738391120363,0.0823190506891337,0.0775862068965517,0.2586206896551724,0.1206896551724138,0.6120689655172413,-1.335812137062869,0.0630615147708797,0.1041231940091314
0,0.1016265518011096,0.0876058104688055,0.0725456769249203,0.082651145016139,0.0630600241255169,0.0,0.5,0.0,0.0,,,0.0442409583545454
0,0.0993923739910169,0.0976115181450364,0.0887864486089643,0.0864721896158758,0.0785514518097693,0.0257731958762886,0.0412371134020618,0.1030927835051546,0.268041237113402,-1.8088324373672409,0.0186711427196599,0.0746335206102221
0,0.0735593636366468,0.0776052905517602,0.0766524427450153,0.0731613070352407,0.0583326611108765,0.0,0.0769230769230769,0.0,0.0769230769230769,-1.3260042430053256,0.0428428850559496,0.1078812460365398
0,0.0918390920405709,0.093349134268128,0.087178334828355,0.0828320043730417,0.0818421954231698,0.0,0.0,0.0625,0.125,-1.4761526647746777,0.0782806004975639,0.1606599256836978
0,0.0867897407871505,0.0552544849812447,0.0739449132995458,0.0557514777088362,0.0652608332596416,0.0,0.0,0.0,0.0,,,
0,0.1077305620245641,0.1038416040599085,0.0880786221998111,0.0847526641205734,0.0821265198500266,0.0051546391752577,0.2628865979381443,0.0309278350515463,1.4536082474226804,-1.5816144340454257,0.0703885954035041,0.1022131647896686
0,0.1069347066436814,0.111087575357158,0.0958598927856981,0.093888795463069,0.0849535119446261,0.125,0.75,0.125,0.5,-1.6547908958406308,0.0656427522557714,0.0792119852172989
0,0.0917927237604261,0.0991240986486293,0.0893940031132349,0.080528463170812,0.0693192125829123,0.0,0.2258064516129032,0.032258064516129,0.032258064516129,-1.4771917378110713,0.047716995504791,0.1310290214948942
0,0.0975373304753543,0.0947687615435448,0.0852938849439136,0.0828908708094231,0.0703485327929436,0.0120481927710843,0.1325301204819277,0.0120481927710843,0.108433734939759,-1.4264968406805223,0.0711702499491302,0.1069338193003518
0,0.0945301039605882,0.0936414007206425,0.087578588413436,0.0857624687000593,0.0807704860168481,0.0131445904954499,0.051061678463094,0.038422649140546,0.1319514661274014,-1.3669634551788892,0.063127132522996,0.1242003654399582
0,0.0874596615247611,0.086813565588607,0.0788518354394492,0.0755613675974524,0.0742782353274215,0.029126213592233,0.0679611650485436,0.0631067961165048,0.1601941747572815,-1.353919962372212,0.081724783780094,0.1527591231851995
0,0.0904279952788641,0.0839160541506297,0.0854875479041561,0.0854067238000759,0.0659694223067316,0.0126582278481012,0.0822784810126582,0.0284810126582278,0.1613924050632911,-1.5083815335063917,0.0404536259610468,0.1039412911077591
0,0.0972080787495813,0.09075697340171,0.0881612901637009,0.0813289611000194,0.0756697544894741,0.0309278350515463,0.0721649484536082,0.0515463917525773,0.2989690721649484,-1.5512549137801932,0.0350977559928689,0.1130016474863667
0,0.0976585663092392,0.1005455834546794,0.0916211481825133,0.0887366863185574,0.0821848682886883,0.0555555555555555,0.2309523809523809,0.0801587301587301,0.496031746031746,-1.593267819303167,0.0631846466008165,0.1139527958061823
0,0.0965969198995186,0.1011790742214656,0.086400742929405,0.0880020452826075,0.0801133803145659,0.0413793103448275,0.0896551724137931,0.096551724137931,0.3724137931034483,-1.4391972870770775,0.0195739968379376,0.1155808163883858
0,0.0968671894989389,0.0908590860062633,0.0845440275459683,0.0833520512035405,0.0818499518272636,0.0295566502463054,0.064039408866995,0.0098522167487684,0.2068965517241379,-1.698960272701491,0.0554374376427836,0.1280865309246115
0,0.0887436002996889,0.0782948974804002,0.0816801009472012,0.071914291375608,0.0697893419180839,0.0350877192982456,0.0350877192982456,0.0350877192982456,0.1403508771929824,-1.1323745989132707,0.1132137301892347,0.1567581316852196
0,0.0931878578926977,0.0953020790462163,0.0842616596706241,0.0798313664477789,0.0784316295229814,0.0768856447688564,0.3907542579075426,0.4515815085158151,0.4301703163017031,-1.2800220019312485,0.0646656097560584,0.1162757233261765
0,0.1025321057099117,0.1011736336152434,0.0927339047621669,0.0923231088409952,0.0870064780080059,0.0666666666666666,0.3146067415730337,0.1003745318352059,0.4209737827715356,-1.5272369620827038,0.0725191635600467,0.1461249163960462
0,0.0640875617643179,0.0588182279666672,0.0597590483310949,0.0563828688870858,0.0555233244668357,0.0,0.0,0.0,0.0175438596491228,-0.9773413897280968,0.0302114803625377,0.0330520029925516
0,0.0640486543616382,0.0672758819912263,0.0564400029176809,0.0452770770796442,0.0561006691731261,0.0,0.0,0.0,0.0,-1.127585616486816,0.1180065600864867,0.1403683904472155
0,0.089932104568821,0.0784186211979516,0.0744003312761088,0.0621250305310171,0.0605466168826697,0.0,0.1666666666666666,0.1666666666666666,0.3333333333333333,-1.2823421013460752,0.0434230395934023,0.1050070462650542
0,0.0900332868215433,0.0858598451907598,0.0814386497326108,0.0809972333576657,0.0722674403682112,0.0013774104683195,0.0426997245179063,0.0220385674931129,0.1046831955922865,-1.3890982726790628,0.0631580557920171,0.1304262867353412
0,0.1027086674342719,0.1068211716568069,0.0969440719915366,0.0968409302770323,0.0866590303283263,0.0787671232876712,0.2157534246575342,0.0993150684931506,0.4863013698630137,-1.5713049037313065,0.0686446070222199,0.132372847451779
0,0.096708185870567,0.09457411790401,0.0865459990258714,0.0856631799576429,0.0773343015275962,0.0079073044703671,0.0562123228685508,0.0425898379394034,0.1586941204102403,-1.5230320098433414,0.0795647653502837,0.1451659973425625
0,0.1279620853080568,0.117391304347826,0.1440677966101695,0.1287878787878787,0.1042654028436018,0.0,0.0,0.0,0.0,-1.48,0.1085714285714285,0.1269799252396226
0,0.0995873312562921,0.1046805885028521,0.0908107288342246,0.0904398118168726,0.0811234809482633,0.0089020771513353,0.0771513353115727,0.0148367952522255,0.1305637982195845,-1.3839514659314596,0.1019482298881339,0.1277033387932165
0,0.0994741023175579,0.098573774853698,0.0895095552794505,0.0899289226689846,0.0828963031172115,0.0542110358180058,0.1093901258470474,0.0648596321393998,0.2565343659244917,-1.485331423856895,0.0910678115808078,0.1259358855681869
0,0.0980976525870014,0.0884144240535816,0.0848478702598839,0.0822777736212655,0.0784699504736668,0.0133333333333333,0.1311111111111111,0.08,0.3533333333333333,-1.608383224394983,0.0436147920359605,0.1122873226748769
0,0.0623624356849723,0.057370240402384,0.0543064297317246,0.0519194056908866,0.0535925681646092,0.0,0.0181818181818181,0.0,0.0363636363636363,-1.615306066573578,0.0514006744179616,0.1122662697070556
0,0.0999777792115721,0.1013853287590325,0.0910500363116744,0.0894601615084818,0.0834239435437976,0.0,0.0434782608695652,0.0434782608695652,0.0869565217391304,-1.520287904486252,0.0813471343523432,0.1326527700287373
0,0.0936124687445,0.0939523900523335,0.0868302304179719,0.0847617960626023,0.0795615854562175,0.0106666666666666,0.072,0.04,0.328,-1.3198319762623174,0.078144306509487,0.1104793980002699
0,0.0880153255118738,0.0862133962937984,0.0815415266208794,0.0811923043692213,0.0713033347041743,0.0060240963855421,0.0481927710843373,0.036144578313253,0.108433734939759,-1.534398531799191,0.050621791133811,0.1129365435890245
0,0.0551752828445745,0.0931241984317156,0.0893259504331403,0.0617877534766992,0.0492749199665134,0.0,0.0,0.25,0.0,-1.2090032154340835,0.22508038585209,0.1307623663473684
0,0.0843377822278346,0.0753122979602335,0.0769690672377736,0.0719739659810895,0.0699870730175085,0.0075829383886255,0.0492890995260663,0.0312796208530805,0.1109004739336492,-1.418147709959908,0.0649429028844064,0.1263776312060505
0,0.0916683963490231,0.094519398673232,0.0818929293268733,0.082795635407759,0.0760648237173084,0.0,0.032258064516129,0.032258064516129,0.1612903225806451,-1.5095040045350023,0.0352797037961373,0.0986734222783575
0,0.0884798503290373,0.0827681021126893,0.0803782526036205,0.0744811445003305,0.0775863139920674,0.0410958904109589,0.0821917808219178,0.0547945205479452,0.0821917808219178,-1.284989406777577,0.1283769958225827,0.1593085813380681
0,0.0934675678456748,0.0907617431802332,0.0854747932044753,0.0800120651212341,0.0757466318444888,0.009009009009009,0.0608108108108108,0.0585585585585585,0.1486486486486486,-1.4938553091142464,0.0731198883757168,0.1061519922071585
0,0.0928893423793712,0.0991745528416025,0.0866091050886697,0.0857923979963279,0.0770878474335535,0.0565167243367935,0.1707035755478662,0.0565167243367935,0.2906574394463668,-1.4643237130214786,0.0682741880345497,0.0964214079005116
0,0.0989529267583666,0.0970677196536555,0.0876578359185565,0.0891501805131773,0.0804008599562909,0.0088676671214188,0.0416098226466575,0.0204638472032742,0.1302864938608458,-1.4517463641481516,0.0811594767046652,0.1226323694764664
0,0.1036974325420382,0.0986267251978993,0.0915496989301948,0.088535302262546,0.0849880813608939,0.0208014683389415,0.0801468338941572,0.0541449984704802,0.1419394310186601,-1.531058878491378,0.0732331387174465,0.1527440318726948
0,0.1041394297828041,0.1029107670200879,0.090898981254309,0.0898161101528575,0.0848392119103305,0.0129032258064516,0.0756989247311828,0.0283870967741935,0.1546236559139785,-1.5278853630081213,0.0848687020851654,0.1419405183042893
0,0.0815831615083123,0.0824570167568718,0.0756993810722057,0.0725739503743904,0.07010579399315,0.0045126353790613,0.0306859205776173,0.0108303249097472,0.1101083032490974,-1.4430055034688234,0.0779267287757941,0.1555944915431205
0,0.0985616291278411,0.095415243778409,0.0857263037036055,0.0838170253468593,0.0803495008572457,0.0542495479204339,0.1464737793851717,0.077757685352622,0.2459312839059674,-1.4065320131985029,0.0745021583605206,0.1391391299897242
0,0.1042424156792174,0.1068352473353572,0.0945354197997496,0.0935068882711255,0.0872752838047544,0.0215827338129496,0.167066346922462,0.0447641886490807,0.2222222222222222,-1.2699666624393915,0.1119225597356904,0.1553602236181447
0,0.0896214987883009,0.0885075769349192,0.0792118643396046,0.0784048266297016,0.0741865078871188,0.0063565443513435,0.0531638254839641,0.0167581623808147,0.0731002600404507,-1.5550422987886374,0.06156397875152,0.1522485179956751
0,0.0976750414078995,0.0962913317306589,0.0865443032822084,0.0860796377822731,0.0804677950176389,0.0160919540229885,0.0613026819923371,0.0367816091954023,0.1425287356321839,-1.4898413976889302,0.0716174728271309,0.1413846245585936
0,0.1018918059721766,0.0975649956495361,0.0924037185286702,0.0889765510160806,0.0830347400745912,0.0398773006134969,0.1901840490797546,0.1104294478527607,0.5838445807770961,-1.5065674085949192,0.0393759026578217,0.13212732435195
0,0.0978116527305638,0.1003487663460535,0.0909085419062905,0.089752946309459,0.0820345658362677,0.0626618332470222,0.1517348524080787,0.0854479544277576,0.3557742102537545,-1.5141319627615348,0.081048434019668,0.1282004322967411
0,0.1136958353238061,0.1061703286221182,0.0987698739027682,0.0896619698191609,0.0941644866043813,0.0188679245283018,0.2075471698113207,0.1698113207547169,0.2452830188679245,-1.4167481146464418,0.1062416681528426,0.1391045427103507
0,0.1095114414244272,0.1110885196248834,0.0985063383248572,0.0994746575024711,0.090811937095407,0.0524271844660194,0.3048543689320388,0.0601941747572815,0.3378640776699029,-1.5509397092851662,0.0639755796038422,0.13499411551676
0,0.1066817805670087,0.1034447361842066,0.0953235772194038,0.0935630225023115,0.0875801135244312,0.0631704410011919,0.2061978545887962,0.1048867699642431,0.33253873659118,-1.40670225557819,0.0666669789815097,0.1432035469118489
0,0.1072785155101998,0.1141374310789728,0.0932823987173177,0.0893688929660811,0.0825350625519895,0.0100686498855835,0.0814645308924485,0.022883295194508,0.2151029748283753,-1.5146642176001204,0.0669875620961881,0.1381402933169873
0,0.0987430168756702,0.0960544399061071,0.0857166486423828,0.085473168596817,0.0800691672834348,0.0096593134055606,0.0865422268633337,0.0279336901187834,0.148544576426054,-1.3674234254675723,0.0711868736216733,0.1148552536255821
0,0.0963401700269403,0.095907386212534,0.0850867642780794,0.0821284317435273,0.0784518299480742,0.0141176470588235,0.0470588235294117,0.0211764705882352,0.0494117647058823,-1.3707493063809053,0.0930519282976971,0.116134970812589
0,0.0972563324464299,0.0963835380532035,0.0878778250311609,0.0859455370518271,0.0802921719680743,0.0156494522691705,0.0641627543035993,0.0500782472613458,0.2206572769953051,-1.1900743064411654,0.0563265622156448,0.0882938327677864
0,0.1101482732154666,0.1174076355876702,0.0988379067410364,0.0958837809566929,0.0861506631466269,0.0560344827586206,0.1853448275862069,0.043103448275862,0.3663793103448275,-1.3413993908482618,0.082218121975194,0.151698165513109
0,0.1070124325257463,0.1030873390761306,0.0920118467744616,0.0910942820527091,0.0877830636145435,0.0416447021613073,0.1381128096995255,0.1238798102266737,0.4526445264452644,-1.350838876503021,0.0882381883554371,0.1099533489033487
0,0.1084914665689471,0.1056017135945629,0.0924176773402671,0.0916538799428821,0.0878313668541804,0.0234806629834254,0.0835635359116022,0.06146408839779,0.3404696132596685,-1.5020609778822542,0.0389267916266605,0.0936720519652381
0,0.1002760792412401,0.0947641949360265,0.0888415690536231,0.0866455348116385,0.0808254346667589,0.0200348432055749,0.1707317073170731,0.0592334494773519,0.2857142857142857,-1.4704526391013453,0.0990707840023654,0.1465653189129657
0,0.0824363833976414,0.0751245123252266,0.0718622706360122,0.0684995508991806,0.067337518793809,0.0080862533692722,0.0442615973897006,0.0286565470279472,0.0836998155766775,-1.7263228001416977,0.0272831403779898,0.1342151611303178
0,0.095490340095806,0.1024947608495383,0.0922544599978492,0.0919193666525568,0.0817301408228634,0.0232558139534883,0.065891472868217,0.0697674418604651,0.2054263565891473,-1.6188846920037807,0.0570773706819746,0.1508250597101161
0,0.103683850663991,0.1030444634519469,0.0938999726855053,0.092027115504406,0.0869520189657123,0.0219519430436072,0.1272619400771284,0.0492435479086324,0.2106199940670424,-1.4329614477602857,0.0868073063930089,0.1557649763898169
0,0.1065490506422444,0.0999675148020197,0.0907582102295471,0.0875684635757428,0.0840737291137762,0.0156777616980221,0.1292812349252291,0.0894838398456343,0.3490110950313555,-1.5815283000709337,0.0644936990481602,0.1205018163231869
0,0.1039695992457344,0.09935971537669,0.0925954800219609,0.0918896413408107,0.0853663230505545,0.0100574712643678,0.0551724137931034,0.0454022988505747,0.1982758620689655,-1.2881237143399034,0.0531609073290326,0.1367279255682875
0,0.0895094663936907,0.0899120066001734,0.0821978361966371,0.0824130226019032,0.0728640305984546,0.0090215128383067,0.0483460559796437,0.0182743465186213,0.147120055517002,-1.561364781316378,0.0506137354922729,0.1146424870627724
0,0.107362295033499,0.1062627157552276,0.0995758762448506,0.0920503178025821,0.0938822904726015,0.1188997338065661,0.7622005323868678,0.54924578527063,1.45075421472937,-0.5291505751636351,0.0174759209069881,0.1641655388293756
0,0.1015700529725398,0.1011338293567717,0.0912030008348497,0.0907896737803366,0.0847126407016375,0.0229088971763452,0.1118806606286627,0.0324986680873734,0.202983484283431,-1.4754626173263974,0.0753429813317761,0.1464728145325014
0,0.0992907332493579,0.1028306773026347,0.0932843131333814,0.0882608369999256,0.0850303727196304,0.0072727272727272,0.0618181818181818,0.029090909090909,0.2509090909090909,-1.3824446751395187,0.0348005046084386,0.1158237577780445
0,0.1040038562328269,0.1024915473014548,0.0939644574698235,0.0897730145726783,0.0855793549431613,0.0061433447098976,0.0791808873720136,0.0443686006825938,0.2750853242320819,-1.3984879477755798,0.04550915294133,0.1162805396133691
0,0.100434656062335,0.1108271665507795,0.0930515682101429,0.1007520526098997,0.0825730810619922,0.0142817138056566,0.0789694763371604,0.0187622514701764,0.1853822458695043,-1.6083467645259464,0.053120804610021,0.1115481436870305
0,0.0971482086556322,0.0971917957421168,0.0869169846780834,0.0854498392868723,0.0824332317787752,0.0176991150442477,0.1010324483775811,0.0405604719764011,0.1769911504424778,-1.4621954832939752,0.0815997574475751,0.1144873492913588
0,0.0918967724119511,0.0879814177259854,0.0820096688913646,0.0791469053418933,0.0766418158867511,0.0116642958748221,0.0522048364153627,0.0243243243243243,0.1119487908961593,-1.334210589632944,0.082935735086911,0.1359419676526589
0,0.0977153444833308,0.0967597268688065,0.0902681017087662,0.0871153710021374,0.0777157052391841,0.005050505050505,0.1111111111111111,0.0909090909090909,0.6161616161616161,-1.8275702675092256,0.0124660366329556,0.0904945745705751
0,0.0335017506537251,0.0297413776192774,0.0318731859090814,0.0228624892044909,0.018746506198415,0.0,0.0,0.0,0.0,,,0.0632516121035087
0,0.0973269383793091,0.107703148583805,0.0903431494859192,0.0952964024802217,0.0801056632395954,0.0115207373271889,0.0483870967741935,0.02073732718894,0.1198156682027649,-1.78713419774418,0.0267152107479286,0.1042178986724775
0,0.0914742360850792,0.0910886413114896,0.0845165331451448,0.0748641515002404,0.0746978691599977,0.0,0.0,0.0,0.5,,,0.118117104737931
0,0.1008103909641705,0.1059908890266344,0.0930740777230275,0.0938327294225509,0.0861829716851918,0.0168776371308016,0.1476793248945147,0.0253164556962025,0.2025316455696202,-1.6269094203538637,0.0674052694273309,0.1021694011059735
0,0.0975131252358147,0.0958650667750779,0.0864378238135353,0.0842401292551399,0.0816374182569799,0.0151199165797705,0.1256517205422315,0.043274244004171,0.2406152241918665,-1.661936515246995,0.054766521765547,0.1415369043491918
0,0.1088799207519174,0.1047045329218656,0.0929810230785752,0.0913225446167594,0.0864786971854887,0.020704685797312,0.1264075553941155,0.071558300036324,0.2913185615691972,-1.6808891940552555,0.0342159385202912,0.1143281868886996
0,0.1074438818734493,0.1067188502954126,0.0956766720845232,0.0934974059828911,0.0867385740395489,0.022883295194508,0.1079328756674294,0.0472921434019832,0.2768878718535469,-1.5159378887929784,0.0668854285144711,0.1374463790945815
0,0.1008525906435347,0.095672932191676,0.0882392712085636,0.0874543516910311,0.0834437672667949,0.01628664495114,0.0944625407166123,0.0879478827361563,0.247557003257329,-1.2504236541124798,0.1357249943107432,0.1243529577179568
0,0.0993910167854119,0.1001626110759269,0.0905803441370355,0.0890750651497167,0.0821089287757976,0.020253164556962,0.0810126582278481,0.0354430379746835,0.1772151898734177,-1.5256961093613153,0.0744965075557367,0.1224146927553291
0,0.0990104921290072,0.0981040754633096,0.0900740907294775,0.0893923335891495,0.0825076521296397,0.0514612452350698,0.1670902160101652,0.1156289707750953,0.4021601016518424,-1.4051018119377074,0.0583422410950847,0.1246300027327886
0,0.1023671542662688,0.1008828704677427,0.0954612394800001,0.0931754247033982,0.08306862173207,0.0122699386503067,0.1165644171779141,0.0245398773006134,0.2576687116564417,-1.5686767041412897,0.0591642899232543,0.1106175306318337
0,0.0970105497840971,0.1030579616120319,0.0897915490622558,0.089624313792356,0.0803394357340209,0.0087163232963549,0.072107765451664,0.0206022187004754,0.1743264659270998,-1.574145817149791,0.0606315443636545,0.1297937178091343
0,0.1239917318405093,0.1148965214461412,0.1010043569103933,0.0944708585113906,0.0887680083617857,0.0,0.4444444444444444,0.0,0.5555555555555556,-1.383278700081069,0.1025158151096609,0.1374242831007924
0,0.0958453465534603,0.0981721778011088,0.0876633176880473,0.0847135462908854,0.0778583772055523,0.009861932938856,0.0828402366863905,0.0532544378698224,0.2445759368836292,-1.4722079813964162,0.0552266325571628,0.0981205056911289
0,0.112414539512622,0.112785436326436,0.0961151702707985,0.0993524785575641,0.0923016220492588,0.0719152157456472,0.1362604087812263,0.1135503406510219,0.2535957607872823,-1.4555128795493166,0.0884090732749945,0.1387363961805557
0,0.099611750274994,0.0952489236415935,0.0874844702310741,0.0837700685052926,0.0766667857365482,0.0023866348448687,0.0835322195704057,0.0381861575178997,0.2004773269689737,-1.5760593386633703,0.0758462226071754,0.1250857063437015
0,0.106912905021495,0.1014895605385724,0.0943396403100971,0.0909886585789073,0.0865234967022639,0.0859176410777834,0.2597864768683274,0.1418403660396543,0.5368581596339603,-1.398233268118211,0.0713170323728974,0.1220082062469493
0,0.0952712094020097,0.0937817131134588,0.0869616521762088,0.085241955911678,0.0770688911072723,0.0086157380815623,0.0695002871912693,0.0267087880528431,0.2484204480183802,-1.4244425672723078,0.0752122217587587,0.0998485328363095
0,0.1027851762795919,0.0995887372478888,0.0895666607974518,0.0875535887288406,0.0835318983189191,0.0064211291495032,0.0592440029076811,0.016598013084565,0.1250302883450448,-1.442872063240327,0.0865410407227304,0.1400806796114319
0,0.0973148695114602,0.0949724246957959,0.0874297058426432,0.0870528693070682,0.078030928464516,0.0040816326530612,0.0326530612244898,0.0179591836734693,0.0808163265306122,-1.7270746109276232,0.0361810282280319,0.1009849091019093
0,0.1159288548153624,0.1090130376689682,0.0981895670909682,0.0955944012828768,0.0950638305734322,0.0314842578710644,0.1259370314842578,0.0608695652173913,0.208695652173913,-1.2872876366429302,0.0981525948676324,0.1509407239656016
0,0.1022343593580116,0.1042250711478979,0.0899062336157114,0.0877526453360103,0.0850260687841543,0.0158150851581508,0.0802919708029197,0.0498783454987834,0.2128953771289537,-1.4320494698588238,0.0449936364887868,0.1292964090285412
0,0.1038138080384135,0.1009113443672157,0.0946111997423525,0.0921205883612692,0.0965310693137825,0.0333333333333333,0.1,0.0,0.2333333333333333,-1.3528962053110989,0.1053769599976269,0.1683343833886107
0,0.0993773347994208,0.0951247621338698,0.0870232144156611,0.0841154975025311,0.0818593515406309,0.0067095331283198,0.0838691641039977,0.0388593793681856,0.1422980150964495,-1.3912988126772672,0.1009002824737658,0.1597121715842508
0,0.0989715415125454,0.0966125680762224,0.088059304786878,0.0851045859338706,0.0820323489920133,0.0117041198501872,0.1029962546816479,0.0617977528089887,0.2556179775280899,-1.4184189034714465,0.0860480817918698,0.1278118821559363
0,0.0956721791849611,0.0973908119444571,0.0867684910947826,0.0880792817427375,0.0841596565602454,0.0461462935689739,0.1487481590574374,0.1212567501227295,0.40893470790378,-1.381473008167494,0.0685848001100789,0.0740462212902975
0,0.0961939546198481,0.0995177596969047,0.0888962303697478,0.0862108525542213,0.0815036338102194,0.0188172043010752,0.1129032258064516,0.075268817204301,0.293010752688172,-1.3589270129817892,0.0521167665807382,0.0833634584704487
0,0.1165081820732012,0.1183071954925547,0.1041689489090523,0.098938391887179,0.0863408320075982,0.0,0.0,0.0,0.1666666666666666,-1.7483910748005704,0.0215422559636209,0.0624658338833562
0,0.1196041615741753,0.1169636749180282,0.099726216897128,0.1048088704444709,0.0911751784024878,0.081769436997319,0.2184986595174262,0.099195710455764,0.5361930294906166,-1.2406818199350889,0.1812622030379821,0.1997098288766979
0,0.1070624540693064,0.1091394311411838,0.0951511117887839,0.0968345726958096,0.0856172756000167,0.0786885245901639,0.180327868852459,0.0327868852459016,0.3540983606557377,-1.3870642912505349,0.1183178217880711,0.119925137612221
0,0.1069318297756047,0.1061228166937937,0.0945618726528134,0.0929350045535047,0.0869942917751955,0.0392541707556427,0.1315014720314033,0.0549558390578999,0.2551521099116781,-1.416099259722736,0.0762676039050734,0.1026609283030365
0,0.1074442063834764,0.1073487000310086,0.0969096260670925,0.0941005100162888,0.0869838454382339,0.0399484536082474,0.220360824742268,0.0721649484536082,0.3685567010309278,-1.4161236279788314,0.076764028776287,0.1069486710916854
0,0.1014934508439422,0.0981772285904984,0.0914845953745871,0.0877904806305763,0.0836686563712149,0.0221285563751317,0.1232876712328767,0.1116965226554267,0.321390937829294,-1.200783444869762,0.0515773451680053,0.0971633452300549
0,0.1078148500910437,0.1094417023848919,0.0981420449682681,0.0996527289855995,0.0871092795983576,0.0434153400868306,0.1172214182344428,0.0767004341534008,0.4529667149059334,-1.2764117514191429,0.151897001895595,0.1436530534617679
0,0.098876433168118,0.1047874897939485,0.0883099592585372,0.0913083931249871,0.0824353106019663,0.035,0.14,0.07,0.32,-1.2800597010643184,0.0584232724112608,0.1225806235603715
0,0.1045714854441,0.1071149655728643,0.1013119015515308,0.1000526881189726,0.0847654167822261,0.0125260960334029,0.1784968684759916,0.0250521920668058,0.2546972860125261,-1.5440590687319875,0.0625647400371484,0.1265346440749932
0,0.1009110057691116,0.098724260760446,0.0887198635692431,0.0875086641944908,0.0824935865627551,0.005050505050505,0.0505050505050505,0.0303030303030303,0.2525252525252525,-1.650071581627632,0.0269228999738872,0.1102747978396015
0,0.0981078389427298,0.0987744557726954,0.0902829005621481,0.0874027713518862,0.0809134284757946,0.0100785008863003,0.1043302101797923,0.0296783995948341,0.1880982527222081,-1.6058467282019595,0.0531946595200623,0.1438711478988358
0,0.105907447621856,0.0982818962022368,0.0928107439411042,0.0912399828343341,0.0816490277872643,0.0373134328358208,0.1492537313432835,0.0522388059701492,0.1865671641791045,-1.4744073489114635,0.0832386628725899,0.1225460363782568
0,0.0976699125959507,0.1070792494577342,0.0870622627277291,0.0855275674869437,0.0822479108643899,0.0,0.0,0.05,0.3,-1.4551089193275293,0.0688554153339375,0.1235321748255748
0,0.1040184967393827,0.0958998950231245,0.0862666177032045,0.0881275519578139,0.0789788361100912,0.0111111111111111,0.0388888888888888,0.05,0.2222222222222222,-1.378596343034766,0.1220750152898852,0.1278281179888883
0,0.1069275076739727,0.1110560380453644,0.0935673825078447,0.0946067845802455,0.0831979218864898,0.0,0.0217391304347826,0.0217391304347826,0.0434782608695652,-1.5211688473005918,0.0656647211577887,0.1454619814823647
0,0.0980700098023283,0.0993978682383064,0.0963679324430458,0.0916458893088972,0.0798072624354498,0.0277777777777777,0.5833333333333334,0.0833333333333333,0.4166666666666667,-1.5157619167580154,0.0395920284871964,0.1013506982566501
0,0.1062553550201618,0.111968322932143,0.0929948439720477,0.0942402430018897,0.0820717154722772,0.0278330019880715,0.1948310139165009,0.05168986083499,0.5248508946322068,-1.639400956115229,0.0736710186510846,0.1153927124305102
0,0.0993861046265413,0.1023108001675064,0.0876543915853591,0.0868740587939064,0.0812743572168057,0.0085653104925053,0.0634611641035624,0.0153786256569982,0.1093050418532217,-1.5244373069455353,0.0510813493289246,0.0936079609849487
0,0.1002015192498614,0.0946143543273248,0.0869478342684752,0.083074114573735,0.0775384236469317,0.0037523452157598,0.0712945590994371,0.0150093808630394,0.150093808630394,-1.4561001529887818,0.0659401701031165,0.1248148676721716
0,0.0865805470860065,0.0873493817133796,0.0766861250414406,0.0774287394502818,0.0687461556382876,0.0,0.0275862068965517,0.0206896551724137,0.0896551724137931,-1.4055499881164493,0.1165677271758879,0.1377590788509326
0,0.0968193890257252,0.0948160528028348,0.0842437320398803,0.0830548125879819,0.0789143898141366,0.0127906976744186,0.0883720930232558,0.0319767441860465,0.1732558139534883,-1.566193216149728,0.050389673724678,0.1309396340117584
0,0.0905516991846606,0.0906025139177658,0.0858222060707534,0.085817927892432,0.073602953434811,0.018348623853211,0.0972477064220183,0.0238532110091743,0.218348623853211,-1.5696661399470135,0.0504688399117785,0.1262365972136669
0,0.1053747122078773,0.0987051778640452,0.0908075955621879,0.0879992180741075,0.0882506166686908,0.0233100233100233,0.1491841491841491,0.0792540792540792,0.2680652680652681,-1.5242351187752137,0.0558982553769154,0.1183702880313131
0,0.098389373684913,0.099853991582837,0.0869561991879431,0.0879592361004524,0.0823669814383514,0.0173041894353369,0.0728597449908925,0.0277777777777777,0.163023679417122,-1.5083615411766742,0.0856609518841515,0.131425039100674
0,0.1015505483231696,0.1033469301767752,0.0932467639141004,0.0887579274938167,0.0877355665732659,0.0289193302891933,0.1394216133942161,0.0879756468797564,0.2824961948249619,-1.2847876159634868,0.1147859457963054,0.1505049559229577
0,0.1004841764663329,0.0971467562447665,0.0876346009669811,0.0831333690746707,0.0779861252417283,0.0135900339750849,0.087202718006795,0.0419026047565118,0.3827859569648924,-1.577639930181442,0.0701377850601089,0.1008274233246156
0,0.0971996802093357,0.09544698067349,0.086900235636518,0.0826223790847337,0.0814929752738637,0.0073145245559038,0.0470219435736677,0.0156739811912225,0.1243469174503657,-1.1465664676398923,0.0670494035568671,0.0906959891956915
0,0.09977031095414,0.0974822248524195,0.0894875881029383,0.0880249321077518,0.0823727655858809,0.0405278039585296,0.1376060320452403,0.0933081998114985,0.2855796418473139,-1.5777144961283167,0.0585658620757999,0.1180877514413011
0,0.0995288341700682,0.0942376536549137,0.0863431529617152,0.0794357277468446,0.0835128644069664,0.0471204188481675,0.3193717277486911,0.0575916230366492,0.5026178010471204,-1.5424442050528404,0.0294549709844547,0.1163389818769252
0,0.0955478879130937,0.0909587263810422,0.0809234087696383,0.0806422111389347,0.0763378375799808,0.0115606936416184,0.0231213872832369,0.0231213872832369,0.0520231213872832,-1.582673616483675,0.0521609422824952,0.10630812816087
0,0.1016888864497473,0.0996636118037879,0.0885644429340844,0.0861570492169808,0.082963278558968,0.0,0.0869565217391304,0.0434782608695652,0.1956521739130435,-1.2465738457205555,0.1158848049034057,0.135462537155573
0,0.1102903825800361,0.1151235300581227,0.0900077957012356,0.0974840584673219,0.0815587030250212,0.0,0.0,0.0,0.0,-1.506517915822965,0.0863759487165837,0.1623441467068966
0,0.102758079849219,0.105302366359864,0.0940037709066934,0.0921908293390157,0.083349812660493,0.0056689342403628,0.0589569160997732,0.0272108843537414,0.1451247165532879,-1.4216445004191716,0.1161448482344102,0.1319924205821512
0,0.0918191491284311,0.0923891964717059,0.0815828140106408,0.0817327038617733,0.0775638886616442,0.0242914979757085,0.0431848852901484,0.0175438596491228,0.0566801619433198,-1.3634344714678972,0.0992297805443238,0.1443410830904661
0,0.0969554936520543,0.1001502298010751,0.0895998433549413,0.088621452247189,0.0823102297005895,0.0104166666666666,0.0395833333333333,0.0177083333333333,0.1229166666666666,-1.653103874911087,0.0194948851357108,0.0845988502626089
0,0.0944013270619392,0.0934915802416998,0.0877907447212672,0.0830016393401777,0.0786363621402577,0.0304237595074248,0.2039116262223832,0.0608475190148496,0.395508873596523,-1.4468240557445424,0.0373239227858978,0.1094262516663708
0,0.1017645383576497,0.1040120098394381,0.0968941687232516,0.0931752763687498,0.0858675524359731,0.0643086816720257,0.2733118971061093,0.0739549839228295,0.4340836012861736,-1.4803599002020544,0.0775194269546174,0.1272655257796779
0,0.1056315890703532,0.102557844216393,0.0943778372761911,0.0911250945809423,0.0858643032992136,0.0170973382552943,0.115601321157956,0.0371089955313775,0.1812706430930639,-1.5665718238023725,0.0587019228203274,0.1547856698252258
0,0.0930976206079969,0.0947254712582224,0.0875838424653554,0.083603214779724,0.0788394886158245,0.0075131480090157,0.0833020285499624,0.0507137490608564,0.26427498121713,-1.494343276715388,0.0648021504118189,0.1169613795424866
0,0.0994586585090139,0.108052861746248,0.0931941091048564,0.0936686266946216,0.085000799206994,0.0343839541547277,0.1303724928366762,0.0429799426934097,0.2106017191977077,-1.599446056207949,0.0628374445498782,0.1166001686268143
0,0.1039950424395395,0.0990515934366487,0.091651635201935,0.0883092153862771,0.0891702165936137,0.0256410256410256,0.0737179487179487,0.0929487179487179,0.2179487179487179,-1.3653730810435938,0.1054730006792883,0.1428057084937222
0,0.1005322984365276,0.0973055742880923,0.0898717031355714,0.0859915484981514,0.0796968049853546,0.0042462845010615,0.048832271762208,0.0276008492569002,0.1549893842887473,-1.3892925392977031,0.0696279908510644,0.1533628007889558
0,0.1042917307849558,0.1031410089362015,0.0917381486539729,0.0896616797994925,0.0859505511441041,0.0529729729729729,0.1718918918918918,0.1427027027027027,0.4535135135135135,-1.4737312238773972,0.0900744473376014,0.137499789820785
0,0.0950671593432724,0.0913598472083641,0.0829867663297878,0.0820438666314949,0.0751699181170523,0.0,0.0940766550522648,0.0278745644599303,0.1324041811846689,-1.2637158760135454,0.0977617547660048,0.142817516242264
0,0.1002037962636694,0.1037288666790245,0.0900468517257957,0.0876092443206312,0.0828281742383207,0.0094562647754137,0.0803782505910165,0.0378250591016548,0.1087470449172576,-1.574533209482866,0.0469197599005516,0.1103216224116959
0,0.1062474564987564,0.1092591733031702,0.093155521311889,0.0985992902697969,0.0854710020481605,0.0298507462686567,0.1552238805970149,0.044776119402985,0.2507462686567164,-1.3864365338867377,0.1319817636553447,0.1349513791895433
0,0.0938777328901693,0.090531988838669,0.0825809586738132,0.0788841457764693,0.0775428264288095,0.0063793103448275,0.0505172413793103,0.0374137931034482,0.1293103448275862,-1.4402902414528818,0.0848511809130269,0.1202588021365427
0,0.1035313908810348,0.0967846360656115,0.0935213393538552,0.0895005156639802,0.084611409406404,0.0367647058823529,0.1544117647058823,0.0514705882352941,0.2867647058823529,-1.4891252919508435,0.0449580322160212,0.100110723396157
0,0.0954539995192657,0.0888935449074763,0.0899662775204637,0.0935495901429903,0.0846951955326888,0.0,0.0,0.0,0.3333333333333333,,,0.0509573194014598
0,0.1040120945945268,0.1021206925091652,0.0906920310189744,0.0888407017851803,0.0829094587933622,0.0287200361827227,0.1273179556761646,0.0825418362731795,0.4034373586612392,-1.367376923629285,0.0703477840852155,0.1021138719190095
0,0.1044076504457288,0.1018000451205872,0.0924180533704706,0.0903874533241905,0.0881167778963918,0.0333580429948109,0.1616011860637509,0.072646404744255,0.2831727205337286,-1.475370997136615,0.0899761935293783,0.1526315232222332
0,0.105643286058565,0.0804651418201001,0.0831015271825384,0.0812825616994345,0.0889471048154072,0.0028129395218002,0.0365682137834036,0.0295358649789029,0.2264416315049226,-1.4372267024426304,0.120957432832432,0.2251021590546819
0,0.1070778807689349,0.1073976299116038,0.0954992021311886,0.0949103198526474,0.0886480982045714,0.0483870967741935,0.1488833746898263,0.0669975186104218,0.2245657568238213,-1.4729746422656134,0.0844471484708973,0.1484731578811114
0,0.0945461265413748,0.0920821097612903,0.086098737657153,0.0825082534877257,0.0781819416108041,0.0083017387893842,0.0707281997646751,0.0312459144986272,0.18133089292718,-1.3849888704790458,0.0698332478174859,0.1450009097353366
0,0.1023893937454388,0.1038071057526708,0.0974169886043195,0.0939588525874704,0.0874097589337322,0.0228658536585365,0.1478658536585365,0.0442073170731707,0.173780487804878,-1.628759486387488,0.0726428593237857,0.1473845911404377
0,0.1081987207077235,0.1125049756363451,0.0991899181141694,0.0996272342470237,0.0895617203438209,0.0548780487804878,0.2195121951219512,0.0579268292682926,0.3536585365853658,-1.609502579197723,0.0714056197246943,0.1206507188298166
0,0.1042579961662078,0.1073906628976533,0.0934512576959507,0.0899654314376764,0.0861480799107322,0.0384615384615384,0.2330316742081448,0.1334841628959276,0.6515837104072398,-1.7014121802484306,0.0516089084957207,0.0896358994328824
0,0.0992878070282618,0.1045555250756913,0.0924679222319599,0.0938282351718814,0.0853653530997343,0.0824468085106382,0.2726063829787234,0.2047872340425532,0.648936170212766,-1.2523315813814275,0.0662179361010064,0.0849572156542376
0,0.0972393645536443,0.1020359365583839,0.090917088540921,0.0946631039495307,0.081136728395169,0.0434782608695652,0.1521739130434782,0.0869565217391304,0.6739130434782609,-1.7747735555795825,0.0291343310408321,0.1326163278837145
0,0.1007233090209394,0.0961803679558271,0.0898397471246393,0.0860254443313503,0.0843908951365264,0.0156965336821451,0.0935251798561151,0.0568999345977763,0.2125572269457161,-1.3162569016501082,0.1418783189462163,0.1428323213227629
0,0.0988047590232597,0.0975213741581317,0.0885429901248293,0.0886236753260365,0.0815923907336282,0.0149884704073789,0.1045349730976172,0.0392006149116064,0.2059953881629515,-1.3728119215628594,0.0420871277490302,0.119033087562212
0,0.1053362608801977,0.1064285595146093,0.0941587256744661,0.0941132906063672,0.0854895529894233,0.0268199233716475,0.1551724137931034,0.0747126436781609,0.2739463601532567,-1.6032778854104912,0.0532741091844613,0.0970234334204764
0,0.0991556740725799,0.1065077296829222,0.0902726913674795,0.0958684922419139,0.0876564112972391,0.0181818181818181,0.0727272727272727,0.0272727272727272,0.3272727272727272,-1.5784159881569206,0.0767431532198371,0.0369030942046093
0,0.0990431520031671,0.0921406722242398,0.0861516702477771,0.0826083614319988,0.0776408702667507,0.0192307692307692,0.1153846153846153,0.0384615384615384,0.1826923076923076,-1.4269349656813153,0.0955166296644067,0.1180912594050319
0,0.1043614210937921,0.1036069560446407,0.0927638335209081,0.0914749838169133,0.0866627996529712,0.0446280991735537,0.2049586776859504,0.1652892561983471,0.3603305785123967,-1.3922783827645988,0.072044488220662,0.1212990197170959
0,0.1031783785439733,0.1046546573597033,0.0913096752085039,0.0899012697507228,0.0857319413601874,0.0435393258426966,0.1432584269662921,0.0519662921348314,0.1980337078651685,-1.3284839986782748,0.1220843095140059,0.1458217977895814
0,0.1013964926191535,0.0971110386597699,0.0886520426013192,0.0854796737331411,0.0820419288143852,0.0153548543102406,0.1557248216660621,0.0545278684560512,0.1872808608390763,-1.3893302332112545,0.0437040570476291,0.1195921416740543
0,0.0972495825064411,0.0911428931166827,0.0864012916815072,0.0811751488282827,0.0823108669822776,0.0104938271604938,0.1425925925925926,0.1203703703703703,0.2722222222222222,-1.4732667666451624,0.0704621350808274,0.1589927422041239
0,0.1033437797115084,0.1103243295456922,0.0937532889615985,0.0932287821149729,0.0859490622762951,0.0288461538461538,0.173076923076923,0.1009615384615384,0.4182692307692308,-1.6299669035744462,0.0457125642691752,0.0899122067209992
0,0.1011870794310606,0.1029157663716631,0.0911371843454394,0.0904091140740146,0.0845465407031446,0.0140280561122244,0.1342685370741483,0.0160320641282565,0.2845691382765531,-1.5337744849065915,0.0223513906621791,0.1032562324342725
0,0.1098192556882903,0.1172893467089441,0.0896182971044604,0.0881462927393178,0.0794002073608514,0.0047393364928909,0.0509478672985782,0.0805687203791469,0.3874407582938388,-1.844523532810892,0.0564103866999918,0.0512318206142991
0,0.1037985211845852,0.1097459928173471,0.097221216368075,0.0978800167822878,0.0863639184477142,0.0184964200477326,0.1640811455847255,0.0417661097852028,0.3174224343675417,-1.4592829230162534,0.0779413430385804,0.1541896580279492
0,0.1045225281376981,0.1068480245242705,0.0910745302884783,0.0877511891110628,0.0835449754953255,0.0328731097961867,0.2110453648915187,0.0558842866535174,0.3418803418803419,-1.537224325872755,0.0562272950182108,0.116198806961035
0,0.1259042066601437,0.113262340587007,0.0986086019697349,0.1021881071148893,0.0957033387094842,0.0,0.1621621621621621,0.027027027027027,0.1081081081081081,-1.7702408974827368,0.0414707498127506,0.0990354044567941
0,0.108729241305659,0.1090669300878919,0.0954529022744255,0.0926199786859398,0.0838982990153315,0.0,0.0560747663551401,0.02803738317757,0.2616822429906542,-1.571772184237933,0.0546431901297585,0.0704225219797747
0,0.1037473034806418,0.106084855828688,0.0942320634742232,0.0942593119555388,0.0866487011490618,0.0719424460431654,0.460431654676259,0.1750599520383693,0.7961630695443646,-1.035861833148282,0.199298235264291,0.1327960094032911
0,0.0916181178300756,0.0883391793881144,0.0822714785419539,0.0791537883831661,0.0771917992846493,0.0101539469374385,0.0478218146085817,0.0212905339010809,0.1372420569931215,-1.5854057954961696,0.0491374688448904,0.1307606078849061
0,0.1038503157515619,0.1001014863693654,0.0918440215945141,0.0877383501096165,0.0840360912271906,0.0274590163934426,0.1422131147540983,0.1026639344262295,0.3260245901639344,-1.6191344258150917,0.0261935248294696,0.1090836741066663
0,0.1028444598711275,0.1006955443282653,0.0910883682788433,0.0885416751303752,0.0832735149159456,0.017632241813602,0.1133501259445843,0.0629722921914357,0.371536523929471,-1.5436963271833402,0.0691745350889923,0.1176495232647004
0,0.1079216945027656,0.1039778536649609,0.1007995546148626,0.1004294408290519,0.082882412257731,0.0266666666666666,0.16,0.0533333333333333,0.4133333333333333,-1.2789700989574255,0.1628597412353994,0.1319408843446635
0,0.0906458928663488,0.0949970108124025,0.0879825506813758,0.0839523807022611,0.0806008430527481,0.0173410404624277,0.0462427745664739,0.0289017341040462,0.1965317919075144,-1.6958525266018876,0.0360884041636448,0.1067784715730958
0,0.0911573266860799,0.0892596756202519,0.0835836965585282,0.0801615019543441,0.0761125383946265,0.0087336244541484,0.0655021834061135,0.0283842794759825,0.1331877729257642,-1.3171648865346444,0.1024396873778971,0.1031364068323907
0,0.117031241005911,0.1121218792207783,0.0977836735603224,0.1000115094046731,0.091353724067006,0.0220768601798855,0.0997547015535568,0.0425183973834832,0.2019623875715454,-1.455223350877782,0.1073653261041603,0.1508409540482472
0,0.098858243645891,0.1011340446852911,0.0893114231266467,0.0899024013263885,0.0799752208204432,0.0178197064989517,0.0482180293501048,0.0482180293501048,0.2473794549266247,-1.3606467324907696,0.0370431700098126,0.0795221379953776
0,0.1082375341551689,0.1092041468130722,0.0976963561771217,0.0970622279884343,0.0880965906496983,0.026431718061674,0.1429270680372002,0.0357317670093,0.202153695545766,-1.5609346247899558,0.0768906897952236,0.1135506545949658
0,0.102539586188671,0.0990709772581164,0.0848950235563845,0.0851435662324514,0.0815334498041232,0.0156046814044213,0.1033810143042913,0.0396618985695708,0.188556566970091,-1.6950401921724454,0.0545584831669254,0.1266523446437751
0,0.1014436067553997,0.0940556339466755,0.0864974123662154,0.0839545705536179,0.079046966978137,0.0113636363636363,0.125,0.0397727272727272,0.096590909090909,-1.436875393359795,0.0797766195853761,0.1498645043219967
0,0.0994129685764127,0.0974377212428084,0.0879189946907071,0.0853019461140075,0.0824557823211326,0.0307692307692307,0.1367521367521367,0.07008547008547,0.3213675213675214,-1.453147529717938,0.074423792383171,0.1387112258621147
0,0.1120976718141038,0.1084878206701691,0.0999215941711594,0.1007235399344428,0.088100046734649,0.0835393623942745,0.3852960312296682,0.1007156798959011,0.4640208197787898,-1.4135044857641623,0.0763922290598148,0.1472484261261225
0,0.1020779000995135,0.0956073636372775,0.0910450494412573,0.0879921520460091,0.0838963857401762,0.036144578313253,0.1967871485943775,0.0763052208835341,0.3534136546184739,-1.4235074090502098,0.0879224991847688,0.1369237568839647
0,0.0939755308093382,0.1033899515382474,0.0901019743945203,0.0932119202106621,0.0874922513702835,0.0543478260869565,0.0869565217391304,0.0108695652173913,0.3043478260869565,-1.4323025531796345,0.0880101418054675,0.1268019503095286
0,0.1036815210387106,0.1054122400707357,0.0929831819122542,0.0920546265220684,0.0853220837682122,0.028,0.195,0.057,0.292,-1.4722838960373454,0.0727918871936944,0.1459935089882222
0,0.1106592500721222,0.1048330730428231,0.0949553603811761,0.0914938464066373,0.0870993984270836,0.030564263322884,0.2366771159874608,0.0603448275862069,0.3299373040752351,-1.4498082081646784,0.0599258670326758,0.1207978594044773
0,0.0965243338275351,0.0881926633052368,0.0824154004392967,0.0792930195533799,0.0806121392304498,0.0134048257372654,0.0563002680965147,0.0241286863270777,0.0938337801608579,-1.3681032079644693,0.1029283864844511,0.1298627657382733
0,0.1007187204335132,0.0964918770581616,0.0854192877358097,0.083001724962554,0.0842726493188421,0.0121145374449339,0.0693832599118942,0.0638766519823788,0.1420704845814978,-1.3716393848264334,0.1079888927238343,0.1016193588912068
0,0.0959355115261412,0.0993281901237645,0.0880272463384267,0.0891471705166335,0.0785190915126987,0.0172678434382194,0.0974673829623944,0.032233307751343,0.3115886415963162,-1.6646331030511623,0.0474909034971285,0.1174500199298938
0,0.1057003771449694,0.1031663921339861,0.0956848450481446,0.0924615123648992,0.0893282128811527,0.0268369424393855,0.2015546918378678,0.0614473440681103,0.3107532852119193,-1.4487575633106478,0.0744560007277115,0.1531092445356091
0,0.1218573073915724,0.1200493055044553,0.1017111000009625,0.0886295216697192,0.0926512475572851,0.0,0.1818181818181818,0.0,0.6363636363636364,-1.5741480225386422,0.0715446596263757,0.1144216368485329
0,0.0968558558351411,0.0949629888616732,0.0929966685957759,0.0893111014228883,0.079545267797864,0.1538461538461538,0.3014553014553014,0.1268191268191268,0.6777546777546778,-1.366870215390132,0.0727840201251825,0.1020464319614507
0,0.0953103064296236,0.0979219450156477,0.0908102356370603,0.0864986296373444,0.0804885035767982,0.0129870129870129,0.0735930735930736,0.0303030303030303,0.1764069264069264,-1.5782915156781263,0.0436965352846725,0.1139281319685188
0,0.1008421721020275,0.1081577764110864,0.0968908360482327,0.0983250153660951,0.0874536898279581,0.0170454545454545,0.1306818181818181,0.0397727272727272,0.2556818181818182,-1.5687860949227643,0.0582487743729889,0.1297626939118399
0,0.1016317088923146,0.1024963545118018,0.0944699053529796,0.0916426493623055,0.0861070983033273,0.0525131282820705,0.1672918229557389,0.0945236309077269,0.2685671417854464,-1.4791038572314703,0.0731224920092265,0.152848602565738
0,0.1026854837840257,0.1012417564973717,0.090080273616397,0.0898030140230826,0.090141500586142,0.0265486725663716,0.0707964601769911,0.0353982300884955,0.2654867256637168,-1.6003035679658653,0.0288182840292491,0.1143330600256487
0,0.0951214696991872,0.0951613287226207,0.0893178743239942,0.0862517091391917,0.0791895550404399,0.0172697368421052,0.0699013157894736,0.0263157894736842,0.1850328947368421,-1.3199670543663145,0.0664443473700404,0.1430785109645104
0,0.0978723882640195,0.0957704223665177,0.0882330860019002,0.0851786749860146,0.0811853507758498,0.0183054393305439,0.1114016736401673,0.0460251046025104,0.200836820083682,-1.4452590288375051,0.0854860633320345,0.1500854887311958
0,0.1010580846163567,0.1026750625588074,0.088352057917133,0.087324758964562,0.0800588776026287,0.0187835420393559,0.110912343470483,0.0393559928443649,0.2665474060822898,-1.5346422766657086,0.0626058317910882,0.0993109042988446
0,0.1078088181265527,0.1008379528238585,0.0880546886018866,0.0846625129780114,0.0877549846863099,0.0186915887850467,0.0560747663551401,0.0654205607476635,0.2850467289719626,-1.4280115830012878,0.0782574312867561,0.1189013561087908
0,0.0948253069865125,0.0929983676409689,0.0865791902099195,0.0834000094943837,0.0796427361563309,0.0148038490007401,0.1295336787564766,0.0577350111028867,0.1517394522575869,-1.4144754401351247,0.0736373136243481,0.1381943340801266
0,0.1050181225400509,0.1015950721901564,0.0909333839805744,0.0914897515026671,0.0839496814264478,0.0041322314049586,0.0661157024793388,0.0413223140495867,0.2479338842975206,-1.7488845024246191,0.0607106520530464,0.1242501937210978
0,0.1102259753714991,0.108770031624733,0.095686360526739,0.0916870336514211,0.0884148822134834,0.036144578313253,0.2590361445783132,0.2610441767068273,0.6345381526104418,-1.5275102659966426,0.0836694001137288,0.144144282693474
0,0.1090263395297303,0.1117783222753221,0.0920169821189432,0.0893006549093111,0.0836834541720139,0.0376470588235294,0.1811764705882353,0.0847058823529411,0.5270588235294118,-1.5937624634777396,0.0682080626413949,0.1063856163023058
0,0.1026279762765645,0.1026781316770742,0.0898987669331207,0.0894884366779429,0.083118338567757,0.0254777070063694,0.1369426751592356,0.054140127388535,0.2707006369426751,-1.5132632002658863,0.0496214133732065,0.1207178906272345
0,0.0969968977386874,0.0990768166665465,0.0892400634953793,0.0863832365477869,0.0837522668984142,0.0316455696202531,0.2025316455696202,0.0759493670886076,0.4240506329113924,-1.3741748254100197,0.1108176199709181,0.1594170794847022
0,0.1096891747566224,0.1108206786626827,0.0986044868627694,0.0967257239382546,0.0902758212064603,0.1714413607878245,0.5707251566696508,0.2735004476275738,1.109221128021486,-1.4733463003851397,0.076348133040404,0.1558438090384543
0,0.1055263014183686,0.099327744988596,0.092037840846438,0.0908404922604353,0.0848229777895819,0.0434782608695652,0.1211180124223602,0.0590062111801242,0.3322981366459627,-1.51053983865645,0.0726486819396156,0.088104799231848
0,0.0932389995052652,0.0880650772416094,0.0814646689138972,0.0787272072216283,0.0771584010058751,0.0076611086074808,0.0694006309148265,0.0360522757999098,0.1771068048670572,-1.463536292159021,0.0671644999892598,0.1346916262156486
0,0.100055408026561,0.0987683133264785,0.0906859582901537,0.0878674979288063,0.0825237069839683,0.0,0.1093922651933701,0.0165745856353591,0.230939226519337,-1.6473680072282948,0.0404539213200144,0.0864904264356042
0,0.0908273379865865,0.0858987217541117,0.0807968498731152,0.0770843955746617,0.073868704350526,0.0087609511889862,0.0727298011403142,0.0248922263941037,0.1496314837991934,-0.9190870540801264,0.1403245093144029,0.1323521258704283
0,0.1018939973150677,0.1013823986569698,0.0906545617784517,0.0889451157835192,0.0825711646573285,0.0082012028430836,0.0740841990158556,0.0341716785128485,0.2055768179332968,-1.5310180767090122,0.0743719388243438,0.1353036711175904
0,0.0987633224171219,0.0955522908852765,0.0835878062109518,0.0827386014743773,0.0787588029647686,0.0135135135135135,0.1621621621621621,0.1689189189189189,0.5,-1.5250104078016125,0.0817849849183447,0.094610405499432
0,0.0965483994187213,0.0948600159937498,0.0877867585875003,0.0850365103021518,0.0782031499233498,0.0561224489795918,0.173469387755102,0.0510204081632653,0.2653061224489796,-1.484286690908007,0.0639710132405386,0.1282323117406751
0,0.1097263955300662,0.0637524400490208,0.0903215282636593,0.092638236080859,0.1230939458551398,0.0,0.0,0.0,0.0,,,
0,0.0954014479976746,0.0948404711330122,0.0849421941059049,0.083258633998627,0.0765523721916132,0.0114519427402862,0.0466257668711656,0.0253578732106339,0.1460122699386503,-1.6362414756856705,0.072309963857502,0.098430903282351
0,0.1043541832746884,0.1032211666140833,0.0926943434125856,0.0898889100641575,0.0851551201785884,0.0129870129870129,0.1281512605042016,0.0399159663865546,0.2331932773109243,-1.3467512370775645,0.0598225679781525,0.126217922351274
0,0.0948698541084173,0.0803971457814338,0.0795053658071964,0.0796026011339692,0.0624836432104234,0.0,0.08,0.0,0.12,-1.0344936407331926,0.1327769051918525,0.1292016137917009
0,0.1029380980642766,0.1067842926906426,0.095737928960186,0.0978558560711646,0.0866070844120756,0.0345911949685534,0.1987421383647798,0.0698113207547169,0.4515723270440251,-1.7106384756245785,0.0351575136736863,0.1221576286065897
0,0.0925665104072705,0.091453966592589,0.0799972851934639,0.0795995814468057,0.0729781711470094,0.0075566750629722,0.0453400503778337,0.0251889168765743,0.1486146095717884,-1.9247485683326608,0.0094204757069369,0.1766422425552567
0,0.0965753225354651,0.0956271076283948,0.0898571973415331,0.08568989648215,0.0810460594586508,0.020242914979757,0.1093117408906882,0.1417004048582996,0.2672064777327935,-1.4799737339837304,0.0795437668972629,0.1315967352047891
0,0.0913061949942224,0.0862130625985443,0.0813659476163046,0.0800212283389684,0.0772067116486934,0.0219780219780219,0.0549450549450549,0.0,0.0989010989010989,-1.0228234023314946,0.2406075721992633,0.2309063441346938
0,0.0881723451350165,0.0856702160312159,0.0806290445509334,0.0760440034147238,0.0754850025030685,0.0075431034482758,0.0387931034482758,0.0285560344827586,0.1109913793103448,-1.4213094350411353,0.0645131749756402,0.1307560821639718
0,0.1020348004213534,0.1032919061297245,0.0929002917217617,0.0905133930858646,0.0871510592036479,0.010548523206751,0.082030280466617,0.0538595184909406,0.1751054852320675,-1.4257145556397082,0.0867713254509384,0.1380545675216272
0,0.0838161041884256,0.0780257104355112,0.0754964530600288,0.0696174336585166,0.0692569093603026,0.0106442577030812,0.0834733893557422,0.1131652661064425,0.1770308123249299,-1.5177680426999716,0.0593044893652862,0.1394544867378794
0,0.0946561517464,0.0892935519451388,0.0816528416982994,0.0794139997103042,0.0770010161794843,0.0114487010127697,0.0902686041391457,0.0391897842360193,0.2355790400704535,-1.3679461840045744,0.0420118564929238,0.1505320786745226
0,0.0997910840056533,0.0989970255774227,0.0892394795902466,0.0861158134803825,0.0840909136580162,0.0052910052910052,0.0864197530864197,0.0511463844797178,0.1675485008818342,-1.5978628334012568,0.0450374718587006,0.1168294833471968
0,0.0941930556296779,0.0998224252946855,0.087831306519911,0.0900816692890332,0.0793548981412266,0.0719424460431654,0.1223021582733813,0.1510791366906475,0.302158273381295,-1.637141487316062,0.0458160827823892,0.0912329511965539
0,0.0972518981769356,0.0935360088786787,0.0865729433274653,0.083107279071125,0.0793153862768891,0.0153194263363754,0.0413950456323337,0.0322685788787483,0.2519556714471969,-1.5161065523340729,0.0381376092167595,0.1197035753030579
0,0.1112381204652946,0.0939961252815202,0.0897748220653918,0.082469693565611,0.10026435510617,0.0,0.0,0.0,0.1428571428571428,-1.411637710864061,0.0174802220264195,0.1139904562607223
0,0.1060323871189273,0.1040405139323416,0.0941964631318792,0.0926619102019428,0.0875222668696729,0.0213675213675213,0.1645299145299145,0.0299145299145299,0.2094017094017094,-1.2589643667712356,0.0977757939045456,0.1464559349642606
0,0.1124112634184426,0.1112414292533034,0.0978514720632331,0.098647899145259,0.0902050023034431,0.0222222222222222,0.2444444444444444,0.074074074074074,0.5166666666666667,-1.4056985292710829,0.1106844997991309,0.1562286698356011
0,0.0991541111958618,0.0970695916688099,0.0860751734663927,0.0858181045378912,0.0825984548600177,0.0069204152249134,0.0657439446366782,0.0657439446366782,0.2837370242214533,-1.6143312790392896,0.0324236303913188,0.0821510317805282
0,0.0978128096057162,0.1013559914410881,0.0879995468529663,0.0850764535301593,0.079635633916461,0.0154241645244215,0.0687660668380462,0.0173521850899742,0.1491002570694087,-1.4806099257957288,0.0743946005109741,0.1495621305397937
0,0.1025333901055849,0.1066879547367495,0.0930542482439919,0.0898940910771429,0.0848414604019459,0.063953488372093,0.2906976744186046,0.1191860465116279,0.5813953488372093,-1.3659888728561655,0.0436083246663177,0.1173951003217058
0,0.0970996348762754,0.0913051677903915,0.0837039075398975,0.0818563018407456,0.0801673747828737,0.0109649122807017,0.0482456140350877,0.0372807017543859,0.175438596491228,-1.3872862004073565,0.0775988301364146,0.1131946169675594
0,0.0854042271380881,0.0903933852582982,0.0811703400592623,0.0797664229720195,0.0770184218992481,0.0073529411764705,0.0367647058823529,0.0,0.0514705882352941,-1.2579323868902337,0.1210356163774089,0.139239388115987
0,0.1068436915032186,0.0951077055674154,0.0856180100581634,0.0789516849566065,0.0819669005500247,0.0117924528301886,0.0589622641509434,0.0542452830188679,0.2028301886792453,-1.2947603927487106,0.1417403681575415,0.1062888424541302
0,0.0905224883370082,0.0850557473060599,0.0806119268349581,0.0738375599696021,0.0747048940614565,0.0030097817908201,0.0707298720842738,0.0519187358916478,0.1407072987208427,-1.3972542378089687,0.0836083552361666,0.1362661909731672
0,0.0902747110856151,0.0856219104760946,0.0794799489232968,0.0796795980557204,0.0748646471158244,0.0072992700729927,0.0583941605839416,0.0310218978102189,0.1660583941605839,-1.481911420923726,0.07517442739061,0.1355669199018259
0,0.0999136818328312,0.1045065145936349,0.0927191499514305,0.088762397971181,0.0803912290189883,0.1333333333333333,0.0,0.2666666666666666,0.6666666666666666,,,0.1023990571343784
0,0.1001914898769319,0.1021794427859805,0.0919117081568941,0.0867599363009967,0.0865600456393145,0.125,0.2291666666666666,0.6145833333333334,0.9583333333333334,-1.0669336181501492,0.0460703004503613,0.1258050872478458
0,0.0854418472157825,0.0893461277765098,0.0828991759058736,0.0851716342171401,0.0720365139015805,0.0140845070422535,0.028169014084507,0.0,0.0140845070422535,-1.521924413634707,0.0641369722501226,0.136300374012122
0,0.1035372002888995,0.1041529047546405,0.0954278644902472,0.0929592626171541,0.0878515983619809,0.0154015401540154,0.0968096809680968,0.0517051705170517,0.1672167216721672,-1.3894631634358132,0.1101050473461559,0.1404685595114008
0,0.0917075023756772,0.0879127264619347,0.0854124569245117,0.0793592068016049,0.0779291484725459,0.0319148936170212,0.1170212765957446,0.0212765957446808,0.3723404255319149,-1.2532611277710408,0.0768378092190581,0.1028286576499456
0,0.0911346232501387,0.0908682382265585,0.0885288848849423,0.0821414364453175,0.0768915761206897,0.0099442153771525,0.0635459616783895,0.0298326461314576,0.3674508852777104,-1.4430875199737645,0.0575474329258387,0.1055913287596012
0,0.1019941998029662,0.0999975713504116,0.0928631910731635,0.092677776327726,0.0862940600877374,0.0116279069767441,0.1104651162790697,0.1046511627906976,0.627906976744186,-1.637153338761755,0.0438416069677162,0.102032802685232
0,0.0962202036611123,0.0960584994687487,0.0880685779852415,0.0853240408631303,0.0781377984436113,0.0072807850585628,0.0826210826210826,0.0421019309908198,0.1766381766381766,-1.521041225257369,0.0565291108057658,0.1197716917397379
0,0.1047054002684254,0.0963847783020562,0.1020560804362962,0.089872362318989,0.0930760110222945,0.0,0.1428571428571428,0.0476190476190476,0.238095238095238,,,0.153326633510669
0,0.0877088524977001,0.0845798002960921,0.0792858908803663,0.0758346132699656,0.0722954539614051,0.0029411764705882,0.0647058823529411,0.025,0.1308823529411764,-1.7067132814414816,0.0297629556244736,0.1476354313902635
0,0.0934029864383572,0.0888778794029835,0.0797866111937005,0.0791656332299482,0.075776510397808,0.0076335877862595,0.0190839694656488,0.0076335877862595,0.0916030534351145,-1.324160339935244,0.1604280149580489,0.1307073444841779
0,0.1011073540630096,0.0990954138956341,0.0925410317973682,0.0886408852737854,0.0876044020807928,0.0325027085590465,0.1191765980498374,0.0736728060671722,0.2210184182015168,-1.2200379124981242,0.1631444858993896,0.1506059270724582
0,0.1108146414653702,0.1024943382587508,0.0958378026174708,0.0941249009824902,0.0853522751591091,0.0384615384615384,0.1634615384615384,0.0769230769230769,0.2692307692307692,-1.6595612732974074,0.0605412311049985,0.143063907745366
0,,,,,,,,,,,,
0,0.1002042501364101,0.1002630453183364,0.0907703754299256,0.0893480188134977,0.085719494076701,0.0080645161290322,0.1129032258064516,0.0725806451612903,0.2903225806451613,-1.390154828960526,0.056052852533545,0.1279799120678614
0,0.0987377458011353,0.0961425542329185,0.0872038764415304,0.0862495862724241,0.0824061493312484,0.0148883374689826,0.0942928039702233,0.0694789081885856,0.2109181141439206,-1.4279712171500514,0.0427910802095256,0.1000541946867242
0,0.0957415142827267,0.0911310659711656,0.084498386350112,0.080857158814776,0.0783564295579419,0.038007863695937,0.2319790301441677,0.0419397116644823,0.2503276539973788,-1.5038745004326726,0.0732157624337641,0.1453819348671298
0,0.0984864874175051,0.0950788962916023,0.093584634638416,0.0894260889340694,0.0787561190575042,0.0273972602739726,0.1232876712328767,0.1917808219178082,0.273972602739726,-1.5211688473005918,0.0656647211577887,0.1582679367343751
0,0.0994993331782167,0.0983212030598893,0.0931659412253368,0.0919062481218962,0.0828579335388415,0.0054624908958485,0.0830298616168973,0.028040786598689,0.1613255644573925,-1.5568116751684489,0.0682881424779352,0.120722828721795
0,0.099291648944243,0.1083672803374235,0.0935903817560016,0.0930771796897528,0.0758702703364893,0.0,0.0166666666666666,0.0166666666666666,0.0666666666666666,-1.0251566722062646,0.0465332898306858,0.0896628702968431
0,0.0976916602041126,0.0949808472048667,0.0865006180162408,0.0846540626695483,0.0779769244869132,0.0063856960408684,0.0459770114942528,0.0408684546615581,0.0945083014048531,-1.6301658575123747,0.0403965321402462,0.0951600607694309
0,0.0957681034968475,0.0881013194488065,0.0836853598916843,0.0790003742632785,0.0789557577144116,0.0211267605633802,0.1197183098591549,0.068075117370892,0.323943661971831,-1.7330110416704314,0.0238123214141818,0.1072646371772703
0,0.0925855404146562,0.0859342090997613,0.0832731254398813,0.0795568686084875,0.0731095792325651,0.0133333333333333,0.04,0.0711111111111111,0.1688888888888889,-1.459120960976788,0.0806045104245665,0.0935881564935811
0,0.1088294081497572,0.1019160366959624,0.0939475256837464,0.0944228414864567,0.0881391681540603,0.0461538461538461,0.1384615384615384,0.082051282051282,0.3435897435897436,-1.314712823632264,0.0749406565536351,0.1189489872173877
0,0.1001428224316439,0.0917031968994739,0.0885622070638441,0.0801074225601467,0.0837010732437388,0.003610108303249,0.0902527075812274,0.0649819494584837,0.2093862815884476,-1.6034693021186974,0.0443522987435071,0.0869451193259907
0,0.1021567780996834,0.1030008775321582,0.0963279335820222,0.0917814409501238,0.0860417766810461,0.0189456342668863,0.0799011532125205,0.0321252059308072,0.1960461285008237,-1.4965215503468912,0.078520633197134,0.1319049833728497
0,0.0885233329065112,0.0835421910497385,0.0835813636712103,0.0720041667238877,0.0755561183574836,0.0029673590504451,0.0385756676557863,0.086053412462908,0.21513353115727,-1.2797914391044964,0.065073237132228,0.1036797250699755
0,0.0921348792300357,0.0888012955703372,0.0847727409699258,0.0796184818265343,0.0755450475382429,0.0059523809523809,0.0587797619047619,0.0513392857142857,0.2462797619047619,-1.464866611855119,0.0742131097321432,0.1020546487325316
0,0.1023237711737858,0.106081845657074,0.0956132252811157,0.0966893051041336,0.0868972365273068,0.0,0.0625,0.0,0.4375,-1.4621290058410217,0.0782945939487329,0.1438543230572168
0,0.085653563393015,0.0818390469332386,0.0789963842073651,0.0737304807582257,0.0712807777297192,0.0294117647058823,0.0441176470588235,0.0147058823529411,0.2352941176470588,-1.2884005296267778,0.0883384819772933,0.1119680619899459
0,0.0962584280851556,0.0927502198888886,0.0862515110765582,0.0856554932021414,0.0797657253302194,0.0055309734513274,0.0608407079646017,0.0486725663716814,0.1294247787610619,-1.4592423500157472,0.0514837606204229,0.134540806773399
0,0.0915251149129337,0.0956499892916608,0.0881368342376022,0.0835275206242141,0.0770131223446819,0.0211267605633802,0.0704225352112676,0.0704225352112676,0.1901408450704225,-1.3991299174801048,0.0959126704212174,0.1229249514185861
0,0.09842606526531,0.102438615778058,0.0885212375712889,0.0881700863562569,0.0850381262384555,0.0552763819095477,0.1105527638190954,0.0804020100502512,0.2663316582914573,-1.3896148624171067,0.0729203949495655,0.105284895733727
0,0.1042203795038992,0.0979046113687576,0.0875056428289065,0.0834905754919834,0.0792560485593773,0.0069547938400397,0.0645802285146547,0.0387481371087928,0.1276701440635866,-1.7158938966141153,0.0319860439287756,0.1156036190750863
0,0.1104460930149982,0.1045143799883655,0.0962489471526839,0.0882835679677414,0.0859524250575543,0.0,0.0384615384615384,0.0,0.25,,,0.1669022646793252
0,0.0883273790655443,0.0825691730960975,0.0785385015156888,0.0755279351224885,0.0719527872784115,0.0115236875800256,0.0768245838668373,0.0384122919334186,0.1510883482714468,-1.402530102846882,0.0853995058564502,0.124059799669451
0,0.1007991067747117,0.1005258325816868,0.0914466968254372,0.0878701998790554,0.0792730910636335,0.043103448275862,0.2672413793103448,0.1120689655172413,0.25,-1.4321255803913553,0.0452225512619289,0.112931855525863
0,0.0939392725904876,0.0880254721885108,0.0826129123650294,0.0801056715509971,0.0784447236815814,0.0068846815834767,0.0808950086058519,0.06368330464716,0.2323580034423407,-1.3499069634569505,0.0905168335309449,0.139178249941874
0,0.1005691055071585,0.1003094233442592,0.0857418446446044,0.0858129642499395,0.0805810914744546,0.0096899224806201,0.0426356589147286,0.0503875968992248,0.1395348837209302,-1.5880926473690629,0.0474421972578315,0.0873743747704225
0,0.0892743899700619,0.0983967002933179,0.0840018080530404,0.0814430497545379,0.0760262532603051,0.0,0.5,0.0,0.0,-1.7483910748005704,0.0215422559636209,0.1116711036651376
0,0.1111366967494403,0.1070701072045308,0.0999702781843546,0.0928179268709546,0.0926601980072468,0.0606060606060606,0.2929292929292929,0.0707070707070707,0.3232323232323232,-1.3192442258382624,0.1636506436626132,0.1464188675710048
0,0.1069528245271214,0.1367371061049918,0.0819272738255357,0.0716627181720002,0.0780015854632151,0.0,0.0,0.0,0.0,-1.475025484199796,0.0703363914373088,0.102606480993125
0,0.0954905150121375,0.1001210531302763,0.0920257338468644,0.0919462767206317,0.0780384009129122,0.0213675213675213,0.1339031339031339,0.3076923076923077,0.4544159544159544,-1.5874940729125446,0.0379422685968343,0.0881751647705031
0,0.0965364202350779,0.0875383663091328,0.0836708340841925,0.080936496981745,0.0791941385579647,0.0132450331125827,0.043046357615894,0.0496688741721854,0.1456953642384106,-1.3573446573860426,0.1367304624794459,0.1027956457278234
0,0.0838720928331274,0.0809149894259501,0.0815705407685679,0.0772381347272649,0.073230458970534,0.0048250904704463,0.0265379975874547,0.0120627261761158,0.0784077201447527,-1.5386430653166243,0.0794620939323776,0.1852031997606683
0,0.0971935359515379,0.0963761029762477,0.0918189523365894,0.090103251862138,0.0817279404240501,0.0382222222222222,0.0586666666666666,0.0782222222222222,0.2275555555555555,-1.5289212210519545,0.0650855560464851,0.1423617823465122
0,0.0734744493680041,0.0774722437227031,0.0762809276350085,0.0724623985396932,0.0646630144595258,0.0,0.12,0.04,0.08,-1.5926566396534272,0.0467961257367511,0.1416909438364459
0,0.0913137901879403,0.0870014572471339,0.0777275430849016,0.0784110001606149,0.0852731620036621,0.04,0.04,0.0,0.2,-1.4969206035494549,0.0705921620379575,0.1454651370296185
0,0.0899730608591719,0.092214109393506,0.0853194137016346,0.0818519286890963,0.0759244619004222,0.0073529411764705,0.1029411764705882,0.0686274509803921,0.267156862745098,-1.555329928648478,0.0256488492218732,0.0651011634410842
0,0.0367699505670653,0.0416638176826694,0.0324748546782584,0.0359617247427107,0.0329663169476686,0.0,0.0,0.0,0.0,-1.7133683596030356,0.0542907180385289,0.1016342662648148
0,0.0971065339929091,0.0916543170231348,0.0855196850535508,0.0843219893063344,0.0761193591929448,0.0138248847926267,0.032258064516129,0.0599078341013824,0.1981566820276497,-1.7302102377448494,0.0414471014798336,0.1021990785299492
0,0.0902793387218365,0.087249757514384,0.0791763828674591,0.0768616948263546,0.0754652337603369,0.0092529129540781,0.0452364633310486,0.0277587388622344,0.1206305688827964,-1.1920959787847007,0.1191828704124154,0.1312125565863674
0,0.095886128985348,0.0912386787854763,0.0812046775802819,0.0803122982297884,0.0775345379711619,0.0079193664506839,0.048716102711783,0.0285577153827693,0.1075113990880729,-1.90593850049597,0.0077802100475736,0.1434276306014725
0,0.0902774718625686,0.0840234152819809,0.0794382799958571,0.076586720569172,0.0718699456975897,0.0053539559785841,0.0285544318857822,0.0148720999405116,0.1058893515764426,-1.9340582619524789,0.0087497965462014,0.1761312097698633
0,0.1024509414886246,0.1015513697411076,0.0952710547152098,0.0901701073761736,0.0884526264976962,0.0164986251145737,0.1167124961808738,0.0351359608921478,0.1549037580201649,-1.4935391513220342,0.0701518820841808,0.1553181924972251
0,0.091480201583142,0.0898314567321819,0.0926189183585743,0.0856735669359032,0.0755044470238035,0.0,0.0666666666666666,0.1333333333333333,0.3333333333333333,-1.6609881813412777,0.0308400036591136,0.136751102768003
0,0.0612117064465348,0.0829615664341245,0.0618927915430917,0.0628735776766666,0.0543298746068483,0.0,0.0,0.0,0.0,,,0.1270057707602124
0,0.0996551325557942,0.0929357314597115,0.0876286488084227,0.083484606177184,0.0816169698104449,0.031094527363184,0.1191542288557214,0.0930348258706467,0.2248756218905472,-1.297778037787484,0.1069112977896424,0.1328558098392663
0,0.0885059715168841,0.0864688222883596,0.077628609058944,0.0762664302496323,0.0750059187525899,0.0085287846481876,0.0639658848614072,0.0511727078891258,0.1407249466950959,-1.537308409690805,0.0541684926271432,0.1122011686793077
0,0.0953843340246925,0.1091124886349195,0.102394889283851,0.1007787362818449,0.0753756642432947,0.0,0.0,0.0,0.0,-1.1443298969072164,0.0515463917525773,0.1043129050241227
0,0.0858703443114602,0.088061935058677,0.0784611117379684,0.0774385477112314,0.0733035665907857,0.0181818181818181,0.0363636363636363,0.0363636363636363,0.1636363636363636,-1.5290014954470497,0.042029447355489,0.1336869350783169
0,0.0976978373092194,0.0991878889961256,0.0899488625432395,0.0880883291410215,0.0828478422283636,0.0277551020408163,0.1183673469387755,0.0661224489795918,0.2497959183673469,-1.5604354095166055,0.054237327973353,0.1181818336622152
0,0.0936676843763295,0.0945227502791833,0.0842022640880561,0.0848876091607698,0.0760939023794003,0.0077519379844961,0.1317829457364341,0.0542635658914728,0.2945736434108527,-1.49270148108787,0.0650841144895505,0.0917861950192319
0,0.0946623544450822,0.0911868270479604,0.0835366642322099,0.0812325194532399,0.077765482184076,0.0101214574898785,0.0465587044534413,0.0566801619433198,0.1882591093117409,-1.3874507343614657,0.0588402681104443,0.1127272616958505
0,0.0965997305631487,0.0928578922461855,0.0836311044007273,0.0809075991149057,0.0756758835778726,0.0171265461465271,0.0742150333016175,0.0352045670789724,0.1788772597526165,-1.6809883545351083,0.0424622497295865,0.1494235504716498
0,0.0795973396587102,0.0868490392106527,0.0701742663080911,0.0724960571243273,0.0695887336804378,0.0,0.037037037037037,0.0,0.1111111111111111,-1.294513763714544,0.1061100790092215,0.1358674064778711
0,0.0527986543030077,0.0525155438289645,0.0466651228261657,0.051229469131686,0.0439944474369062,0.0069390902081727,0.0061680801850424,0.0042405551272166,0.0111796453353893,-1.809897990110301,0.020155661468595,0.0903934921569167
0,0.0934405116732723,0.0921667943079296,0.0854527992336691,0.0809735702502169,0.0774363051226754,0.007108239095315,0.0471728594507269,0.0229402261712439,0.1554119547657512,-1.5802658679954866,0.0540929866914756,0.0943269691982023
0,0.0878685366158849,0.0890940075730418,0.0830518964137662,0.0801898884844543,0.0719715420538416,0.0,0.0,0.0,0.1153846153846153,-1.4994041583722777,0.051276594946906,0.1135336909082827
0,0.0972798246573457,0.1001715943556404,0.0928028182464018,0.0932532913273853,0.082152267237233,0.0354838709677419,0.1354838709677419,0.0967741935483871,0.4741935483870967,-1.4535545105340362,0.0390677114182625,0.1286048658627508
0,0.1215315606952814,0.1151235052072634,0.0982231600252302,0.0891858670911731,0.0988441679242522,0.0769230769230769,0.0769230769230769,0.0,0.2692307692307692,-1.4055278182441224,0.0982735663270985,0.1793954130207573
0,0.0889493783608726,0.086120644334046,0.0827793997798462,0.0774442465432854,0.0745275203673845,0.0072463768115942,0.0326086956521739,0.036231884057971,0.1485507246376811,-1.504684391750845,0.0716145361128054,0.0870503897174862
0,0.100470156886122,0.1011014399141117,0.0953141132071202,0.0966689955467216,0.0842424387656357,0.025,0.1,0.05,0.4625,-1.515189694311719,0.0639067108291366,0.1348077195260062
0,0.1032279724481904,0.1048230218630178,0.0944079882310861,0.0938883563694913,0.0840136469611869,0.0427553444180522,0.2019002375296912,0.1116389548693586,0.3847980997624703,-1.676922797583668,0.0412806219505519,0.1158577518698082
0,0.1044631176922426,0.1026993058729012,0.0931378381616219,0.0922259238934922,0.0826885362726105,0.0166666666666666,0.106060606060606,0.053030303030303,0.2196969696969697,-1.4386105705825358,0.0761460874552032,0.1280223875661077
0,0.0998893556836846,0.0951477939611417,0.0860550913513164,0.0839071295486889,0.0810541077181943,0.0138955438428366,0.0824149496885481,0.0335409678965021,0.2486823191183517,-1.2532881477530975,0.1093375657373193,0.103446394581347
0,0.1011545864369795,0.0928218266449111,0.0865245293498752,0.0821542199253178,0.0826084808839267,0.0282413350449293,0.1309370988446726,0.0962772785622593,0.3324775353016688,-1.3529942224087654,0.0850221478394674,0.088501200049702
0,0.0970000287577168,0.0931977852624045,0.0913749026522262,0.0819447500313595,0.0780084064135214,0.0251046025104602,0.0753138075313807,0.0543933054393305,0.4811715481171548,-1.5701637606575802,0.0546431550303495,0.1001815058141299
0,0.1045318648803993,0.1059322757896214,0.0945776071051466,0.0903608503849542,0.0834186063656869,0.0328282828282828,0.1666666666666666,0.0858585858585858,0.3333333333333333,-1.4178439648730468,0.1300312280643293,0.1165276882757547
0,0.0969609909223243,0.0955539650706237,0.0860527414876387,0.0864872391532897,0.0776459592771769,0.0119904076738609,0.039568345323741,0.0095923261390887,0.1798561151079136,-1.4754988078038205,0.0566338593454224,0.1134382925618975
0,0.0765820880621273,0.0806031870839354,0.0753685309638283,0.0748320873000324,0.0631025413698988,0.0221606648199446,0.0443213296398892,0.1301939058171745,0.1772853185595568,-1.2119611706559748,0.0636156134746211,0.0951654007209923
0,0.0965185756206741,0.0878539038664378,0.0847933027723644,0.0841829215448268,0.0755141297988817,0.0102817974105102,0.043031226199543,0.0243716679360243,0.1774562071591774,-1.574084209870045,0.0649422857910051,0.1044927988489868
0,0.1007070530002915,0.1012988630808217,0.0895928763423545,0.0911141862175516,0.0815731122813098,0.0271186440677966,0.1813559322033898,0.0949152542372881,0.4186440677966102,-1.5140013329079602,0.0578482083382573,0.111649971793426
0,0.0963678835903466,0.1002580346554187,0.0894065635214839,0.0885123052787082,0.0775645669481704,0.0405405405405405,0.027027027027027,0.0675675675675675,0.2027027027027027,-1.1954998351189714,0.0448686262589477,0.1060663924656716
0,0.0866165067736254,0.1078024551455379,0.0926571411256132,0.0960036136661698,0.074010658613502,0.0072036673215455,0.0363457760314341,0.0340537000654878,0.4037328094302554,-1.65826179567668,0.0595932409113668,0.0715302089759116
0,0.0914582740654876,0.0942995086284455,0.0875175878277282,0.0899957294459054,0.0704290108215625,0.0178571428571428,0.0625,0.0669642857142857,0.2008928571428571,-1.1459550359531403,0.0986291637662555,0.0720039398196962
0,0.1078640603968601,0.1163058412232865,0.0957955380418811,0.1004528829473792,0.0879475455457289,0.0206071502662333,0.072055874420856,0.0186709079593389,0.1236429015973999,-1.5943872878632466,0.0604502253455702,0.1345727789867578
0,0.1012103587449226,0.0990963622661953,0.0895397539188082,0.0882273767991632,0.0823474617010661,0.0094637223974763,0.0656151419558359,0.0176656151419558,0.1261829652996845,-1.2476110309219477,0.1427105190770313,0.1524092132287514
0,0.0848813013020437,0.112983097468399,0.0931063763780784,0.0948807316694755,0.0778208916940704,0.0099075297225891,0.0277410832232496,0.3936591809775429,0.5819022457067371,-1.6570306398739882,0.0617208706839711,0.065343589052896
0,0.0886857730112569,0.0931836943412141,0.0832797856548959,0.0820989176606381,0.0759005672928168,0.003598117907556,0.0376418488790478,0.0091336839191807,0.0672571270412399,-1.475099705628111,0.0624731592195189,0.136454402652741
0,0.0769043886967816,0.0775543641135075,0.0754840373585284,0.0748858414374475,0.0668274502864634,0.0042553191489361,0.0553191489361702,0.0127659574468085,0.0553191489361702,-1.5319224067494963,0.0606523041641779,0.1482351234132934
0,0.1009652731245526,0.0978576261528003,0.0901004497005627,0.0877936856719961,0.0821143216150303,0.0491510277033065,0.1694369973190348,0.0898123324396782,0.3514745308310992,-1.521520114906477,0.0696105698413397,0.128305683066773
0,0.0954501289946949,0.1108210954441097,0.093633486552584,0.0981358198202898,0.0831458520629685,0.036833855799373,0.1686520376175548,0.0924764890282131,0.2736677115987461,-1.6501523043729365,0.0644311339363287,0.1064286747433772
0,0.0959220592296521,0.0884221649156963,0.080637358814872,0.0788471340554076,0.0771654192250074,0.001418439716312,0.0595744680851063,0.0241134751773049,0.0921985815602836,-1.3094312370051948,0.1145516888404074,0.1420221784195366
0,0.099022430621217,0.0988739858719188,0.0904690820053035,0.0875998243596597,0.083432496064707,0.0245901639344262,0.1413934426229508,0.055327868852459,0.2940573770491803,-1.3180800648821027,0.0810794746324269,0.1251959413625072
0,0.0944292595891988,0.1023206592155622,0.0895821049499503,0.0911829419116396,0.0811716462924736,0.0046801872074883,0.0483619344773791,0.3166926677067083,0.1419656786271451,-1.5818402236485145,0.0686047642776926,0.1000433805114588
0,0.103641359778094,0.105051626426326,0.0932865467284764,0.0902434305590424,0.0861968509565927,0.0264290104486785,0.1456668715427166,0.1333743085433313,0.3448063921327596,-0.952620917057586,0.2612037399094913,0.1508557303458421
0,0.0897639866667883,0.0964504840032684,0.0847437526684773,0.0833874426113071,0.0777246511839461,0.0,0.0422535211267605,0.0140845070422535,0.056338028169014,-1.6816543814545113,0.0458696148513306,0.13783419432702
0,0.098862880744467,0.0960512215440618,0.0867664445952895,0.0828281147969439,0.0797713466635082,0.013590844062947,0.0874105865522174,0.0442060085836909,0.2117310443490701,-1.4999111204278135,0.0881002106372692,0.1291499256517775
0,0.0932959977541717,0.0926388969902393,0.0844479010851691,0.080816011463552,0.0789156201099805,0.0049636915157643,0.1107332169010632,0.0207739681956062,0.1494622667524588,-1.1968718412859178,0.0954453139273627,0.1297847035485584
0,0.1009362349570245,0.1017605850918613,0.093187836454812,0.0913526555477456,0.0850104216473848,0.0181293302540415,0.1227482678983833,0.0355658198614318,0.1938799076212471,-1.4238412279631565,0.0772774614962662,0.1497237336761986
0,0.1047491588014022,0.1072245738709991,0.0956806816382344,0.0925630072288388,0.0882041127695042,0.0583126550868486,0.2202233250620347,0.1271712158808933,0.3954714640198511,-1.3881007093020523,0.1011502166865511,0.1447789372887036
0,0.102606009148368,0.1046406859572771,0.0957976960132056,0.0930232046272274,0.0856873294030116,0.0189528224706844,0.1105808562857922,0.0308153804199618,0.1771202617943823,-1.3999420064674069,0.080538382720193,0.1479321402705509
0,0.1011593566799655,0.1021386737278058,0.0921208400455161,0.0909042491096038,0.0833419888295799,0.0126149240966431,0.0759033568526833,0.032071840923669,0.1257216164207825,-1.5098330876112978,0.0750959129152988,0.1224832205865163
0,0.1104776314720303,0.1150466069012067,0.0971771443465076,0.1000633012345792,0.0886488000602541,0.0698924731182795,0.1717069892473118,0.0829973118279569,0.3894489247311828,-1.322052437630781,0.1203266385701148,0.1430617053367807
0,0.0999543420086234,0.099289432722076,0.0892970041700663,0.0874888808995863,0.0830769799721173,0.0198871896260975,0.0958306681397918,0.0340757108798046,0.1614816537768215,-1.2559470798427883,0.1336867223653358,0.1423471300165052
0,0.1011865876808403,0.0994360887110926,0.0916771186314679,0.0897818825633418,0.0832401456298702,0.0170976704424022,0.0830839923060483,0.0280508655695661,0.1349647360547125,-1.438690321434406,0.0947712038674631,0.1558423804186536
0,0.1010374229166994,0.1000100477824559,0.0886609738396625,0.087715060837266,0.0840772097237847,0.0141552511415525,0.0703196347031963,0.0246575342465753,0.1415525114155251,-1.5575438279817997,0.0479328195973734,0.1196447013417508
0,0.0816988285101365,0.0827797757480776,0.0736879329441652,0.0723183171196967,0.0663417303230653,0.0082002589555459,0.0194216659473457,0.0120845921450151,0.0712127751402675,-1.1316162094565865,0.0558098031560737,0.0972858757706432
0,0.1036697627652767,0.0978588056041433,0.0909817783952601,0.0880641718846204,0.0835179397349138,0.0106492614221916,0.067502576434215,0.0269666781174854,0.1585365853658536,-1.741728252038803,0.0476750723658649,0.1479910073541251
0,0.0982593112410784,0.0972163622779914,0.0863975206388589,0.0855199719961995,0.0832354199160355,0.0091533180778032,0.0640732265446224,0.0350877192982456,0.1075514874141876,-1.5222663665941507,0.0709429082083323,0.1428108224949084
0,0.0928076357787159,0.0931787805772747,0.0844578549673643,0.0831701206850679,0.0777900980447671,0.0241356816699282,0.1084474885844748,0.0430528375733855,0.2253750815394651,-1.5445661563135218,0.0735609769785205,0.1284913494441742
0,0.101817698833584,0.1006322519434167,0.0883794569935729,0.0969232089935175,0.0791765714255821,0.0714995869099463,0.1510229229972134,0.0634478316272947,0.2270875050761066,-1.3518525248887694,0.1179471129330033,0.1251906837355597
0,0.1060822174584287,0.1039248067293424,0.094386597770423,0.0946696125285733,0.0862941917321016,0.0325365205843293,0.1254980079681275,0.0584329349269588,0.2729083665338645,-1.1000718405046663,0.1996283231108959,0.155767769273509
0,0.1043284207545413,0.1047459698136622,0.0955642653004017,0.0955289617955916,0.0865489509231973,0.022379269729093,0.1319199057714958,0.0427393572269897,0.1840821134107353,-1.4965059072970088,0.0717496764771247,0.1419235858963182
0,0.0997427912343599,0.1013210367793933,0.090264328788093,0.0893946600701938,0.0842164913146084,0.0187449062754686,0.1495517522412388,0.0362673186634066,0.154441727791361,-1.401681117999859,0.0916648664741449,0.1537325293176794
0,0.1171636672877568,0.1157064100244312,0.102370254262246,0.1009757883361749,0.0977291849166098,0.2222222222222222,0.2222222222222222,0.0972222222222222,0.1388888888888889,-1.5071656767138586,0.0722865213152449,0.1467412669171218
0,0.0847477129548115,0.0838876514769918,0.0771101976712835,0.0737856448641503,0.0734050468471002,0.0059224925968842,0.0648899188876013,0.0154499806875241,0.103386120767349,-1.235991775272181,0.1083559397290955,0.1812500021338475
0,0.0945893959731767,0.0918278427466999,0.084947924025735,0.0839556010635223,0.0797331008199108,0.0089485458612975,0.0805369127516778,0.0604026845637583,0.1610738255033557,-1.464719069314374,0.0764929678939663,0.1545636286163204
0,0.1113240177622068,0.1092554268582766,0.0976631915178743,0.0925600791812073,0.092215584141608,0.0417633410672853,0.2552204176334107,0.0580046403712296,0.2993039443155452,-1.367616339088174,0.0945840196455009,0.1707813867869586
0,0.1077793892530918,0.1026671943619732,0.0957929840467038,0.089239901919456,0.0880729633002796,0.028157789879134,0.2600610970912472,0.0996148226856156,0.4375083012352238,-0.975875947516884,0.2536097803645054,0.1566618642789039
0,0.0917788106229032,0.0893114780077048,0.0841915683494604,0.0795373040068392,0.0782386616708208,0.0128805620608899,0.0936768149882904,0.0245901639344262,0.0995316159250585,-1.5250233308171774,0.0747597631038099,0.1577523254715488
0,0.1054838698800406,0.1076790997906149,0.0950555195908764,0.0939116097875738,0.086194270908056,0.0256304257957833,0.1329750585641449,0.0402370125396169,0.2793165219787791,-1.4021770703578478,0.1196172766506935,0.148404660150366
0,0.0960662993434838,0.0944344012144347,0.0857259018134212,0.0824815633853143,0.0805273700245148,0.0113314447592068,0.0679886685552408,0.0301313417460726,0.1135719804275045,-1.3207651866769954,0.1303827797119377,0.1406445471118834
0,0.0971973647674358,0.0964441571244465,0.0887088242341557,0.086484102647098,0.0813003568836682,0.0173992673992674,0.0732600732600732,0.0398351648351648,0.1451465201465201,-1.3110742997316696,0.1328666155489852,0.1382379299941615
0,0.1071602004141358,0.0983641369024785,0.0903896341529751,0.0896893943060514,0.0851598570861345,0.0258488499452354,0.1443592552026286,0.036144578313253,0.1656078860898138,-1.379545118069254,0.1229676194945198,0.1498210333580718
0,0.10701120209079,0.1026261209356197,0.0937920379059598,0.0918030249317157,0.0883773067434011,0.0204893334940339,0.1235988911654815,0.0427262866096179,0.177232734723394,-1.3370908578374714,0.0690856435045995,0.1541810313013926
0,0.1019887350944234,0.1005667479107166,0.0920907367633969,0.0895388949574732,0.0852925153300443,0.0121432908318154,0.0607164541590771,0.02367941712204,0.1153612629022465,-1.40542309833049,0.0881219664629907,0.1581386050092102
0,0.1039641143787453,0.0999519298714957,0.0900371261549022,0.0915443272364986,0.0823603309568358,0.010032664489034,0.035697620158656,0.0174988334111059,0.1012599160055996,-1.6570584646994493,0.0183093322894883,0.0581051967564453
0,0.1040005103646295,0.096379876743307,0.088113148856404,0.0854532952933306,0.083407405199835,0.0143540669856459,0.0610751477624542,0.0315226569096538,0.1080776808330988,-1.4639485314175276,0.0848687170950198,0.1513413583137897
0,0.1048210913655653,0.0995995335554651,0.0843611975231812,0.0896218781834377,0.0862298955471282,0.0082291984151173,0.049375190490704,0.0216397439804937,0.1776897287412374,-1.5556032159234057,0.0646105973408678,0.1292783099519046
0,0.0999673355335859,0.1023302102382482,0.0928119958358006,0.0895335543028722,0.0826548602017863,0.0266272189349112,0.1203155818540434,0.141025641025641,0.2899408284023668,-0.4430878941608912,0.4334745942383934,0.1456856272994882
0,0.1038029531875449,0.1063831165490881,0.09072810105956,0.0863239719071848,0.0814492400949565,0.0057183702644746,0.0564689063616869,0.02477960447939,0.222301644031451,-1.621754639575611,0.062941897992139,0.1018628214880701
0,0.1044359032333003,0.1015126137322214,0.0924673107536188,0.0911832346941813,0.0856367341681523,0.0260568997607019,0.1289550651422494,0.0651422494017548,0.3004520074448285,-1.4206248363210572,0.0913705194036146,0.1265628927395798
0,0.0908960528005487,0.0876400880909228,0.0810879913433423,0.0792813045097146,0.0758912414664391,0.0092838196286472,0.0494031830238726,0.0450928381962864,0.1226790450928382,-1.463859743739364,0.0980392435765729,0.1159443933475612
0,0.1001482644239149,0.0986391783228699,0.092849014943846,0.0892795421624957,0.0826458885756173,0.0638722554890219,0.2135728542914171,0.0718562874251497,0.3233532934131736,-1.468000126370463,0.0765520962914233,0.1617830548702884
0,0.0908023903289743,0.0910394142445191,0.0822030633159132,0.0814499706775623,0.0756719334700318,0.0089285714285714,0.0571428571428571,0.0214285714285714,0.1482142857142857,-1.4871842537047415,0.0794883006841879,0.1087306048478282
0,0.099933137746808,0.1008315538446145,0.0905507248646257,0.0885952938187548,0.0820613831261607,0.0241730279898218,0.0839694656488549,0.0636132315521628,0.2073791348600508,-1.2582239548512806,0.1169642571162223,0.142856576672934
0,0.0890442940218333,0.0859025125405915,0.0774530515325275,0.0757540261562941,0.0730219119809145,0.0105205966610688,0.0460831769238368,0.0250419836016991,0.0780894991603279,-1.2446713308264823,0.1471830978115861,0.1456299247767655
0,0.1032218919231037,0.1023306354021865,0.0885306491320725,0.0888664145428057,0.0809076517601893,0.005,0.04,0.025,0.235,-1.6259020064214291,0.0499884783211461,0.1041419505386218
0,0.1070538043391514,0.1007228270403541,0.093643576453906,0.0898624878907048,0.0833363809537546,0.0067796610169491,0.1254237288135593,0.047457627118644,0.2,-1.514546001155213,0.0583841595885016,0.1259536951798183
0,0.1062525026026151,0.1038690810055125,0.0953551813215756,0.0911444630730342,0.0891058216172097,0.0392948953360264,0.2111641571795813,0.062798384135145,0.3918472273228057,-0.3422058067135355,0.4718165527904706,0.166664801713469
0,0.0853211484130078,0.089515906332048,0.0828972420589459,0.080660969502718,0.0702157506190527,0.0048780487804878,0.0829268292682926,0.0439024390243902,0.1512195121951219,-1.4436077191796128,0.1006884423217247,0.1180071641383951
0,0.091663963165634,0.0875546989402379,0.0815141863973756,0.0802231898689779,0.074785563770778,0.0129720853858784,0.0714285714285714,0.0264367816091954,0.2655172413793103,-1.1712230149413287,0.0722790492655457,0.1106084879151292
0,0.1028290058160989,0.0916383644713578,0.0960027658936276,0.086324758960951,0.0759948679743634,0.0,0.2857142857142857,0.0,0.5714285714285714,-1.419026315072202,0.0779777092859755,0.1346762173594422
0,0.0973764571086378,0.0959287701234529,0.0873735096842319,0.0839454213894097,0.0798121347182109,0.0189189189189189,0.1229729729729729,0.0689189189189189,0.2364864864864864,-1.509010127933193,0.0686433164550328,0.1220547514854437
0,0.1090433402142361,0.1049648669515621,0.0960218612276243,0.0951624713029317,0.0898050572687501,0.0646153846153846,0.1907692307692307,0.1107692307692307,0.4015384615384615,-1.4514877310130685,0.0762180351274326,0.1394199779507084
0,0.1107526219251796,0.1026634106328756,0.0916036711180248,0.0931773084948095,0.0887814650375023,0.0269541778975741,0.1132075471698113,0.0646900269541779,0.2210242587601078,-1.4412709569527098,0.0731415000946038,0.1317260449123596
0,0.1060386683537258,0.0991812686960947,0.091124636950379,0.0874669289706048,0.0867086980460341,0.0188328912466843,0.0891246684350132,0.0336870026525198,0.1405835543766578,-1.472033963271776,0.0793687213494214,0.1455147131920464
0,0.1033005878526654,0.1037050979320471,0.0913356048098991,0.0910208771991913,0.0848608382446684,0.0226372382569326,0.1034946236559139,0.0300650820599886,0.1712648556876061,-1.413964482538211,0.1038334477145291,0.1478237614709516
0,0.098557923282185,0.1023921464437866,0.090278957930893,0.0857910942530221,0.0832252643376847,0.0310344827586206,0.1275862068965517,0.0586206896551724,0.2758620689655172,-1.3995488584660445,0.0828137632027182,0.1117644746937198
0,0.0988422895048912,0.0977886530485722,0.0883817479854507,0.0869023117830211,0.08060117626493,0.0161812297734627,0.0754776072658941,0.0302745589309948,0.1612903225806451,-1.3963144668481735,0.1099445038339975,0.1352691103387923
0,0.1000357134766292,0.0962860690781598,0.0850328165591256,0.0870606419807237,0.0810067074919873,0.0104575163398692,0.0424836601307189,0.0274509803921568,0.1235294117647058,-1.5389538940545615,0.0581759285410938,0.1294476476420124
0,0.097383348159287,0.0945473904062599,0.0871333960638407,0.0879949386766519,0.0797062430795037,0.0226244343891402,0.0452488687782805,0.0301659125188536,0.1055806938159879,-1.365396253225112,0.1127572747863028,0.1397002625603335
0,0.0987460903926987,0.0946450984444318,0.0885988570973642,0.0878923733101853,0.0812507062555425,0.0052219321148825,0.0539599651871192,0.0356832027850304,0.1253263707571801,-0.6430172270064061,0.3523511946967975,0.1359875763086194
0,0.098490812737631,0.0992084459640808,0.0911304120260093,0.0854717453680508,0.0815313903068832,0.0129870129870129,0.0995670995670995,0.0259740259740259,0.1688311688311688,-1.4301798843055369,0.0626186018844284,0.1441868017823419
0,0.1078392541815973,0.1107957938652141,0.0983356002334938,0.0961724572801893,0.0924666398272731,0.1297683923705722,0.4059945504087193,0.2012942779291553,0.6052452316076294,-1.153690793252186,0.1497480225214968,0.1774712463296528
0,0.1045531738178017,0.0966831543085914,0.0919324637839968,0.0881294734548456,0.0845248910151108,0.024551463644948,0.1548630783758262,0.0830972615675165,0.2851746931067044,-1.4000691457265548,0.0992128744169191,0.1375001720301505
0,0.0923680997166552,0.0938692396168408,0.0844946441717221,0.0839005563616422,0.0760663175534324,0.0066473678567599,0.0446016940066473,0.0138308137664844,0.0928487187734534,-1.7419723346339346,0.0292622712768324,0.1305990863704259
0,0.1035618899528386,0.108255672020819,0.0961020363249118,0.0921263064337457,0.0885794298515019,0.0562414266117969,0.130315500685871,0.1042524005486968,0.2976680384087791,-1.2538167674527565,0.1061832970932592,0.135739474243997
0,0.0970169364522616,0.0957677232027469,0.087870873758226,0.0855780193813855,0.0819462441469412,0.0222714798395609,0.0983744986278235,0.0378931813383998,0.1723664766729997,-1.0243316969535765,0.1429879034980949,0.1874198051710288
0,0.1102426589009986,0.1085064714044717,0.094325867361147,0.0914267381735402,0.0895305554527331,0.0273518441773725,0.1516784086199751,0.0924160795690012,0.3000414421881475,-1.230206571734488,0.1143935143175205,0.1515535275703334
0,0.0931503097712965,0.103594645115468,0.0918924028836289,0.0939699372951009,0.0775803194023644,0.0184394409937888,0.0539596273291925,0.0984083850931677,0.4165372670807453,-1.632322966807494,0.0665617612619423,0.0733485571444497
0,0.1020164493739255,0.0988576834140573,0.0902142620704223,0.0894818477330156,0.0833680644399839,0.0311418685121107,0.1280276816608996,0.0403690888119953,0.3310265282583621,-1.5516042152117857,0.0557594015720426,0.1549362547335111
0,0.09771657000259,0.0962078279155952,0.087560591455913,0.0864052443268121,0.0811176518647433,0.0372340425531914,0.2559101654846336,0.1193853427895981,0.4178486997635934,-1.4903634426469727,0.0701949317317557,0.1447420562490213
0,0.0889619439724032,0.0867539008424019,0.0783854163689915,0.0760139265286546,0.073674609870142,0.0072916666666666,0.0364583333333333,0.0159722222222222,0.0645833333333333,-1.5086578705984048,0.0724268595601013,0.1609929819673127
0,0.103558260697292,0.1006176889950062,0.0918729363101805,0.091717565250229,0.0835749739318131,0.0278436018957345,0.1267772511848341,0.0657582938388625,0.3175355450236967,-1.467197370802548,0.071302684613629,0.1344520735993302
0,0.0929087246001719,0.0939178201074794,0.0867071931374308,0.0850771889507272,0.0772153954731757,0.0086215640531494,0.0414849376204483,0.0260675524901105,0.134090678567806,-1.7039981545866314,0.0277665084953711,0.0895056206310886
0,0.0940797644887461,0.0974146869958011,0.086903316413287,0.0857922639228021,0.0783639627387987,0.0122950819672131,0.1065573770491803,0.0225409836065573,0.1782786885245901,-1.378017846100322,0.1236527587996734,0.1405884505384634
0,0.0975504003465258,0.094281420057974,0.0840971843353281,0.082844815866372,0.0817271834696939,0.0132083510864933,0.0749893481039625,0.0187473370259906,0.0928845334469535,-1.0618282857604,0.1885669291797913,0.1587416859499962
0,0.0905915523314055,0.095024433222888,0.0883251216989885,0.089211991895238,0.0782672349073113,0.0127632418634333,0.0497766432673899,0.0236119974473516,0.1257179323548181,-0.4752435168613593,0.4089547043801421,0.1323725245245135
0,0.1016341097931191,0.0998702082099962,0.0894127888009759,0.0863117129945577,0.0847599048883215,0.0396716826265389,0.1285909712722298,0.1025991792065663,0.3392612859097127,-1.2144145939575135,0.1254779689370962,0.1435289767513304
0,0.0848558291848598,0.0803916221260104,0.0759275651566605,0.072576405342864,0.0695467231730656,0.0056323604710701,0.0901177675371223,0.0133128520225294,0.1346646185355862,-1.232266255997053,0.112192028643522,0.1695845834168778
0,0.0996914518300133,0.094613195175105,0.0882066285929817,0.08436355729202,0.0815455638458243,0.0117605961807172,0.1252911038658593,0.041802515137401,0.1891010712622263,-1.441299018285746,0.0937573057549037,0.1660171425843301
0,0.1057236101433497,0.1140525912916731,0.0991275079180473,0.1024983740536391,0.0865315264493689,0.0095356550580431,0.0746268656716417,0.0145107794361525,0.2135157545605306,-1.5762659490372086,0.0680984843247685,0.1007408266977264
0,0.0899846456373573,0.0928153126600642,0.0844700117142659,0.0836188445776954,0.0760484223801583,0.0100692259282567,0.0409062303335431,0.0465701699181875,0.1032095657646318,-1.4261602272164553,0.090622693338291,0.1474656233502062
0,0.1034850300782531,0.0947945233276009,0.0893165792467611,0.08338230112956,0.0860106314081176,0.0058479532163742,0.0726817042606516,0.050125313283208,0.2372598162071846,-1.3689289181591626,0.0775785521405909,0.1188781717678082
0,0.0997496240631094,0.0943742804568418,0.0888441500318553,0.0851109412012429,0.0814267622333827,0.0582010582010582,0.2045855379188712,0.1446208112874779,0.3932980599647266,-1.6021577064213235,0.0616364426591269,0.1163515394433473
0,0.0920606661136207,0.0971579413579536,0.0898174804044838,0.0845537092643395,0.0803906470348932,0.0240339302544769,0.090009425070688,0.2874646559849199,0.3157398680490104,-1.514391206457926,0.0641389317071342,0.0812422235535981
0,0.0900667096578452,0.0900234035916174,0.0833414395625727,0.0822202516590649,0.0762123785902025,0.0158546017014694,0.0667053364269141,0.0388631090487239,0.1695668986852281,-1.450427903421882,0.0787749533775083,0.1348828543821586
0,0.1027315847657598,0.1013557126664273,0.0922828676837264,0.0890711321025908,0.0866547202517532,0.0174955451158269,0.1125870727361088,0.0301312165883687,0.1670176575409039,-1.3051802596448845,0.1153513380553305,0.1578382658440072
0,0.1073459260700695,0.1127839374733983,0.0996474029744951,0.0964221441192255,0.091801409724427,0.0273916598528209,0.1721177432542927,0.0690923957481602,0.2534750613246116,-1.4336403991071711,0.0729768829940837,0.160287358486942
0,0.1035196987861441,0.1063152886869231,0.0984329602664794,0.0982251436012894,0.0841980341511452,0.0133136094674556,0.0843195266272189,0.0310650887573964,0.1937869822485207,-1.1487601295647203,0.1712380473942193,0.124316709990658
0,0.1113034128810068,0.1088317471505475,0.0989190956150721,0.0965880645621863,0.0905979614592697,0.0442512840774397,0.2415382589226919,0.0611089161069406,0.295008560516265,-1.1018281095554725,0.062259045874911,0.1515215611939742
0,0.0942028633885463,0.0971729745854357,0.090412187897721,0.08624406502517,0.0791646959086985,0.0122950819672131,0.125,0.0594262295081967,0.235655737704918,-1.4915149588909289,0.0764282218946255,0.1331197397299329
0,0.0985727118442836,0.0978058811680553,0.0905126060673141,0.0887697288093421,0.0833902126964544,0.0188656131324268,0.1394095308097513,0.0311160112703662,0.17407815754012,-1.4872083723887295,0.056996719602681,0.1407580196744078
0,0.1005671519585314,0.0998098724137936,0.0902625165045203,0.0889761926121606,0.0815450518973704,0.007719298245614,0.0561403508771929,0.0435087719298245,0.1894736842105263,-1.4766375694846767,0.118776377711893,0.1455203137392836
0,0.101437068911033,0.1014151246541731,0.093092896346309,0.0890865234635261,0.0864694535886141,0.0134048257372654,0.1441018766756032,0.0361930294906166,0.2292225201072386,-1.4615916710583643,0.0545619192245387,0.139342938342888
0,0.0961399778521601,0.0930068515750694,0.0858728824441754,0.0821349419290058,0.0797071592621346,0.0095342867620095,0.0661288351057328,0.0458379171250458,0.2014423664588681,-1.117347215535245,0.0465490313893706,0.116661107664759
0,0.0973728201287526,0.0962558446875421,0.0893338926582199,0.0871894271006859,0.0828326733113888,0.0215511130015596,0.1111583723238338,0.0497660569970225,0.1578051892811569,-1.3219118724722354,0.092397866923314,0.1862343578565386
0,0.0933573376710175,0.0987920638506866,0.0895872453308492,0.086570232904072,0.0796049454952877,0.0145891988738162,0.1003327361146659,0.0250831840286664,0.2006654722293319,-1.5250640193045282,0.0655116518521404,0.135113940062426
0,0.1025485576268569,0.1048463304332585,0.0922310245812353,0.0892103395779145,0.0838921601420185,0.0241567912488605,0.1718322698268003,0.0423883318140382,0.2584320875113947,-1.3951515085299808,0.0936781307607947,0.1637663232729439
0,0.0929005035217277,0.0922448560612929,0.0863461100026538,0.0838344779446107,0.0780052768778972,0.0141700404858299,0.0627530364372469,0.0404858299595141,0.1720647773279352,-1.3835732633741111,0.1080973742062551,0.1114993023029644
0,0.1030432787783145,0.1059428474379422,0.0936939046701475,0.0928442477795804,0.0863580328627744,0.0385241454150841,0.1220835594139989,0.0672816060770482,0.2886597938144329,-1.5305018366146534,0.0610643741380373,0.134550778450067
0,0.104907112171236,0.10834182970913,0.0939823529057105,0.0929726290012043,0.08651133495901,0.011706102117061,0.1078455790784558,0.0204234122042341,0.1499377334993773,-1.479324742542958,0.055520922796403,0.1386626105944937
0,0.0969132067752974,0.0955578289504134,0.0869733421375365,0.0837814564564904,0.0799747130198929,0.013550135501355,0.1219512195121951,0.0921409214092141,0.3604336043360434,-1.3795205223620974,0.1021323297681259,0.1269601842103655
0,0.0950731504268036,0.0946981354268409,0.0855213083715164,0.0846875604904172,0.0785173373731248,0.0303424925120458,0.0881625211616095,0.0402396145331423,0.1536658419064982,-1.4361977030362976,0.076627578914288,0.1468854478781251
0,0.0915911709867612,0.093477055768355,0.0866853536870263,0.0845821523318244,0.07991924118189,0.0070011668611435,0.0361726954492415,0.0770128354725787,0.1446907817969661,-1.3047615731188489,0.0659467741036829,0.1086750673147322
0,0.0918791974609041,0.0951449869818906,0.0847520567752218,0.0795296228236612,0.0774010174367758,0.0127118644067796,0.0805084745762711,0.0169491525423728,0.0762711864406779,-1.891392604920872,0.0108017601302289,0.1207215455444059
0,0.0974464346356299,0.1021690764383436,0.0936311341149842,0.0922938996474238,0.0823166377053297,0.0163682864450127,0.0749872122762148,0.018925831202046,0.1004603580562659,-1.5095060369230715,0.0667153706180064,0.1573928664354992
0,0.1033303334303982,0.1044879025328012,0.0933287640712966,0.0918095706716767,0.0846101324931623,0.0496124031007751,0.1651162790697674,0.0589147286821705,0.3170542635658914,-1.5918482277012038,0.069446601867966,0.1163830428114137
0,0.0943213646482378,0.1017733718965168,0.0868683425773638,0.0870789608967381,0.0791849477181696,0.0069541029207232,0.0653685674547983,0.0319888734353268,0.1321279554937413,-1.3658023408613236,0.1244288237168381,0.1481303053751407
0,0.0940659731368513,0.0917160507452042,0.0849924187918613,0.0819709456743027,0.0780776578231292,0.007085498346717,0.0595181861124232,0.0392064241851676,0.1204534718941899,-1.4361994320207454,0.0619354500191698,0.1284644398444845
0,0.0998173674393635,0.0943003373908021,0.0873479563032805,0.0846281695703859,0.0823506974934921,0.0163295149890324,0.0604435778698513,0.040701925420424,0.1926639044601511,-1.4702906825334252,0.0653862689548374,0.1042780145548067
0,0.0978790971762755,0.1021441190387375,0.0952490557079351,0.0900399002743828,0.0843103529941237,0.0128624373228689,0.0568999345977763,0.0311750599520383,0.1028994985829518,-0.615463187979081,0.3588107588123378,0.1379968672671054
0,0.102935169079358,0.0992918257505258,0.0942695083286496,0.093078029971253,0.0805270539297719,0.0472239948947032,0.1535417996171027,0.0602425015954052,0.3516273133375877,-1.5002259818716182,0.0747185930874722,0.1282773918445183
0,0.1174005884076432,0.1157086781877794,0.0988138101756857,0.0984032968771728,0.0929462608282174,0.0419847328244274,0.1272264631043257,0.0279898218829516,0.1895674300254453,-1.414626325963411,0.0933773047803778,0.1140219561738977
0,0.0888657841881671,0.0908112816043749,0.0836134711828429,0.081391286080087,0.0739192416975392,0.0051763183435781,0.0567777418311226,0.0224846328049175,0.1159818828857974,-1.5010383576468571,0.0548828464324837,0.1217396406193452
0,0.0992699993750573,0.0985278845210193,0.0911089859948338,0.0902341443765065,0.0842629911683089,0.020066889632107,0.0780379041248606,0.0457079152731326,0.249721293199554,-1.4481943112374458,0.0830244507880503,0.1432076806705572
0,0.0867740186087563,0.0869992910868557,0.0820766868122722,0.0785347728937342,0.0729381191490075,0.004375,0.04125,0.034375,0.159375,-1.681769507968411,0.0477381660068597,0.1277793396409738
0,0.0934582355305444,0.0960164259061603,0.0867516384275327,0.0839179604175419,0.0788367657954242,0.0068441064638783,0.0628643852978453,0.0159695817490494,0.1024081115335868,-1.3802285370094427,0.1049381479746129,0.1487641725478176
0,0.0942296856284065,0.0945217432590706,0.0839486911475296,0.0832513624902584,0.0786730688232117,0.0296296296296296,0.0641975308641975,0.0543209876543209,0.1753086419753086,-1.095974079151479,0.2116342753228327,0.1446685894694244
0,0.1054213984450576,0.1059328441438662,0.0948569686266007,0.0925251160596871,0.0868958481617238,0.0151811949069539,0.1919686581782566,0.0798237022526934,0.3697355533790402,-1.5455985923608473,0.04708939580748,0.1213057968359889
0,0.0931461906079606,0.0918485215880215,0.0851125685385539,0.0802268314737816,0.0796067663291642,0.0136492402781354,0.0708215297450425,0.0563996909605974,0.1488539788823075,-1.3533393895273205,0.098471981274321,0.1417335804367282
0,0.1015816054469347,0.1013987735551147,0.0880597794563953,0.0859814827318401,0.0832190036177589,0.0346820809248554,0.1994219653179191,0.1430635838150289,0.4147398843930636,-1.4892982517448907,0.0719142037964881,0.0771275300074348
0,0.1020054118544483,0.1049388895752492,0.0909787513859561,0.0927114093512223,0.0839746957324381,0.0344624447717231,0.1387334315169366,0.0468335787923416,0.2836524300441826,-1.072935816186209,0.2236161633401736,0.1612294530391836
0,0.0846360890089841,0.0861281311349197,0.0784911040011304,0.0763463962241731,0.0701994142045222,0.0122505433708753,0.0756767437265362,0.0329974313376803,0.1442402687215965,-0.7771770993797396,0.3162557666868743,0.1787846239661413
0,0.1094745556001291,0.1050878808387522,0.0947972290145249,0.0922709052592622,0.0893367622586942,0.0355186428697649,0.2717794663368086,0.0842905106909348,0.36490546032868,-1.2996610238420814,0.0387581336424117,0.1251721245694185
0,0.1013118145979865,0.1016153078190017,0.0909864077972038,0.0908989949373744,0.0839790252793528,0.0141001855287569,0.0803339517625232,0.0257884972170686,0.1178107606679035,-1.2673817401259762,0.0411824388712992,0.1028371535601442
0,0.0992273688103525,0.0930620715628106,0.0856083977800031,0.0823153598604023,0.0806665743921939,0.0110269695761923,0.0617776006377042,0.0450378636907134,0.1462734157034675,-1.2726229873689174,0.1023530341103131,0.146036678619985
0,0.0895630947069772,0.099038918120649,0.0852979067956811,0.0849614153569952,0.0767319617542136,0.0055223193741371,0.0377358490566037,0.0092038656235618,0.0727105384261389,-1.3003255660535504,0.1387998155775655,0.1647701013574996
0,0.0995802732466542,0.1020016360124424,0.0892332897263178,0.0908885336735112,0.0816091521203858,0.011265164644714,0.0285961871750433,0.0190641247833622,0.1247833622183708,-1.3462426115804562,0.1383527017473088,0.1148619050451352
0,0.1010001222142568,0.0987352268382465,0.0890327035963206,0.0853774428587151,0.0830741032134871,0.0011709601873536,0.0339578454332552,0.0105386416861826,0.0878220140515222,-1.2875252594822628,0.1401414150884069,0.15551727522685
0,0.09840211688899,0.0971020283126432,0.0861801911054364,0.0852682563637666,0.0836996099011537,0.0090597946446547,0.0692570968391383,0.0211395208375276,0.0750956311656935,-1.3580375191482386,0.0989533083118807,0.1871438968281988
0,0.1073431091835842,0.1082458473029274,0.0902663120346604,0.0887424019860998,0.081326090693199,0.0134638922888616,0.0501835985312117,0.0881272949816401,0.2203182374541003,-1.4410819584280297,0.0808552923119607,0.1446188768891324
0,0.1043801399388394,0.1022289648328688,0.091528007911894,0.087661009882141,0.0868983551085889,0.0187873612297181,0.0401366353543979,0.0111016225448334,0.0964987190435525,-0.9122279697866826,0.2353493884948749,0.2065551609822144
0,0.1064301712211704,0.1217397876418612,0.0953461741185725,0.1018727274117073,0.0940793336624056,0.0,0.1666666666666666,0.0,0.5,-1.637305699481865,0.0673575129533678,0.0673748855125331
0,0.1029417561518629,0.096753696522298,0.0893476370152122,0.0865118276431995,0.0840961080926932,0.0139257294429708,0.0616710875331565,0.0649867374005305,0.2148541114058355,-1.2004911519939745,0.0989253390049394,0.125985801212549
