label,Care/Harm (R),Fairness/Cheating (R),Loyalty/Betrayal (R),Authority/Subversion (R),Sanctity/Degradation (R),Anger (R),Hate (R),Nervousness (R),Positive Emotion (R),Misinformation (E),Conspiracy (E),Engagement (C)
0,0.0733709799959131,0.0674496409548885,0.0618774562028612,0.0594598485570831,0.0621010581646898,0.0006978367062107,0.0390788555478018,0.0125610607117934,0.035589672016748,-1.0011539875724726,0.1591813677660671,0.1546216532861481
0,0.0833723991374926,0.0787864857385484,0.0732166473195195,0.0699033387541497,0.0698286450227184,0.007600434310532,0.0575461454940282,0.015200868621064,0.0933767643865363,-1.254950452006478,0.1299196177534029,0.164049117089941
1,0.0956341582656258,0.0907314582507625,0.0824797242258403,0.0801439075563463,0.0765960405986823,0.0057553956834532,0.056115107913669,0.0302158273381294,0.1251798561151079,-1.4044852884716257,0.1231740235534786,0.1254671361993931
1,0.08125856354758,0.0798631843155117,0.0713765002942711,0.070420243540248,0.0654749050674615,0.0021398002853067,0.0271041369472182,0.0064194008559201,0.072039942938659,-1.2908426018267811,0.0948065911501026,0.1296536463010563
1,0.0955168193100442,0.0977822557701439,0.0865766508330167,0.0864989311082404,0.0754929161825567,0.0115830115830115,0.0193050193050193,0.0308880308880308,0.0733590733590733,-1.1539799130781354,0.0874436232558242,0.1038731358644334
0,0.0917813552107753,0.0857080040381485,0.0781947438148355,0.0755953940902947,0.0751999913621452,0.0057332144222193,0.0428080010192381,0.0230602624538157,0.1024334310103197,-1.3305572839728164,0.123547217091036,0.1388093845272197
1,0.0826201592064993,0.0747065443295539,0.0726517515921389,0.0692548129965878,0.0681091816925326,0.010653409090909,0.0475852272727272,0.0383522727272727,0.1395596590909091,-1.2100639394459158,0.1405586495422593,0.1415102678440597
0,0.0839085408250995,0.0818190466232346,0.0747325710312917,0.0722268175141092,0.067176037519382,0.0015901411250248,0.0224607433909759,0.0272311667660504,0.0854700854700854,-1.4674798609684296,0.089847385769458,0.1049001792759179
1,0.0866523744940614,0.0784961082230431,0.0802746447394695,0.0712416943434009,0.0675083879828977,0.0133333333333333,0.04,0.08,0.32,-0.9221383474610096,0.2397267429313724,0.103526949354682
1,0.0929508333616035,0.0836728157086762,0.0793186933340227,0.0749505258860103,0.07445248613058,0.0065897858319604,0.0543657331136738,0.0120812740252608,0.1246567819879187,-1.201933355447082,0.1122210487233416,0.1511232670094063
1,0.0812288906869028,0.0737458777085899,0.0713042346878885,0.0652266859484578,0.0673135130401368,0.0043494019572308,0.0540050743022834,0.0163102573396158,0.067053280173976,-1.8002457834192327,0.023661408097177,0.1680460769876595
0,0.0780312359055534,0.0761338197662923,0.0724753937401345,0.0671177624891924,0.0685151320436424,0.0054844606946983,0.0484460694698354,0.0137111517367458,0.0923217550274223,-1.0749938986310532,0.1327548702537506,0.1584650621788928
0,0.0945204696589765,0.0878158391262085,0.0836563866473169,0.0773700592731732,0.0766722453530634,0.0396039603960396,0.1287128712871287,0.1014851485148514,0.2128712871287128,-1.2659114100036564,0.1108678113893447,0.1598483843353449
0,0.0703732008441754,0.0687756876764959,0.0648591996151549,0.0636124948620199,0.0591649767988634,0.0044722719141323,0.0277280858676207,0.0071556350626118,0.033989266547406,-1.215932326626567,0.1195641808655074,0.1554635750935096
1,0.1125293559850193,0.1088444568541928,0.1018442437080135,0.100318546254569,0.0912912076562389,0.0145395799676898,0.1518578352180937,0.0662358642972536,0.2180936995153473,-1.1223965017475803,0.0880255433121752,0.1545412966288786
1,0.0867312054701019,0.0802211861952516,0.0754674983058206,0.0728532287134884,0.0727817380742549,0.0094861660079051,0.0426877470355731,0.008695652173913,0.1193675889328063,-0.6816564673914521,0.3247868705515626,0.1884811742560199
1,0.0870599205942457,0.0804942342442552,0.0739771496385761,0.0706239115695994,0.0704917181826637,0.0341240875912408,0.0596715328467153,0.0301094890510948,0.1762773722627737,-1.2364737263886338,0.130654097220753,0.1377147825514094
1,0.0707180092669452,0.0678374087925727,0.0614552087705042,0.0595014950396875,0.0579652542416091,0.0042735042735042,0.0305250305250305,0.0146520146520146,0.0384615384615384,-0.8972397962274239,0.2160805038950349,0.1994896432013328
1,0.0870801342518003,0.0786446742257765,0.0769549795640102,0.073792376063342,0.0723610572649937,0.0054347826086956,0.0335144927536231,0.029891304347826,0.1032608695652173,-1.270445640255183,0.0853908779613282,0.1163313521215054
0,0.104250786623783,0.0991713060059931,0.0908558965064818,0.088972772742396,0.0865159132217798,0.0140770252324037,0.099601593625498,0.0337317397078353,0.148207171314741,-1.2585320238057087,0.1582077497061779,0.1603787290053264
0,0.1016045000637652,0.0957454989526624,0.0863041421189955,0.0817435550638536,0.0859394287866946,0.0084151472650771,0.0621785881252921,0.0303880317905563,0.0804114071996259,-0.9112628327103038,0.1008533857595442,0.186897364815257
1,0.0968057745954888,0.0935477592159307,0.0876897881094924,0.0860308381742173,0.0817883802873101,0.0325884543761638,0.0865921787709497,0.0335195530726257,0.2560521415270018,-0.5364223428978253,0.3909245263026984,0.1980112246337569
0,0.1028174065504866,0.0979964896335009,0.0907167607559291,0.0869615864185151,0.0832332069346747,0.0245098039215686,0.1424632352941176,0.0634191176470588,0.336703431372549,-1.564058266102477,0.0652226215604451,0.1460524047688651
0,0.0910930640414885,0.0855041126541168,0.0806561632389646,0.0764882352124807,0.0754998422062371,0.0109090909090909,0.057090909090909,0.032,0.0909090909090909,-1.4184403505844556,0.0615051043949828,0.1591400626101932
1,0.0820870321986453,0.0704252925477516,0.0664083827110748,0.0653112924095439,0.0675499675669603,0.0067550662997247,0.0547910933199899,0.0192644483362521,0.078558919189392,-1.0525182505251862,0.1599730984667775,0.1788975348762577
0,0.0704928693409907,0.0641557536376695,0.061442188215754,0.0582149169359763,0.0579479740061654,0.0039984006397441,0.0255897640943622,0.0215913634546181,0.055577768892443,-0.9135583023625208,0.2420461846810112,0.1017311257355943
0,0.1062962790947293,0.0995366140793197,0.0928920981398849,0.0889940949048413,0.0880735130472667,0.0402761795166858,0.1047180667433832,0.0276179516685845,0.1288837744533947,-1.1571168689987898,0.139818272746346,0.1553366458753074
0,0.0970229582789612,0.0919635651181861,0.0830706598504437,0.0816453053889588,0.0771174225776259,0.0153962645128722,0.0653710247349823,0.0237253912165572,0.1332660272589601,-1.2122966865963003,0.1590627883540323,0.1471896102372022
1,0.1027280335736754,0.0973076134238073,0.0881586358498319,0.0856811137895289,0.0847813091229897,0.0117760929182126,0.0795289562832715,0.0335537989998386,0.1322793999032102,-1.3397662913484625,0.0928938069294555,0.155877416737616
0,0.1038105644479662,0.0981510794437026,0.0895132246608262,0.0862846130086775,0.0849180114431364,0.0227825702278257,0.1019685910196859,0.0893607608936076,0.2138907321389073,-1.2615162934647504,0.1492716190288747,0.1313124396767318
1,0.0967481811795837,0.0920724049583251,0.085110051610671,0.0839383231191975,0.0810384315119843,0.0156282130372198,0.1006580300226197,0.036500102817191,0.1891836315031873,-1.2241458966384775,0.1259291880263338,0.1790772554576118
0,0.0849505645978931,0.071794963879841,0.0685496678387738,0.0662321160331353,0.0714669954236563,0.0033624747814391,0.0405738623626989,0.0403496973772696,0.0786819098856758,-1.1844507945543117,0.1403010956487613,0.161563702063692
1,0.1105409483429074,0.106375788920322,0.0946568058001406,0.0960878108053032,0.0891559944720711,0.0207439198855507,0.1373390557939914,0.0472103004291845,0.2381974248927038,-0.9718492903196212,0.2478355510129352,0.167160324004997
0,0.1029035215132983,0.0969893355691737,0.0898096500398015,0.0875742979983239,0.0844699848587634,0.0135172413793103,0.064551724137931,0.0358620689655172,0.1299310344827586,-1.395743185237703,0.1035723181973523,0.1611329010649222
0,0.0925953488280939,0.0832525906230905,0.0779364737098479,0.0757370749633334,0.073691082175156,0.0080188268107731,0.1036346204131439,0.0308550509892791,0.1449490107208228,-0.9846562453267246,0.0870829329758757,0.1192457955756298
1,0.093728550569432,0.0861460058546539,0.0805589776652083,0.0767896935348726,0.0763469310260131,0.0175438596491228,0.1021999443052074,0.0671122250069618,0.1921470342522974,-1.188444086275955,0.1663816385521365,0.1592398693104414
1,0.086080809211308,0.0804220378558681,0.0777454223352443,0.073984179846613,0.0727223172095224,0.0135287485907553,0.0789177001127395,0.0259301014656144,0.0879368658399098,-1.1182989237846137,0.1533413951276603,0.1549220365999456
1,0.0693840655460554,0.0613739750401247,0.0597800858533571,0.0561624110802831,0.0589385997673215,0.000653167864141,0.0306988896146309,0.0124101894186806,0.0385369039843239,-1.111088857851408,0.1410177818649512,0.1633476319942469
0,0.1101347238734569,0.0942474274867121,0.0899305217765121,0.0828373970016809,0.0884341789235641,0.0342465753424657,0.1171593366979091,0.1510454217736121,0.2591925018024513,-1.432307236218858,0.0842004206641192,0.161076517913418
0,0.0873678821177001,0.0776702755035584,0.0729823029379332,0.071582586180711,0.0710376893824479,0.0043859649122807,0.0599415204678362,0.0263157894736842,0.1096491228070175,-1.2985202561756484,0.126740725840563,0.1607672004130688
1,0.0919393587751992,0.0848513138442981,0.0793706947420898,0.0760401869784391,0.0753501468773252,0.0075980392156862,0.0514705882352941,0.033578431372549,0.1034313725490196,-1.2376792156361671,0.0600657040393411,0.1332307461844875
1,0.0897516911415516,0.0827650927589833,0.0808016327373315,0.0740003175339631,0.0746799802041982,0.0162481536189069,0.0649926144756277,0.0443131462333825,0.0974889217134416,-1.0891539335082043,0.189503674403386,0.1679863713731597
1,0.095392747756906,0.0902951131833798,0.0846155507578338,0.0806925451756215,0.0808643643105754,0.0106700810926163,0.0806658130601792,0.0307298335467349,0.127614169867691,-1.366190854427314,0.0673572536287559,0.1504887195547707
1,0.1040657411509641,0.1057464080883217,0.089657061385358,0.0869609945922223,0.081541247800916,0.01707779886148,0.0303605313092979,0.0531309297912713,0.1499051233396584,-1.2351873322139009,0.1476683208992958,0.1430227723810469
1,0.0843661838652356,0.0759438972925316,0.0707394775533095,0.0668143693188905,0.07344097733352,0.014018691588785,0.0864485981308411,0.0327102803738317,0.0911214953271028,-0.9343748699017108,0.2052912533997524,0.2328070787803113
0,0.0764945876468265,0.0736267957592099,0.0687391449908816,0.0667874407412958,0.0653396754802355,0.007062759432501,0.0328975899882287,0.0188340251533362,0.0698221919335852,-0.8975451322483108,0.149344054838606,0.1454866642892178
1,0.0984034090385559,0.0896841645003102,0.0846271829396593,0.0798133674572575,0.0838893186354807,0.0106434446057087,0.0836961780358006,0.0382196419932269,0.1557813255926463,-1.438408960766321,0.0471370464607923,0.1833112596737141
1,0.0780639203952055,0.0725842362368327,0.0681894331869161,0.0658616127669108,0.0640408569847631,0.0067239447142323,0.058087411281285,0.0153156518490847,0.0720956294359357,-1.1576767377762962,0.1118012719797664,0.145160623470961
1,0.0857108793768198,0.080349986651916,0.0766977167043507,0.0737396573813908,0.0723863203633157,0.0067842605156037,0.0610583446404341,0.0230664857530529,0.1207598371777476,-1.1363372313337154,0.1052086855492769,0.1311317101691101
1,0.0872111778394893,0.0843201358146638,0.079841431982076,0.0752392135021983,0.0760161441824608,0.0170212765957446,0.0829787234042553,0.025531914893617,0.1063829787234042,-1.2145444593268786,0.10767223673015,0.2168882469714101
1,0.0683358435929192,0.0628683731998461,0.0594305279988441,0.0562445411663237,0.0565000343231732,0.0016874789065136,0.0185622679716503,0.0070874114073574,0.0374620317246034,-1.1411476650260144,0.1215603266825744,0.1653752652071705
1,0.0986481022515143,0.0961645671083915,0.0895329409933496,0.0866503043107051,0.0830031591628742,0.0206956021845357,0.1353837309571716,0.0411037654498419,0.1941649899396378,-1.482951916572971,0.0584770243583647,0.1651402519869281
1,0.0980954578768429,0.0897428030026629,0.0845571353100027,0.0820029008732128,0.0792500683746856,0.0210684725357411,0.0797592174567344,0.045522949586155,0.1666666666666666,-1.4683811524062804,0.0646564137044739,0.1407225752832649
1,0.1091348718186306,0.100124982592062,0.0884954475487524,0.0873354062618025,0.0804253900318317,0.0051688490696071,0.038249483115093,0.0286009648518263,0.1815988973121984,-1.364370874800754,0.1513502825242617,0.1292769712286394
1,0.0918302210422707,0.086053131080594,0.0771868930496216,0.0767896142583744,0.0742056968000524,0.0081581424537182,0.0727957326639472,0.0153749607781612,0.104486978349545,-1.0995346953535634,0.1517195038278705,0.1562844646274619
0,0.0705392446643172,0.0607682751138218,0.0636936903071467,0.0595886131143263,0.0621294319891834,0.0060281312793034,0.0174146014735432,0.0261219022103148,0.1105157401205626,-1.0142469870407107,0.2200388426297911,0.1453576808401742
0,0.0685507838999907,0.0624983202494064,0.0573718622712349,0.0605091345024047,0.0545399681951948,0.0,0.08,0.0133333333333333,0.1066666666666666,-1.1294488778477736,0.1702323689380505,0.1354531150395138
1,0.0971215769606786,0.0893210047028375,0.0821610463616257,0.0799107309259916,0.0776969015644143,0.0121352604308699,0.0501772566130351,0.0249522770657213,0.0845377692937005,-1.4797341915538496,0.0939082764834992,0.1601777685512193
1,0.0633133890280648,0.0599097983159654,0.0607387790685225,0.0588720327194185,0.0531047847913609,0.0015698587127158,0.0251177394034536,0.0125588697017268,0.0706436420722135,-1.2523439311521751,0.095115673568243,0.1374283036135024
0,0.107401746086587,0.0981163136751221,0.0934245790852991,0.0906520113060382,0.0856875798413813,0.0357142857142857,0.1428571428571428,0.1178571428571428,0.3678571428571429,-1.1089410279763046,0.1640868967477907,0.2089462244843104
1,0.0898181974549032,0.0895257232610713,0.0815713281896259,0.0786886259522744,0.0747193355399391,0.008695652173913,0.044927536231884,0.0202898550724637,0.1565217391304348,-1.449807245206599,0.0702381172563159,0.1466791770413801
1,0.0840011818177732,0.0802779163254954,0.0755222009705612,0.0713112598083151,0.0700056490358956,0.0038497074222359,0.0551278102864182,0.0243301509085309,0.0850015398829689,-1.6320442180879342,0.0506616096577514,0.1607396163227363
1,0.0964181553732015,0.0938222094427176,0.0876174605844455,0.0846449289678039,0.0801019645136698,0.0147275405007363,0.0994108983799705,0.0346097201767304,0.1958762886597938,-1.5533674295508706,0.0678910088954746,0.152203254706645
0,0.098282458040396,0.0935526930537527,0.0865008311252244,0.0842038110785208,0.0843865916151785,0.0314033366045142,0.1108930323846908,0.029440628066732,0.1030421982335623,-1.3463736086406863,0.0871752135675982,0.2696088189338353
1,0.0897238236074073,0.084267188953096,0.0789308547708958,0.0763289537852199,0.0757714870053638,0.0159924741298212,0.0658513640639699,0.0206961429915333,0.0959548447789275,-1.0856489143906274,0.187497856035656,0.1723061996861978
1,0.0796944579823505,0.0705479473873456,0.0676379749552415,0.0627070668871924,0.0688861099644731,0.0036452004860267,0.0243013365735115,0.0060753341433778,0.0704738760631834,-1.3098653868709222,0.1200414319021845,0.1481684901184118
0,0.1046336554779522,0.1036263138808004,0.0954083926854399,0.0916601997062996,0.0910795764706194,0.0061050061050061,0.0854700854700854,0.0427350427350427,0.0891330891330891,-0.4589374295662702,0.4130246387279426,0.1315240219725688
1,0.1035642240231722,0.096519683643426,0.0904747888025046,0.0876028963769948,0.086704098266699,0.0180555555555555,0.0909722222222222,0.0409722222222222,0.1486111111111111,-1.0038056387091576,0.2281604152584823,0.1666107800426882
0,0.0828111428096847,0.0759445647245253,0.0719689451337158,0.0695666736922121,0.0665772500436435,0.0038738240177089,0.0758162700608743,0.0254565578306585,0.1151079136690647,-1.0873907434570187,0.1139502847641408,0.148705488378518
0,0.0856564890385953,0.0777170996872268,0.0717891941980315,0.0705664010205375,0.0682775803132775,0.0051090479591276,0.0386200076910399,0.0088996319288029,0.0462011756303906,-1.1122112488467386,0.135355296311061,0.1696810083501745
0,0.1044535874450536,0.0930203902233482,0.0888495157453339,0.0830502125716946,0.0866655869367049,0.0132950990615224,0.1008863399374348,0.0453597497393117,0.1480709071949948,-1.3204623563589135,0.0943871886285788,0.1476349812147699
1,0.0851375392966315,0.0777184604549223,0.0750310166842107,0.0715421788758697,0.0711590791789199,0.0090702947845804,0.0249433106575963,0.0143613000755857,0.109599395313681,-1.5375531607957822,0.0466708515465425,0.1358338254245211
0,0.0879092069217245,0.0809440469806236,0.0757816069184888,0.0718261532678353,0.0714733394824847,0.005260081823495,0.0625365283459964,0.0233781414377556,0.0964348334307422,-0.9455256916024968,0.2254132652156608,0.146356262793907
1,0.089417346086373,0.0774688274612081,0.0805712341321252,0.070928771972702,0.0761306812054029,0.0095759233926128,0.0259917920656634,0.0300957592339261,0.1545827633378933,-1.1628787222250692,0.1931792899322285,0.1807848193735283
1,0.1007754570074837,0.0922237582214811,0.0874190172253633,0.0825372094086923,0.0808396863795742,0.0246198406951484,0.1803041274438812,0.057929036929761,0.2172338884866039,-1.0663688367831616,0.0940860280166222,0.1291961078895874
0,0.0959319239619634,0.092853632360491,0.0898940610915073,0.084524378442618,0.080089372447584,0.0085948158253751,0.1084583901773533,0.0391541609822646,0.1963165075034106,-1.4355434376718967,0.0682889705708758,0.1269695972611572
1,0.1048101649499762,0.1012488757669168,0.0905410832970831,0.0879878636385791,0.0857690213293187,0.0110919043503313,0.0881590319792567,0.019158743877845,0.1065975223278594,-1.114730659159712,0.1349071381803211,0.1758123164442983
0,0.1016836362644386,0.0995451111141458,0.0912790262971055,0.0871762467595784,0.0863547195574317,0.0303848750844024,0.2093180283592167,0.0411883862255232,0.2346387575962187,-1.305580794424121,0.1209180750390961,0.1777021647477925
1,0.0876042429676741,0.0814067158520286,0.0804336191222998,0.074418577346149,0.0736388137636981,0.005968011458582,0.0398663165433277,0.0214848412508952,0.11936022917164,-1.4733796636977687,0.0524472365010328,0.1292287603972294
1,0.0990172691697714,0.0954286342260216,0.0875296128385113,0.0829993542377191,0.0814251758501778,0.0076263107721639,0.1048617731172545,0.0324118207816968,0.1563393708293613,-1.5569890968490194,0.0491398680216577,0.1395089755048312
0,0.1011552149684455,0.0901748152846006,0.0837661938843056,0.0808905795851651,0.0803049886182258,0.0093914350112697,0.0405709992486852,0.0394440270473328,0.1517655897821187,-1.5996557250755552,0.101855071165395,0.1093509178265906
0,0.0974056064362221,0.0905777908956537,0.0834622548573806,0.08087676101329,0.0805165121730015,0.016305800588078,0.0491847099705961,0.0253942796043838,0.1229617749264902,-1.157521181789687,0.1506169466606506,0.162023131304769
1,0.0889248533180483,0.0816884059761931,0.0779225967024194,0.0735892472485649,0.0780592965687091,0.0104529616724738,0.0627177700348432,0.0209059233449477,0.1080139372822299,-1.151560293350799,0.1481596483140405,0.179439224816173
1,0.0956084265564397,0.0903401030127555,0.0842228964308886,0.0811868804704814,0.0786000511299442,0.033170731707317,0.1370731707317073,0.0458536585365853,0.2102439024390243,-0.8251243902347509,0.1832802277759963,0.1734754355284976
1,0.0904046006610084,0.0798962322751246,0.0730547913451727,0.0706214214810819,0.0714000840141185,0.0093808630393996,0.024390243902439,0.0112570356472795,0.075046904315197,-0.8987555113216953,0.2782765347629535,0.1753810158713379
1,0.0961182296998693,0.0910509983460498,0.0842865427556698,0.0817809172352194,0.0795911845593514,0.013803680981595,0.0782208588957055,0.0214723926380368,0.0966257668711656,-1.1467833501112663,0.1954937890885497,0.1669735127581995
0,0.0962255700503955,0.0940595860718275,0.0845013688766002,0.0818682283768202,0.0788099762724013,0.0054880108071597,0.0780986153326578,0.0188280986153326,0.1170212765957446,-1.5039345253201433,0.0619874896498144,0.1258314581387085
1,0.08903092057945,0.0815376381710046,0.077344306127193,0.0729843912997689,0.073063034112353,0.0066298342541436,0.0685082872928176,0.0394106813996316,0.1314917127071823,-1.5775802994817012,0.0616730991818236,0.1263755261638287
0,0.0959999484548213,0.0935892051241695,0.0883260551673567,0.0869760098640405,0.0787412271087121,0.0090361445783132,0.0331325301204819,0.0421686746987951,0.1837349397590361,-1.5345165035097728,0.0839464314717481,0.1373410088708481
1,0.1000354087179249,0.0942812793447132,0.0877800488534008,0.0827684714422441,0.0859324366803936,0.0224442988204456,0.1127129750982962,0.0822411533420707,0.2110091743119266,-1.2277184733685782,0.0973491955178346,0.2242732212826465
1,0.0924916332321805,0.0879425369221828,0.0851027430940834,0.081154526643063,0.0761036980282156,0.0,0.053763440860215,0.046594982078853,0.2078853046594982,-1.0747436536199642,0.1455139902636471,0.1091384485451488
1,0.1092305745668608,0.101739511296176,0.0942935767637668,0.0901321181879833,0.0912694166230089,0.0362033684873288,0.1376777375518127,0.0458576000839498,0.1613410986935306,-1.156941129258958,0.1396905016982963,0.1604974333999744
1,0.0931076852023629,0.0901906237916802,0.0830713655918795,0.0804876027810602,0.0790095137835718,0.0086032388663967,0.0556680161943319,0.0402327935222672,0.1707995951417004,-1.0742956710229845,0.1300995644800279,0.1933478860953404
1,0.0982298390893737,0.0928742502842216,0.0887907947554668,0.0838347983796687,0.0816478850932551,0.0198055455527547,0.1498019445444724,0.0763413755851638,0.2815988476773496,-1.3828377243204453,0.0577949248308584,0.1604362608569287
0,0.0831494941149658,0.0740723185016926,0.0695590370347016,0.0669929647792236,0.0695817361535201,0.0057027843005702,0.0764844012076484,0.0174438108017443,0.1006373700100637,-1.2110168219463011,0.1140338487399282,0.1681443688393586
1,0.1045547792960237,0.1053534768272958,0.0968615662937577,0.0943237762530606,0.0898621510549401,0.0379062243469023,0.117678304118982,0.0472741320198947,0.1918006663769375,-1.4940428139181965,0.0750114565749901,0.1591572469608539
1,0.0933364825642843,0.0840854670138691,0.078141941248648,0.0765679668373604,0.0759689531209386,0.008443908323281,0.0932850824286288,0.0180940892641737,0.118616807398472,-0.9626981724579132,0.2041449732519537,0.1415864082272524
0,0.1074197699501553,0.102319000324135,0.0972299644302881,0.0888163707460525,0.0927520726425468,0.0471771075019334,0.296983758700696,0.3217324052590874,0.5808197989172467,-1.341132451905686,0.0861663819188543,0.2593206983856096
1,0.0876395474237491,0.0834900012900213,0.0765080137792049,0.0756595891259396,0.0699322998651496,0.0163281561131023,0.0772600557546794,0.0199123855037833,0.1198725607327757,-1.2916542039845382,0.0696500139806264,0.1616304440075985
0,0.0998023164387277,0.0994522110758168,0.0859242918171103,0.0845208847645923,0.0812428996980854,0.0116142311084975,0.0705674801528962,0.02205233754778,0.2957953543075566,-1.2467998474922637,0.1333169867550667,0.163739102841872
0,0.1019719808337258,0.0929293951673659,0.089757937980565,0.0858266890552918,0.0808612161533686,0.0196791972866026,0.1150014132278123,0.0466718485019785,0.2011023176936122,-1.3932747701560653,0.0975438130197091,0.1538402785479556
0,0.0748487826762543,0.0776604595517482,0.0843949198797745,0.062686520851762,0.0636674492491464,0.0,0.0046511627906976,0.0,0.013953488372093,-1.1370280146163216,0.0554202192448234,0.0509748146767456
0,0.0955774542517923,0.089503464016945,0.0816874808222882,0.0783966202989663,0.079938320206218,0.0034364261168384,0.0798969072164948,0.047680412371134,0.206615120274914,-1.2760524628284928,0.1065966251611239,0.1367444338484921
1,0.0895548510891889,0.0839633515996474,0.0812054841224904,0.0751442754898704,0.074003668257618,0.0036496350364963,0.0383211678832116,0.0225060827250608,0.0961070559610705,-1.1800506937270605,0.1355695537601,0.153559270938528
1,0.0858362506535758,0.0822228278256575,0.0758673313660733,0.0741543886761169,0.0708640759578572,0.0140175219023779,0.1111389236545682,0.0428035043804755,0.1602002503128911,-1.0691862941549983,0.1409759508574291,0.144939638901248
1,0.0986371124477567,0.0904098559412476,0.0844502442944043,0.0796088955635648,0.0828516915033032,0.0173780487804878,0.1817073170731707,0.1057926829268292,0.3079268292682927,-1.1694303365468448,0.1459539076244132,0.1542655572350658
0,0.099865474173562,0.1058303847607965,0.0938692546404965,0.0945709690284348,0.0869850339116494,0.018102029621503,0.0872188699945145,0.0274273176083379,0.1590784421283598,-1.1282839143241807,0.1952990779120959,0.16982454326208
1,0.1062098138103666,0.0976959440170021,0.0895002921614941,0.0862784657501417,0.0860775057291575,0.0176565008025682,0.0658105939004815,0.0353130016051364,0.160513643659711,-0.9065493934889044,0.2539123987549714,0.1720931608708648
1,0.1040292657057669,0.0984000653936317,0.0922434336652242,0.0852269510838645,0.0880409623359596,0.023200475907198,0.1314693634741225,0.1284949434860202,0.3182629387269482,-1.229154864823385,0.0661955746390893,0.1409968654460602
1,0.0970288934333311,0.092146369387189,0.0857591463931132,0.0818756806132453,0.0795455307311998,0.0027051397655545,0.0432822362488728,0.0297565374211,0.1190261496844003,-0.7683910901267351,0.2906787852218613,0.1875667061835412
0,0.0974072067118502,0.088090786558493,0.0859267293663044,0.0813999643570335,0.07801853738979,0.0108991825613079,0.0558583106267029,0.0149863760217983,0.0912806539509536,-1.0719310159079742,0.1421165779747293,0.1616512010355777
0,0.0874473092742146,0.0864926055919099,0.0814698006289806,0.0844588144845086,0.0707449720245813,0.005050505050505,0.0454545454545454,0.0353535353535353,0.1212121212121212,-0.8432617576007718,0.2217491327634255,0.1329701800175659
0,0.0860057198623994,0.0804277350685482,0.0765451061102136,0.0734796251110813,0.0722347284398783,0.0052083333333333,0.0260416666666666,0.0260416666666666,0.1180555555555555,-1.2572888057080176,0.1142083758936406,0.244362582481013
1,0.0929527062383954,0.0881508994773039,0.0850255111675566,0.0834320597031381,0.0772856174361373,0.025,0.1096153846153846,0.0211538461538461,0.1817307692307692,-0.9718559121076444,0.1739411452067589,0.1762036758595773
0,0.0965897433752598,0.088038744258725,0.0856835377597447,0.079186838978917,0.0806141020033673,0.0260756192959582,0.1448283355063016,0.0774663189917427,0.2925901781833985,-1.377913645071655,0.0885548923821061,0.1573617320984918
0,0.0886621142628748,0.0918186775655979,0.0824652297595706,0.0834483136587505,0.0824390083806241,0.010204081632653,0.010204081632653,0.0612244897959183,0.0612244897959183,-1.418410347448993,0.0609546034612424,0.2017418298959076
1,0.086754205171396,0.0800522615058711,0.0755227184072804,0.0720023629305297,0.0695719963011696,0.004343105320304,0.0694896851248642,0.018458197611292,0.1150922909880564,-1.0410269723139318,0.1877625668283623,0.1819926636445277
1,0.0954373837882194,0.093468834475649,0.0883481206860761,0.0860412695068764,0.0791672929758038,0.0092752711837761,0.0768747052350259,0.0190221663260493,0.1179059896242729,-1.4187018140275784,0.0722075998335076,0.1536399573080546
0,0.0979600659533865,0.0846251895925859,0.0803374784741373,0.0762616031623893,0.0764906492174614,0.0089394555058919,0.0507923608289313,0.0146281999187322,0.0963023161316538,-1.1777916339906054,0.1789199048575775,0.1887598116048605
1,0.0978694120268255,0.0917041012933197,0.0863062959111954,0.0834001561914304,0.0811306682330903,0.0072421784472769,0.0653727307840865,0.0168018539976825,0.1038045577443028,-1.428206147989672,0.083981090887521,0.1646010270365413
0,0.0963875384339556,0.0895821190624728,0.0819979339987403,0.0786837226466913,0.0795996468526103,0.0037829376467518,0.058178972084529,0.0151317505870075,0.0622228019827811,-1.3149598776392344,0.1014930434075678,0.1450769739683029
1,0.0755846653101486,0.0674849043903146,0.0629667270265093,0.06154241645358,0.0623892577995161,0.0,0.0379975874547647,0.0090470446320868,0.0452352231604342,-1.052310357566704,0.1541941731616018,0.1786801886511369
1,0.1005036459536116,0.0986847934036858,0.0899370308252673,0.089260923897758,0.0854088354919286,0.0311088810837932,0.0888108379327646,0.0421475163070747,0.11490215755143,-1.1517890996309843,0.1156034462737355,0.1659542895484786
1,0.1179540883849503,0.1030880986136863,0.0954722255048815,0.0958394865669622,0.0914910701079213,0.0168010752688172,0.1418010752688172,0.0134408602150537,0.0813172043010752,-1.1300204430862466,0.1133562056936489,0.1722251263042391
1,0.1126341545860483,0.1110699149480988,0.100574805351957,0.1031460052144771,0.090399350531381,0.066006600660066,0.1826182618261826,0.077007700770077,0.286028602860286,-1.3784852212044332,0.1064778492503227,0.1642463940545939
0,0.1064271666822373,0.1024009958070423,0.0896119472774885,0.0845806840607786,0.0873415698408757,0.0128824476650563,0.0628019323671497,0.0563607085346215,0.1932367149758454,-1.0580125004311558,0.1348967589047747,0.1752228488590024
1,0.0858924830999432,0.0786175067876798,0.0773540005789523,0.0698845116900252,0.0696419482106093,0.0075566750629722,0.035264483627204,0.0478589420654911,0.1209068010075566,-1.0498133072725253,0.2014997199547424,0.1623777693011417
0,0.1010893352101539,0.0953367770548078,0.0887496353510905,0.0838882196282215,0.0827993889064852,0.0170105967651979,0.0844952593418851,0.0437813720022308,0.2099832682654768,-1.2499989107600806,0.1292163957025477,0.1591105055408298
1,0.096144849943743,0.0919633263793539,0.0864568945957647,0.0841148616287114,0.0740958868148913,0.0075566750629722,0.0806045340050377,0.035264483627204,0.2972292191435768,-1.2938505048595488,0.115532356534343,0.1576418643648562
1,0.0869898831827578,0.0804804993942496,0.0710185041917531,0.0683346573436135,0.0682427622171501,0.0052724077328646,0.0456942003514938,0.0246045694200351,0.1247803163444639,-1.4863894817232797,0.0647007060706315,0.1700276753554472
1,0.1031853309722411,0.0951391794395367,0.087997670233239,0.0837391864605237,0.0857165719162226,0.0103726469458317,0.1133307721859393,0.028428736073761,0.1575105647330003,-1.0786486310057788,0.1616414783450563,0.1623900916181148
1,0.0843209919337933,0.0754472215576538,0.0721688805939762,0.0696746041249392,0.0677477747174891,0.0068157033805888,0.0455288985823337,0.0174482006543075,0.0899672846237731,-1.2548932254933571,0.089721336681484,0.1511256442284419
1,0.0717845365543849,0.0748256424196269,0.0686698295530827,0.0664599667065897,0.0667282986574167,0.0053475935828877,0.0053475935828877,0.0160427807486631,0.0641711229946524,-0.903986061267924,0.208559252450079,0.1506951803022208
0,0.0914039703436178,0.088527504764922,0.0835933365197419,0.0782533625852595,0.0779801483305962,0.0165864098448368,0.0652755484216158,0.0315676832530765,0.2370251471375067,-1.2307889693885787,0.1006498923005545,0.0986931600420078
1,0.1048180632679539,0.0993626090422033,0.0885732272074722,0.0908969654777564,0.0880723768471703,0.0130023640661938,0.1690307328605201,0.0354609929078014,0.1903073286052009,-1.0342690295946535,0.153813508788977,0.1710389618520111
0,0.0861784506141215,0.0812768299564883,0.0761347623014466,0.0742578276665774,0.0736240190098063,0.0047788510421962,0.035993899339095,0.0117946110828673,0.050127097102186,-0.5469325412007269,0.3875324711187295,0.2115045464210825
1,0.0994019586439133,0.0960389724273862,0.0891738067613802,0.0868715964245095,0.0804262233448545,0.0194868463786943,0.0659304969145826,0.0415719389412146,0.1831763559597271,-0.8251698588923696,0.3121444496435843,0.1674953220611328
1,0.0878179468789912,0.0842585564473252,0.0778450196881181,0.07562478713374,0.0759245014141541,0.0073855243722304,0.0413589364844904,0.0221565731166912,0.0657311669128508,-1.2239834386621309,0.1272098873984641,0.1610609716108768
0,0.0729209751895523,0.0710767827024066,0.0667028419854586,0.0618115277085248,0.0615674117308193,0.0036452004860267,0.0407047387606318,0.0097205346294046,0.0826245443499392,-0.6502789190588865,0.3619741051941406,0.1838635082992124
0,0.1021553439116378,0.1002767900176364,0.093243623394811,0.0912858023832512,0.0861615775650602,0.031634446397188,0.161335676625659,0.0601054481546572,0.3402460456942003,-1.173561990462881,0.1978828494618271,0.143931337241467
0,0.0900291039780182,0.0850320434441779,0.0775768639847683,0.0748063379348134,0.0667526542570634,0.0053475935828877,0.0401069518716577,0.017379679144385,0.0775401069518716,-1.4340458197587638,0.1036285443008666,0.1245361204113423
0,0.0705628890034241,0.0665395409896834,0.0616857410891981,0.0605490208311882,0.059702958028924,0.0050800101600203,0.0314960629921259,0.0193040386080772,0.0751841503683007,-0.9202731050445572,0.0872292685663206,0.1562828488228574
0,0.0988001233762014,0.0842001561320996,0.0843852897074244,0.0831480710124168,0.0723775595382415,0.0452809601745771,0.2785961083833424,0.2825968357883252,0.477632296781233,-1.226323642420938,0.1660051119783845,0.1199685794326162
1,0.0972154974083044,0.090962268916616,0.0834686076714237,0.0802268811517873,0.0800280308200671,0.0047543581616481,0.0604199683042789,0.0178288431061806,0.0923137876386687,-1.063326753445248,0.1984102455248464,0.1856432604406754
1,0.0837694842438391,0.0864736013506001,0.0794338035819408,0.0768149415580331,0.0723254251714602,0.0098984110445428,0.0385517061734826,0.0169314925761917,0.0846574628809585,-1.5131844060806487,0.0625459405920099,0.1607350282184993
0,0.0767838034000413,0.0699335132649336,0.0685759861330273,0.064529060176958,0.0626074680977299,0.0075757575757575,0.0386363636363636,0.0083333333333333,0.0606060606060606,-1.2246430330721891,0.1052236131149106,0.1317521855027418
0,0.0863866755430187,0.0785473360522841,0.0770454409581536,0.0713182398337686,0.0718725713950877,0.016025641025641,0.0416666666666666,0.0544871794871794,0.2403846153846154,-1.322543667970372,0.0632849354575723,0.1212696264637056
0,0.0819713501400325,0.0758369274378504,0.0694251916042326,0.0694711606924903,0.0688964716924215,0.005206324720401,0.0219822599305823,0.0117624373312765,0.0445430003856536,-1.0719281530206732,0.1037705564215653,0.1410658477591078
1,0.099055735028357,0.0823269840303383,0.0808574950228541,0.0770110687954999,0.0745647501289751,0.0076745970836531,0.0360706062931696,0.0337682271680736,0.1534919416730621,-1.0851771100667047,0.1871461717902479,0.1415603945946991
0,0.0892771346552673,0.0820008867010963,0.0751529570775879,0.0727808330232887,0.07249993727485,0.0101041995579412,0.0549415850963056,0.0243132301862961,0.0568361225134196,-1.1717676126472274,0.1592544975447847,0.1746417382468992
0,0.0994538277891462,0.0968931547025029,0.0887871693007386,0.0849165399286716,0.0831874151181822,0.0136904761904761,0.1039682539682539,0.0714285714285714,0.2361111111111111,-1.205963175431549,0.1492073718408746,0.1785123039449837
1,0.1025655645343653,0.0953502939065994,0.0932384659379149,0.0859568551062847,0.0859238754250655,0.0238784370477568,0.3263386396526773,0.2959479015918958,0.6801736613603473,-1.1943941203613446,0.1295693319289558,0.1653293343830048
1,0.0651788623890085,0.0617941322627632,0.0547795191514695,0.0530034881599348,0.0519529445517388,0.0036310820624546,0.0384894698620188,0.0108932461873638,0.0442992011619462,-1.16982911835099,0.196643776157648,0.1821266677002037
0,0.0873002225944603,0.0786737272659906,0.0764546697895059,0.0743066716774305,0.0689409766926426,0.0057330057330057,0.0524160524160524,0.0292110292110292,0.1698061698061698,-1.4393725792000367,0.0901435407642511,0.1493983318809675
0,0.100727560672248,0.1029075663845997,0.0925909196156965,0.0920622228947678,0.0852553560927434,0.0320284697508896,0.2586002372479241,0.0385527876631079,0.3149466192170818,-0.6119729196242792,0.3661906416749087,0.1689074175616173
0,0.0945616560591654,0.0901755679542053,0.083223281421685,0.0825563144132843,0.0773406826610123,0.0145560407569141,0.1028626880155264,0.027171276079573,0.1722464822901504,-1.2299508808861574,0.1045620623845888,0.1534611640122617
0,0.0698035157705468,0.0673908867347361,0.06145455483556,0.059054453328272,0.0591078159218815,0.0013586956521739,0.0346467391304347,0.0067934782608695,0.0366847826086956,-0.7475597780859766,0.1608767847019287,0.1390508204236298
0,0.0888749678944829,0.0726048029006886,0.0753314226022662,0.0688636262188578,0.0738957416329719,0.0043057050592034,0.022604951560818,0.0118406889128094,0.0893433799784714,-1.196018592189353,0.1634783298079898,0.1664094392638634
1,0.0766307019494163,0.0683602365431089,0.0622585831541538,0.0601609728008107,0.0631805462310904,0.001477104874446,0.0251107828655834,0.017725258493353,0.0428360413589364,-0.8510248892801396,0.0634171625477246,0.1703855794283885
0,0.099092434209603,0.0975362300405823,0.0896322482931524,0.0860814581630242,0.0829249064612594,0.0061040123707984,0.0842353707170179,0.0373565557092862,0.1965491983397086,-1.4578696237047055,0.0537612401826682,0.1482868727776499
0,0.0793652764968974,0.0729395254282835,0.0684518957360571,0.0661690067996223,0.0660461872540306,0.0039241334205362,0.0294310006540222,0.0111183780248528,0.0542838456507521,-1.150423413437786,0.1526932004383886,0.1335494267925595
1,0.0976860080863051,0.0908596303309197,0.0853946124186379,0.0814670038657795,0.0824379403597141,0.013241785188818,0.1093673369298675,0.0402157920549288,0.1647866601275134,-1.4321917842218752,0.057098992059286,0.1649357722286605
1,0.0847036941159718,0.0805143945557288,0.0760208997897908,0.071581283505436,0.0712006305824911,0.0076481835564053,0.0630975143403441,0.025812619502868,0.1233269598470363,-1.0694197700507722,0.2011165840308852,0.1636755282554211
0,0.0961153237741866,0.0890303766803811,0.0821863350383693,0.0733321782567222,0.0775014820828527,0.0118110236220472,0.0708661417322834,0.0551181102362204,0.1614173228346456,-1.1438067289196356,0.1026305344091832,0.1016900047759694
1,0.0749688840430879,0.0676230839919535,0.0632320821696296,0.0621277899215287,0.0612006469271866,0.0059586400280406,0.0347003154574132,0.0178759200841219,0.0606379249912372,-1.0576983370050768,0.1676036429426527,0.1466193278087898
1,0.0747788976169999,0.0676315270179481,0.0670627580692443,0.0658602135904882,0.0588867755549798,0.0014836795252225,0.0192878338278931,0.0133531157270029,0.0652818991097922,-0.8088112094429172,0.2990468422768223,0.1747487780438873
0,0.0856146422500711,0.0796804422370001,0.0768649267431492,0.0725566254548788,0.0709324864366316,0.0055012224938875,0.0592909535452322,0.0165036674816625,0.1020782396088019,-1.2982895093465017,0.110710664531548,0.1561853210543146
0,0.0943772416644026,0.0862660062399725,0.082207387041498,0.0787600377539491,0.0787143823104029,0.010204081632653,0.1020408163265306,0.0204081632653061,0.1020408163265306,-1.5461431400182373,0.0289497155339564,0.1656776677112126
0,0.0926330472205518,0.0887040291690143,0.0839734599895773,0.079946618242397,0.077313608675291,0.0041279669762641,0.067079463364293,0.0335397316821465,0.1465428276573787,-1.6322038486341663,0.0799344251919766,0.1715238638735158
1,0.0921168037454119,0.0846350355608709,0.0787187935350303,0.0748527403779983,0.0781427943145766,0.0079713923862027,0.0750204872234224,0.0204872234224837,0.092900245846681,-1.0390631604263478,0.157830003109352,0.1900227744201826
0,0.1000009114526442,0.0927413995145936,0.0853232132442595,0.0836296466336847,0.0826901042025717,0.015639374425023,0.0921934551189381,0.0171507425417269,0.1546195295045341,-1.0408183262621145,0.1055140691558998,0.1331738309570687
0,0.0893109461274204,0.0790112734715741,0.0754375931700892,0.0737732432190999,0.0714147503706097,0.0089414479376982,0.0460051918084799,0.0151427747331987,0.0576867608883761,-1.2714346461886734,0.0614148480552794,0.1447549748840733
1,0.0742330572278105,0.067909547734869,0.0657988551427004,0.0609532350522367,0.061313555171998,0.0026132404181184,0.0827526132404181,0.0566202090592334,0.2343205574912892,-1.3251866017389449,0.0740269960698513,0.1249164601976652
1,0.0826532974485213,0.0711007597389017,0.0696881475538805,0.0669615369341814,0.0650604788922867,0.0100640439158279,0.071363220494053,0.0484903934126258,0.1161939615736505,-1.295868158888777,0.0967566477656378,0.1402258669907749
1,0.1054739929134106,0.0997731691271782,0.088723600941924,0.0828632912453504,0.0868174702021232,0.0155986509274873,0.1129848229342327,0.0598650927487352,0.1580944350758853,-1.0663535291867745,0.1836153301161169,0.1954611109482559
0,0.0931493434090722,0.0862079084560508,0.0814793562638825,0.0752445609009984,0.078709298994109,0.0195250659630606,0.1240105540897097,0.0691292875989445,0.2174142480211081,-1.322022853706952,0.1247876754243187,0.1647150334538225
1,0.0698650026019122,0.0645916374027943,0.0596098447080684,0.0588119316558599,0.0583799036562515,0.0051604579906466,0.0330591840025802,0.0101596516690856,0.0427350427350427,-1.2534202007511972,0.1026448279828134,0.1128581247627331
1,0.0839917794012349,0.0769918225178627,0.0719207435292301,0.0713905251984675,0.0680072223607901,0.0085443037974683,0.0525316455696202,0.0183544303797468,0.0854430379746835,-1.1063989109121806,0.1529485064029816,0.1715779362263479
1,0.1073498687247696,0.1062884516008394,0.0975403615856569,0.0953891990998042,0.0906933756400293,0.0434938892882818,0.1631919482386772,0.1096333572969086,0.3864126527677929,-1.4109201073171789,0.0728454928619512,0.1298415529998397
1,0.0949482038729959,0.0892453875062446,0.0805508975638248,0.0803014024793183,0.0793656642558759,0.0091653427838201,0.0494928510326286,0.011120615911035,0.0570695344005865,-1.0805164938258756,0.1410474531546595,0.1694213010638803
0,0.0519726900739587,0.042256507639632,0.042461217199996,0.0409236296656083,0.0447852308185388,0.0028873917228103,0.0153994225216554,0.0086621751684311,0.026948989412897,-1.0215220525958597,0.2189083048148119,0.1711942140171061
0,0.0760513384785262,0.0772023217744969,0.0675324870609046,0.067131741035345,0.0617566516628461,0.0091047040971168,0.0550075872534142,0.012329286798179,0.1043247344461305,-1.1055156141816884,0.1606528531089753,0.2042163574320225
0,0.0954037729792251,0.0912655091959316,0.0832692478904109,0.0795684423512922,0.0775427811003197,0.0086462450592885,0.0642292490118577,0.029397233201581,0.1237648221343873,-1.360573339607047,0.0765364681136878,0.1404641091919408
1,0.1014280710064719,0.0965441942169418,0.0908586907559172,0.0866933754203001,0.0869169897351252,0.0064412238325281,0.0966183574879227,0.0531400966183574,0.2850241545893719,-1.339976003608008,0.035770967350439,0.0925754771035004
1,0.0948252454334359,0.091087817565108,0.0817137017124348,0.0813708854382416,0.0766055039278915,0.0085852930197835,0.0526315789473684,0.0182904068682344,0.0884658454647256,-1.1187589592696163,0.1637143728610845,0.1583574067740406
0,0.0970331522742922,0.0907678843312137,0.0846611797944656,0.0805594418245543,0.0782675099473608,0.02504816955684,0.0924855491329479,0.0491329479768786,0.2283236994219653,-1.0190023354660085,0.2031273044665117,0.1472493845037782
0,0.0823193832336636,0.0736817537316917,0.0749612431942988,0.0674159342711447,0.0661257184717002,0.0,0.0218181818181818,0.0472727272727272,0.12,-1.811386014561404,0.0134587402925939,0.1093767248794192
1,0.0776538086879892,0.0715551471460197,0.067712442735687,0.0643032624278821,0.0654283667743938,0.0038498556304138,0.0510105871029836,0.0192492781520692,0.1020211742059672,-0.9948432172600412,0.1713017006156399,0.1577497711369681
1,0.0763366615090098,0.0672680333994917,0.0662924463335886,0.0632436206597377,0.0617405757617067,0.0004291845493562,0.030901287553648,0.0120171673819742,0.0729613733905579,-1.1582006727486636,0.1063357460640531,0.1273793189670384
1,0.1030392076726201,0.0978504068439484,0.0905277539955868,0.0870605232083293,0.0863133165672563,0.0250090942160785,0.1039468897781011,0.0973990542015278,0.21498726809749,-1.370658210990895,0.0744720625499272,0.1649685312437949
1,0.0849413953709818,0.0792363835568916,0.0755546983841374,0.0689508963424891,0.0713194466694709,0.0,0.0434782608695652,0.0144927536231884,0.0434782608695652,-1.2271006079740074,0.0817139902766675,0.1531426992732303
0,0.0790390278904822,0.0747008212722238,0.0688833135517462,0.0668236610380288,0.0670443205761553,0.0061432136686504,0.039546937991937,0.0182376655788059,0.0646957189479746,-1.1439708131959374,0.1140614783034379,0.157344042654117
0,0.0789407613774639,0.072897218935246,0.0694040968684782,0.066240692917487,0.0651160947040429,0.0029791459781529,0.0466732869910625,0.0244952002648129,0.1085733200926845,-1.2349738540603956,0.0840853567217,0.1259240249146852
0,0.0997201795608602,0.0913222481183955,0.0854664411023015,0.0816529157063386,0.0804295432826363,0.0065281899109792,0.0741839762611275,0.03026706231454,0.1041543026706231,-1.2608162503027494,0.1265081219391905,0.1472367627997325
1,0.096661818843731,0.0947270431253876,0.0843641844928338,0.081057407546886,0.0760919018111544,0.0114942528735632,0.0718390804597701,0.0057471264367816,0.1178160919540229,-1.225493192055356,0.1075657288567821,0.1495097480983269
1,0.0705293062701847,0.0605185387196886,0.0586366113854561,0.0556104157023333,0.058547710306968,0.0022895769733972,0.0221325774095071,0.0151548190143916,0.0625817706061927,-1.121585649449535,0.0750177460031555,0.1309631538937156
0,0.09644014089797,0.0915154590579233,0.0848638168958001,0.0815739111510291,0.0807065315952629,0.010646792653713,0.0519031141868512,0.0303433590630822,0.1216396060686718,-1.347345109556782,0.0998182067821541,0.1446320920528823
0,0.0766280496913867,0.0731999702671382,0.0675574673879583,0.0660333306540284,0.0648380524686258,0.0081549439347604,0.0652395514780836,0.0101936799184505,0.0744138634046891,-1.3528172554439173,0.0648770426420145,0.1528191668310407
0,0.0840892516252111,0.0788604534238806,0.0738438118756253,0.0716788339080761,0.0705509253301378,0.0015384615384615,0.0184615384615384,0.0107692307692307,0.063076923076923,-0.829030400550146,0.2250132906577595,0.1721021807679534
1,0.0898888395113154,0.0883388501079087,0.0810609006408529,0.0812201468846595,0.07545532450016,0.0148474017047016,0.0571899917514435,0.041792686279901,0.1583722848501512,-1.4237377442377006,0.0570707892855449,0.131418892434681
1,0.0807493728286756,0.0801033798048908,0.0767185344551293,0.0769080535282726,0.068945712095371,0.0025673940949935,0.0308087291399229,0.0051347881899871,0.0590500641848523,-1.0921035110971151,0.1962342774263928,0.1383375729326542
1,0.1044846455271658,0.0971165899250671,0.0886364182797923,0.0817250832377284,0.0880244810466278,0.0136518771331058,0.1023890784982935,0.0716723549488054,0.2252559726962457,-1.1992044576904348,0.1012583419677642,0.166224962916743
1,0.1013573843955161,0.0988864179106458,0.0930311897211494,0.0907381088601046,0.0828816721460747,0.0326704545454545,0.0866477272727272,0.0388257575757575,0.1946022727272727,-1.494288010654972,0.0660022320776068,0.1403357451557632
1,0.0846406155068667,0.0849901413765306,0.074025646121373,0.0754551519740705,0.068494767834718,0.0034340659340659,0.0274725274725274,0.0082417582417582,0.0460164835164835,-1.184818554810557,0.158702503110508,0.1517090386646099
1,0.063378178234462,0.0584272391604437,0.0555841988238475,0.0530528934355153,0.0507452574185674,0.0009084714967067,0.034521916874858,0.0038610038610038,0.0349761526232114,-1.035939490800378,0.1589536353309482,0.1570261399298181
1,0.0995722111372328,0.0947800950727256,0.0899610697243515,0.0877208118016928,0.0828116683274277,0.0128974205158968,0.0779844031193761,0.0212957408518296,0.1436712657468506,-0.8705491134162121,0.2796813680559566,0.1786425753341341
1,0.0982236015768357,0.0949890814386976,0.0866418591580319,0.0833104413127025,0.0815747122259085,0.0097914005959982,0.0412941677309493,0.0285227756492124,0.0987654320987654,-1.3315244705152278,0.0763520096881219,0.1597777363922745
1,0.1047972579714508,0.092407587749759,0.0904463288206596,0.0860639320888204,0.0846030760922346,0.0385747938751472,0.1322143698468786,0.0556537102473498,0.2573616018845701,-1.0476663781928466,0.1342827464567277,0.1463873772501795
0,0.0928012817480156,0.0928512996335241,0.0833656313811734,0.0823988146207744,0.0780589643579615,0.0057931034482758,0.0604137931034482,0.0317241379310344,0.1406896551724138,-1.4923598129670248,0.0706537358066528,0.1350075869437624
0,0.0948403843954313,0.089216757037964,0.0856092403769961,0.0796222913694299,0.0775451788433105,0.0115716389648642,0.0807910793183252,0.0262991794656006,0.1872501577950767,-1.2034306462317914,0.1903093862377586,0.148933783879036
1,0.0949650781199786,0.0922385386174447,0.0855106012499006,0.083479653297967,0.0797854986064013,0.0088179718664707,0.0390510182657988,0.0165861851774091,0.0701238715095528,-0.8647662405528567,0.2787399356669255,0.1637122086681959
1,0.0863214043079975,0.0832221057692172,0.0774360024336589,0.0724377370393397,0.0697275129857767,0.0041436464088397,0.0635359116022099,0.0220994475138121,0.1560773480662983,-1.2262819936932086,0.1063567118474407,0.1406596165706552
0,0.0765246042487561,0.0712642127508913,0.0684436245092581,0.0654594919351259,0.0638461570987469,0.0030177291588079,0.0411165597887589,0.0154658619388909,0.0607317993210109,-1.1172243635695716,0.1044171964732732,0.1620804269629554
0,0.0916592592096329,0.0802996885445143,0.0766899424744812,0.0705551234854422,0.0754290319601401,0.0129767990562327,0.0751081399921352,0.0642941407786079,0.1234762092017302,-1.2423608414950669,0.1439445814409241,0.1498023395329817
1,0.1036528788574866,0.1053182071480463,0.0941074031528619,0.0891292850047347,0.0862903585152217,0.0117647058823529,0.0585139318885448,0.018266253869969,0.1325077399380805,-1.2643060029224054,0.0944787490351289,0.1659419624645374
0,0.0865855475698075,0.0767944380205488,0.074263391050966,0.0683337454917972,0.0692608040367249,0.0037037037037037,0.1222222222222222,0.1,0.2296296296296296,-1.38758260628132,0.1126018148385267,0.1648195770985232
1,0.1061085389986052,0.0990924918979032,0.0904731674173732,0.0884343488116692,0.086186417742037,0.0144927536231884,0.0813823857302118,0.0412486064659977,0.1360089186176142,-1.2669723569831004,0.12948332283178,0.1530680631879728
1,0.0786154016519844,0.0796771042721012,0.0727856578358028,0.0699511271430028,0.0669247155492712,0.0014081455805892,0.0314124783362218,0.0089904679376083,0.051451473136915,-0.4922753036367745,0.4149831983405206,0.1962509552816156
1,0.0865637550348333,0.0793640017024287,0.0742205391727955,0.0712298233928974,0.070069399731234,0.002979737783075,0.0506555423122765,0.0119189511323003,0.0643623361144219,-1.158601705617266,0.1256851289825867,0.1564584647469653
1,0.0807297005125219,0.0729262752450287,0.069870940365404,0.0659178986865128,0.0687371757733126,0.0032751091703056,0.0382096069868995,0.0251091703056768,0.0982532751091703,-1.2892105045733817,0.1339391026396684,0.1689222382782942
1,0.0879629314333377,0.0838527095263526,0.0782055046440479,0.0740830502295451,0.0732890879045394,0.0116674769081186,0.0972289742343218,0.0590666018473505,0.16164316966456,-1.3596909351326207,0.0816620402674468,0.1445460460163834
0,0.0992642924976285,0.1004297035394323,0.0909425853534868,0.0907095765239526,0.0834082251224598,0.0094901787684837,0.0560582652836018,0.0196424630324431,0.1271242551313176,-0.5086205173562685,0.3907250276710964,0.1384509698071702
1,0.104644714779812,0.0985555476934736,0.0897412029181329,0.0881923847014453,0.0850136719157887,0.0276055211042208,0.0868173634726945,0.0352070414082816,0.1816363272654531,-1.3770865934654113,0.0748030531742837,0.1488433317033491
1,0.097109106508655,0.0879915934550068,0.0840584112788618,0.0853113192410304,0.0718828730851918,0.0097560975609756,0.0536585365853658,0.0365853658536585,0.1780487804878048,-1.111503818205357,0.1457931217591568,0.1208411012140797
1,0.0862753766640277,0.0807824697659405,0.078031392589664,0.0744141142413339,0.0696650220010807,0.0086794792312461,0.0489770613763174,0.0185988840669559,0.1140731556106633,-0.87867363716018,0.1090248681145764,0.116630405292094
0,0.0875396161841089,0.0759929229845103,0.0779526854963395,0.0698739623885852,0.0703010820997894,0.0274223034734917,0.0471257363396303,0.0361568149502335,0.238878732480195,-1.149129223471565,0.1695883372554189,0.1138205200164604
1,0.086736206513703,0.0857664475458372,0.0786931296465593,0.0771282107039541,0.0716157170157444,0.0,0.0266963292547274,0.0088987764182424,0.0723025583982202,-1.483189173842659,0.0562963365483086,0.1119380701914539
1,0.1029360605729893,0.0946744365462967,0.0881425745086241,0.0851471028509327,0.0834514432124339,0.0114613180515759,0.0811843361986628,0.0393186883158229,0.157593123209169,-1.3475544066148253,0.1204601429765108,0.1495143336579485
0,0.1097884132046166,0.114972029483035,0.0975147052768197,0.0975853631808428,0.0898058788261885,0.0207838479809976,0.1823040380047506,0.0329572446555819,0.3364014251781472,-1.1793852728881191,0.1796115172371029,0.1503075757995775
1,0.1028352846819178,0.0935099865808876,0.0947249029546982,0.0891862580481133,0.0846578291981802,0.0436046511627907,0.1674418604651162,0.0406976744186046,0.1883720930232558,-1.2811484437787124,0.0806226565794326,0.170823248086664
1,0.0786797095661523,0.0897384666354899,0.0765715595601174,0.0788066944557517,0.0732982581452965,0.0020314880650076,0.0238699847638395,0.5124428643981717,0.0319959370238699,-1.305085775505755,0.0574723720534909,0.1551764351850045
1,0.0850686570619774,0.0803548279500923,0.0754777629119822,0.0746468606177941,0.0759860401896298,0.0107449856733524,0.0967048710601719,0.0308022922636103,0.1217765042979942,-1.1143435700871165,0.151680597113256,0.1704905068205251
1,0.0934868699315616,0.0843691477203757,0.0781705333398273,0.0744585979984705,0.0751811272747284,0.0144376899696048,0.1120820668693009,0.0490121580547112,0.1576747720364741,-1.2636731705639148,0.077645971136864,0.1492851783133865
1,0.0970572255031274,0.0877414899107607,0.0851814368119456,0.0795134613260841,0.0786583665700442,0.0099573257467994,0.1156946420104314,0.0678046467520151,0.2242769084874348,-1.0340222318101202,0.2104789728368204,0.1343281615819434
1,0.101900240724545,0.0978876510394152,0.0932133831063468,0.0887239120103372,0.0847707313755777,0.0255130338325013,0.1536328341652801,0.067110371602884,0.3527454242928453,-1.4209723435959016,0.052264069993735,0.1194260425416622
0,0.0894349894553783,0.089707546544092,0.0826112039049575,0.0798923365755179,0.0737856135581571,0.0146341463414634,0.0624390243902439,0.0497560975609756,0.2526829268292683,-0.9037087411697682,0.117645889906548,0.124697160459806
0,0.0900971687470973,0.0856030804092421,0.0787837021153435,0.0752666599027314,0.0765438197091799,0.0032546786004882,0.096826688364524,0.0187144019528071,0.1025223759153783,-1.1392450986205005,0.1172355624777359,0.1604160193349397
1,0.0873878933019414,0.0809407200103859,0.0769202943015966,0.0744612092558564,0.0720621691584382,0.0071026931044687,0.0324060372891388,0.014501331754957,0.0618526191180822,-0.7704930362880718,0.2964241283670926,0.1746786861883312
0,0.0954109590980755,0.0867713103763846,0.0846122956524709,0.080445969938714,0.0789994447453792,0.0149700598802395,0.091317365269461,0.0449101796407185,0.1474550898203593,-0.6718811932588876,0.334988271289623,0.156693970251988
1,0.0926171622985145,0.0897722937147743,0.0828347146661992,0.0793669450100117,0.0752840550484934,0.0068740955137481,0.058972503617945,0.0300289435600578,0.1157742402315484,-1.4540955290135,0.1115870338439008,0.146444319404271
1,0.1054580139363187,0.1082837399171749,0.0978380419157367,0.0972399245300332,0.0859284627335718,0.013280865715691,0.0885391047712739,0.0264387604525332,0.1717904574520413,-0.979452910729776,0.0790268886806481,0.1503809555603897
1,0.0950060689535249,0.0851565935498432,0.0792140631033723,0.0783091230986857,0.0751238627979956,0.0044753853804077,0.0397812033814022,0.0139234211834908,0.056936847339632,-0.8374348190963669,0.3067659968041392,0.1678262682627992
1,0.0903606187775063,0.0884731075803394,0.0815881139620848,0.0776409266766116,0.0742394142164168,0.0066225165562913,0.0485651214128035,0.0463576158940397,0.1324503311258278,-0.8074480687504689,0.2059121916814799,0.1804687915085803
0,0.0908196921989124,0.0828905000019728,0.0776310829683638,0.0738427636062957,0.075134833867819,0.0093525179856115,0.0402877697841726,0.0201438848920863,0.0892086330935251,-0.8795707682826731,0.1612381257530738,0.1430823143969052
1,0.1047546675613663,0.1016814326322985,0.0891188718641671,0.0908711003533886,0.0893718939569735,0.0209424083769633,0.0575916230366492,0.0209424083769633,0.1151832460732984,-1.4437023812991816,0.0593473930000758,0.153038658904079
0,0.0829985484986053,0.0791746868235208,0.0738513255090163,0.0710249356403077,0.0686111725604076,0.0037112010796221,0.0390238416554206,0.023391812865497,0.0802968960863697,-1.2342127604604751,0.1326885944591067,0.1531772149408627
1,0.0955332698981017,0.085447105154602,0.0803018940527774,0.0755462213849252,0.0785786344400115,0.0167130919220055,0.1097493036211699,0.0677808727948003,0.1899721448467966,-1.321069746829038,0.1049949129496327,0.1532238906231926
1,0.104242674390493,0.0984117897766754,0.0919740696736829,0.0883410200160784,0.0884726091678586,0.0202097235462345,0.0890371782650143,0.0312678741658722,0.1414680648236415,-0.7708902306299954,0.2529198467968653,0.2077113732223199
0,0.0777358554888116,0.0733340358753118,0.0684253739149927,0.0688027642152306,0.0627282421515472,0.0029556650246305,0.0334975369458128,0.0167487684729064,0.0463054187192118,-1.1385006566908242,0.1316358514879634,0.147181999738707
1,0.1044963375091879,0.0913794906394166,0.0845380886226918,0.0813362920148251,0.0857219493925528,0.0061475409836065,0.0665983606557377,0.0491803278688524,0.1926229508196721,-1.3872828948034248,0.0955058743004554,0.1140327013743191
1,0.1010416096105817,0.0994304918455886,0.0911083269996443,0.088693331272207,0.0814375822282784,0.0260536398467432,0.0597701149425287,0.0306513409961685,0.1517241379310344,-1.5209557141014185,0.0518772073030964,0.1645041353312016
1,0.0817494734399943,0.0824784726271922,0.0770138089902879,0.0726703640943671,0.0718489362721741,0.0023255813953488,0.0465116279069767,0.0255813953488372,0.0674418604651162,-1.382633377881155,0.0724825391318681,0.1581658813993966
1,0.1133782129055725,0.1100178962354153,0.0989045166488441,0.1007339488025041,0.0890990956623314,0.0240603005041681,0.170917985324215,0.043927519592672,0.2960115808915289,-0.6836385271779402,0.3530869469819319,0.2638933252927474
1,0.099515014437404,0.0997078776440141,0.0851241476605306,0.0868971193485191,0.0807464627902991,0.0062135429875729,0.0400710119198579,0.0159776819680446,0.0556682728886634,-1.573598136537142,0.0550140657405024,0.1145178648725903
1,0.076338110243235,0.0726211432393796,0.0666977748446657,0.0636720465249696,0.0642742123266903,0.0099502487562189,0.0649530127142067,0.0140961857379767,0.0726920950801547,-1.1808271656472693,0.1239402697758651,0.1538695018605161
0,0.0442842773150213,0.0412811123260082,0.0362090570032182,0.0365373400645661,0.0358265547083521,0.0001967729240456,0.0314836678473042,0.0125934671389216,0.0365997638724911,-1.6514644663697504,0.0411372029344953,0.1531886652257247
0,0.0882774294327888,0.0780125913498843,0.077594407410066,0.075148900201061,0.0707097258819896,0.0056497175141242,0.0564971751412429,0.0367231638418079,0.0677966101694915,-0.9453928011753536,0.0433053067202994,0.1255972627099895
0,0.0885161243349973,0.0843683533506697,0.0785471570511456,0.0779412398741459,0.0698852984828226,0.0102932608273451,0.062730627306273,0.0297145076713925,0.1442998640512721,-1.6350973702851257,0.0473884655802902,0.1141523441089196
1,0.0720128490171257,0.0650099013797287,0.0659080380398084,0.0599966550402894,0.0574435498880562,0.0051679586563307,0.0335917312661498,0.020671834625323,0.1007751937984496,-1.4518343737307138,0.0689211200914354,0.1434050633816904
1,0.1074899575341586,0.1016943935658599,0.0940741296469786,0.0910480665444528,0.0889699776794886,0.0414057063326374,0.1896311760612387,0.0508002783576896,0.2185107863604732,-1.0301781168542834,0.180429590470649,0.2010984007788299
1,0.0870406429320584,0.0799619643521103,0.0760107113264163,0.0735514268760539,0.0711639034777105,0.0086178322837255,0.0719257540603248,0.0135896586012595,0.103082532316871,-1.5981435054849653,0.0335307076736491,0.1495158023016563
1,0.0924984038743146,0.0927586773900093,0.0855556740515817,0.0814917784898846,0.0788334684260559,0.0072289156626506,0.0228915662650602,0.0156626506024096,0.0746987951807229,-0.8313530916045778,0.2365098432970513,0.1463157695908589
1,0.0923739918793266,0.0884690651795886,0.0797872138907634,0.0792349448563696,0.0761200492527751,0.0111160515784793,0.048354824366385,0.0191196087149844,0.0941529568697198,-1.039429250667019,0.1468777122225034,0.145096035209474
0,0.071684850742392,0.063938758742046,0.0600420542906471,0.0585128938158907,0.0581301969692739,0.0063357972544878,0.0728616684266103,0.0232312565997888,0.0823653643083421,-1.2589404252845853,0.1091503071699973,0.1628998773934576
1,0.082057170056408,0.0732944637734731,0.0690796062580117,0.0661496381022161,0.0670053056170184,0.0020905923344947,0.0303135888501742,0.0092334494773519,0.0531358885017421,-1.127000951125814,0.1570552058596598,0.1706499934348016
1,0.0949014400834278,0.0973244720239631,0.0885460894277763,0.0865178267647807,0.0802875105975977,0.0210079889535457,0.0742676792583095,0.0327448466318177,0.1467600355064602,-1.3674252613626583,0.0950758918336503,0.1976465742223058
0,0.0947956249476092,0.0891081125049084,0.0820428395903768,0.0778076005433658,0.0815821236056638,0.0140306122448979,0.0854591836734693,0.0522959183673469,0.1811224489795918,-1.1387468519714097,0.1524848954892909,0.2050307114635908
0,0.0846928740714802,0.0809896563623794,0.0766415629070685,0.0724273869641426,0.0728565442580552,0.0036153289949385,0.0397686189443239,0.0224150397686189,0.076644974692697,-1.0149769610385777,0.1989691682668335,0.1435991915963286
1,0.10319387091041,0.0992792183586326,0.0911515800692154,0.0878411063314713,0.0858244051064872,0.013659049120042,0.1182033096926714,0.0388757551878119,0.2266876805883898,-0.9873383839498814,0.2487216966828969,0.1662594199105232
1,0.0871208745997473,0.0826097696451659,0.0762726661523417,0.0732872580037041,0.0730767412590969,0.0157480314960629,0.0573678290213723,0.0410573678290213,0.156355455568054,-1.2271767351669494,0.1245955917310722,0.1342236478228836
1,0.1013898354596017,0.100692098104386,0.0900758821771774,0.0876242702932822,0.0830798915359218,0.0121951219512195,0.0739685434237519,0.0371552313653977,0.1230909505356735,-1.1971006834586442,0.1230877525523012,0.1553706035168172
0,0.0985492309720252,0.0928546940445552,0.0843978147712931,0.0786995890283703,0.0826462099793379,0.0132850241545893,0.1920289855072463,0.0652173913043478,0.1956521739130435,-1.0209343314609247,0.1881022881678167,0.1793534281670496
1,0.0882509785011647,0.0838744903057739,0.0787758153062418,0.0767819584054801,0.0732114661692395,0.0144578313253012,0.0546184738955823,0.0281124497991967,0.136144578313253,-0.6270642755794168,0.2025782377201021,0.1738133723919847
1,0.0805649314026794,0.0735901175840109,0.070369804003046,0.0679868109491163,0.0653107266686572,0.0039577836411609,0.0263852242744063,0.0175901495162708,0.0765171503957783,-1.6506707499625652,0.0381839310891926,0.1287459487014548
1,0.0878950482634541,0.079251643393465,0.0751731309103632,0.0687006666715903,0.0729045677374656,0.0148577784840298,0.0670586365803273,0.0518035912919116,0.1690767519466073,-1.1566428786374772,0.1576564004976112,0.1707814759673643
1,0.0817978307671789,0.0757683062816619,0.0727669329798122,0.0725098038736854,0.068634314765147,0.005656108597285,0.0316742081447963,0.0214932126696832,0.0599547511312217,-1.1680298389875554,0.1058924011801476,0.1503721283278863
0,0.0938609105548927,0.0919082431239782,0.0853653024095569,0.0863557824232878,0.0756574335082745,0.0072992700729927,0.0565693430656934,0.0200729927007299,0.1076642335766423,-1.088146681505304,0.1189153864748431,0.0786469845981003
1,0.1001477838487421,0.0906448517199026,0.0852142362017854,0.0795909763733508,0.0845749901607478,0.0075253762688134,0.0952047602380119,0.0393769688484424,0.1165558277913895,-1.2478195536268335,0.1313942138409563,0.1689860571964158
1,0.0975269967336616,0.0976000320439074,0.0908477348554746,0.0863363151039046,0.0853922174298469,0.0252182347235693,0.117846750727449,0.0834141610087293,0.1998060135790494,-1.230622356667898,0.0680674837256167,0.1419016919868887
1,0.0793011626522612,0.0723936192922506,0.0677038082290381,0.0641231011301065,0.0681968948081289,0.0055931018410626,0.0400838965276159,0.012584479142391,0.0505709624796084,-1.225200583464985,0.1545849511935203,0.2377502207541266
0,0.0907413020552918,0.082782344431357,0.0786466666359866,0.0789157934739604,0.0708275509633464,0.0048367593712212,0.0405078597339782,0.0126964933494558,0.085247883917775,-1.0695627914501662,0.1894491449073347,0.1652240748468177
0,0.1060535643693028,0.1068483077794752,0.0917144839077175,0.0901466374002153,0.085186993905014,0.0051948051948051,0.0574314574314574,0.0265512265512265,0.1422799422799422,-1.1765732334880747,0.1560338576933094,0.1554601398380332
1,0.0956531688277295,0.094022348433787,0.0878198066358529,0.0874332884075773,0.0805401122039176,0.0066365007541478,0.0877828054298642,0.008446455505279,0.098340874811463,-0.9430009989713086,0.1570062030118572,0.1604237777312518
0,0.1043151509026108,0.0976095225415175,0.0903567424596597,0.0862655230603977,0.0863690147417848,0.0174672489082969,0.1690580162195882,0.0767311291328758,0.3006862133499688,-1.188348521474211,0.1618617159326992,0.182489198966106
0,0.0912021905681748,0.0825634579039128,0.0773733534489865,0.075153238956845,0.0727423728683994,0.0030946065428824,0.036472148541114,0.0185676392572944,0.0755968169761273,-1.2668399305095543,0.1385866835322614,0.1478032036664688
0,0.0984942742950036,0.0859794642490554,0.0803249205521021,0.0768232018941366,0.0784058238759363,0.0133882595262615,0.0538963268108479,0.0334706488156539,0.1412633024373498,-1.3241532486746308,0.1118271359242728,0.1558602701859121
1,0.0919540441496076,0.0887401876247578,0.0826321822237445,0.078031562340537,0.0783683076969412,0.0187061574434918,0.0802805923616523,0.1044427123928293,0.2190179267342167,-1.342936845724558,0.1425977311887783,0.1265841251174157
1,0.0950664509335296,0.0855035815038901,0.0804731762164179,0.0791018738107959,0.0774620049502119,0.0144284128745837,0.076581576026637,0.0566037735849056,0.1342952275249722,-1.4109632009566042,0.0501181389366037,0.1772362468897028
0,0.084660921675315,0.0787225504255584,0.0732685808273194,0.0694630884366955,0.0746458230204153,0.0035714285714285,0.0214285714285714,0.0125,0.0696428571428571,-1.1246149380696853,0.1228559778669017,0.1631414576622462
0,0.0888673808030158,0.0791067390631508,0.0779098884596661,0.0744461678513267,0.0724574818317236,0.0023076923076923,0.0176923076923076,0.0138461538461538,0.063076923076923,-1.2657048598199705,0.147218660858962,0.0885392135542923
0,0.1041563437694851,0.0976126303218848,0.0889147783934113,0.0878538182749461,0.0879904055202862,0.0306948504609849,0.1163705869125253,0.0363166179446818,0.1667416235664492,-1.262195335304219,0.1224440076241995,0.1651354471291823
1,0.0974083193302117,0.0925732046688452,0.0875804617456217,0.0835807013330181,0.0800068371170573,0.0077745383867832,0.0592808551992225,0.0262390670553935,0.1477162293488824,-0.5918428432385929,0.3738919785454434,0.1638535847060079
1,0.0994491254295947,0.090691714123211,0.0844886880173857,0.0819298775459808,0.0800051243616885,0.0099818511796733,0.1415607985480943,0.0190562613430127,0.1252268602540834,-1.265001794522861,0.073055305281589,0.1599581307766742
1,0.0836564261725715,0.0804040900898129,0.0765790883554943,0.0760807261456395,0.0664812270024278,0.0071428571428571,0.0282312925170068,0.0204081632653061,0.1085034013605442,-1.3022197294924298,0.1417552158365523,0.1270017080887313
0,0.1046028175970661,0.0966791644083574,0.0923847433728496,0.0887874873696445,0.0871930669354348,0.0379353233830845,0.1156716417910447,0.0907960199004975,0.2369402985074626,-0.7313761107917294,0.3218952415253944,0.1419071793413258
1,0.1032343785861577,0.0989504985286478,0.0904640153776205,0.0866050171759151,0.0858633700586923,0.0160233066278222,0.0852148579752367,0.0314396698227725,0.1565914056809905,-0.8934221737559483,0.1828415625625528,0.2112940538942083
0,0.092072407663321,0.0870937841657038,0.0825774824693265,0.0806468732521405,0.0729326200526757,0.005089058524173,0.0190839694656488,0.0318066157760814,0.1284987277353689,-1.4359194841543743,0.0668010019218128,0.0890431921379563
1,0.1024896034010772,0.097860574547526,0.0896753016604986,0.0845822744151527,0.0845766987098247,0.0243572395128552,0.15787099684258,0.0487144790257104,0.1876409562471808,-0.9908910708647476,0.143163129036526,0.1253753272394263
1,0.0742101375851305,0.0687148925122752,0.067058789930994,0.0627991722406086,0.0605136418024031,0.0079928952042628,0.0559502664298401,0.0150976909413854,0.0461811722912966,-1.118570212646777,0.1562598394126077,0.1538363132821293
1,0.1090508034794501,0.1001031960932414,0.0937459400527452,0.08522323241884,0.0925135672495153,0.0189573459715639,0.1076506431956668,0.0629654705484089,0.2085308056872037,-1.294449595327002,0.072474189185698,0.1762111088672442
1,0.087147273068452,0.0824841276889744,0.0759993571141668,0.0740107380344109,0.0729399517176647,0.0058437856328392,0.0394811858608893,0.0066989737742303,0.0748289623717217,-0.4317990557484455,0.4385070238333468,0.2088016303787291
1,0.0855226519669566,0.0805098002412639,0.0766076627380907,0.0758302228296193,0.0721853300778179,0.0188679245283018,0.1185983827493261,0.0471698113207547,0.2115902964959568,-1.112244509661497,0.1094957302712361,0.1658719628055826
0,0.0775961277421644,0.0711861243949164,0.0677075321226041,0.0663975445553095,0.0633507278824748,0.007072135785007,0.0608203677510608,0.0212164073550212,0.0792079207920792,-1.243960137435547,0.1157227975430426,0.1282138570408029
0,0.0964196969232823,0.0943526610917469,0.0886072715818806,0.0845478633056253,0.0794815164851759,0.0221066319895968,0.1469440832249675,0.1586475942782834,0.4980494148244473,-1.7326124178221876,0.027788904071086,0.1162459031610372
0,0.0912391482712333,0.0889015732990033,0.0810837887926752,0.0775597602649045,0.0760053141452782,0.0114436619718309,0.0704225352112676,0.0237676056338028,0.102112676056338,-1.147523577633634,0.1447675244856177,0.1649263815611944
0,0.0913441264913717,0.0863337289470443,0.0827975598044121,0.0797238068214649,0.0766705756406002,0.0215916101172116,0.0876002467612584,0.0357803824799506,0.1388032078963602,-0.8512801655997272,0.2735838968800669,0.1330213501056581
1,0.1042005059421863,0.097863255812218,0.0891922488831058,0.0851308272363089,0.0844826548227364,0.0416666666666666,0.1686507936507936,0.0902777777777777,0.3055555555555556,-1.082558978504914,0.1456600903779744,0.1520435860206244
0,0.0955711357969549,0.0913173736058322,0.0836244430277944,0.0807591423459741,0.0797641453980692,0.020903322135125,0.1530421799178798,0.0350877192982456,0.1791713325867861,-1.3727879971852917,0.0474725717841873,0.1415050620791717
0,0.1004485374304507,0.0991587785636042,0.0900275047662,0.0890681345714906,0.082269326412884,0.0165394402035623,0.1679389312977099,0.05470737913486,0.2544529262086514,-0.9198642496470028,0.2542824087588811,0.155498675510568
1,0.09491316600502,0.0865983500213211,0.0843155848526275,0.0807535216073867,0.0802041899100363,0.0181091251175917,0.0910159924741298,0.0559736594543744,0.2539981185324553,-1.2041999303559838,0.1353816136559617,0.1462310665940388
1,0.0889008571186305,0.0831335125125346,0.07747354899433,0.0746790541646227,0.0721390396096538,0.0050348567002323,0.0290472501936483,0.0145236250968241,0.0888845855925639,-1.262516954932494,0.0927970449788081,0.1264132816188098
1,0.0703829991097267,0.0693086162663551,0.0644400485613677,0.0603410851022986,0.0606425446319823,0.0036275695284159,0.0350665054413542,0.0120918984280532,0.05683192261185,-1.1211407843670629,0.1767579536190464,0.1272597392049431
0,0.1072011567758765,0.1076262987061821,0.0939022423937356,0.0891163842735988,0.089874857766495,0.0254422914911541,0.1428812131423757,0.0426284751474305,0.2235888795282224,-1.3594860825346766,0.0961111363719356,0.1537374631623053
0,0.084638501469958,0.0771570796620579,0.0767276533358272,0.0694405932211438,0.0701380650597576,0.0049576533774013,0.0415203470357364,0.0295393513736831,0.1158851476967568,-1.249679605304099,0.1279435433481242,0.1482950550673157
1,0.0998282023977995,0.0961174994006034,0.0880171667503015,0.0844567087136379,0.0836183697445436,0.0228509249183895,0.1099020674646354,0.0554951033732317,0.2056583242655059,-1.2674064614033145,0.121748089059135,0.1630786625045277
1,0.1004939470777219,0.0998034024154849,0.0914842261044998,0.0903925515878041,0.0847495630738752,0.016016016016016,0.077077077077077,0.0285285285285285,0.1426426426426426,-1.3812468417356878,0.067722490365476,0.18670816797326
1,0.0955126448300463,0.0866088739758585,0.0814371983557104,0.0774326456570649,0.0793064810342748,0.00278940027894,0.0404463040446304,0.0158066015806601,0.0869363086936308,-0.9518776181244532,0.2485353075648166,0.1645071725487667
1,0.0843759687062212,0.0817279814533359,0.0768064612952987,0.0744156605689229,0.070438835909174,0.0132336018411967,0.0759493670886076,0.01409666283084,0.0794016110471806,-1.3050427377750529,0.0948012442350274,0.1481443636567751
1,0.0950453579801737,0.0919097971167233,0.0860684343111794,0.0837125900857964,0.0815187181166384,0.0249025758007793,0.1298355669613154,0.0284193517726451,0.1587301587301587,-1.074351037051496,0.1231800004848077,0.1706740407771574
1,0.0891141027681875,0.0838428828299072,0.077083516855905,0.0739045070734891,0.0744475933362718,0.0021551724137931,0.043103448275862,0.013739224137931,0.0708512931034482,-1.2373757209609322,0.1225025194865522,0.1384009515610182
1,0.075870113457514,0.0712989469172667,0.0668333137355012,0.0629902768849135,0.0624323141544086,0.0064874884151992,0.0509731232622798,0.0083410565338276,0.0667284522706209,-1.2042035280789571,0.103873361709558,0.1659325994493912
1,0.1017841833583832,0.0951017100343511,0.0867641174748226,0.0831724297845407,0.0850593950088455,0.0099771949828962,0.089224629418472,0.0236602052451539,0.1140250855188141,-1.0552690585949691,0.1898314086037858,0.2286788497538657
1,0.097479059713122,0.0914118439378265,0.0872751032932092,0.0819252997596335,0.0817605872417276,0.0154130702836004,0.0918618988902589,0.0542540073982737,0.2459926017262638,-1.3506568165106354,0.10761706489917,0.1621386084023216
1,0.0951097706226918,0.0922922151494504,0.0846204643966102,0.0818591106011399,0.0804430566970046,0.0203951561504142,0.0694710006373486,0.0478011472275334,0.1912045889101338,-1.3344363414053912,0.0993796810542991,0.1435325966366676
1,0.0778638853771396,0.0722940782401644,0.0639908250445671,0.0650629553373705,0.0643181237777603,0.0043383947939262,0.0173535791757049,0.0130151843817787,0.0336225596529284,-1.5592356796841211,0.0377183644756166,0.1743196921099987
1,0.0856278460645089,0.0803009479097619,0.0758895054379757,0.0728805075918549,0.0685064997792272,0.0176366843033509,0.0582010582010582,0.0317460317460317,0.1199294532627865,-1.121264074548443,0.1642454992304851,0.1679376744628536
1,0.1075602623913328,0.1016642433933056,0.092288027043156,0.0885728804952715,0.0873695062710054,0.0248743053717914,0.1270177295580841,0.0336067742789097,0.1510981741201376,-1.182602226167933,0.1656370169629388,0.1620471646992153
0,0.0923964183645799,0.0898704793957946,0.082908745415005,0.081125380795406,0.0753647146427017,0.0132758048456687,0.0595751742449386,0.0300365084633255,0.1342515765018254,-0.6189209717399946,0.3590521943104441,0.1309832914639464
1,0.1014169856602358,0.0929755021079333,0.0877056792229934,0.0833889388790761,0.0823852077637686,0.0244811069717935,0.2490686535391165,0.0718467269824374,0.3320915380521554,-1.3562719447740468,0.1080439213925991,0.1569373775519238
0,0.0915201249581604,0.0803081153788489,0.0756686110983356,0.0732596832657721,0.0722266864139731,0.0085119554283061,0.0515360210477443,0.0331192447574092,0.0958755706879207,-1.1848575222131144,0.1345863492205957,0.1562906097753232
1,0.1029376407064473,0.1077571550728967,0.0965757129241434,0.0963216083652917,0.0850712378743706,0.0222868217054263,0.0998062015503876,0.0445736434108527,0.2428940568475452,-0.9395795119454456,0.061989137827946,0.1476825887394319
1,0.0984178258482439,0.09101720095661,0.0813658827478951,0.0783682851340015,0.082706015355206,0.0109606705351386,0.0834945196647324,0.0470664087685364,0.1660219213410702,-1.2935443649485685,0.1013071642771801,0.1648266487906056
1,0.1017589450369241,0.0972865969035968,0.0938587820461659,0.0916919027467402,0.0831164299137224,0.0074183976261127,0.0341246290801186,0.0074183976261127,0.0979228486646884,-1.3285551301217329,0.0878920996748502,0.1389789934322057
1,0.0991804722047885,0.0910293003650037,0.0892739945818978,0.0822465106221883,0.0803611691697364,0.0077021822849807,0.1078305519897304,0.027599486521181,0.1887034659820282,-1.7289038025564245,0.0282880415788323,0.1529736500101519
0,0.090690048259237,0.0833534328584101,0.0811576569911511,0.0762611547747686,0.0713279973049373,0.0103986135181975,0.0866551126516464,0.0901213171577123,0.2478336221837088,-0.8796678865159617,0.1830862880611392,0.1208108182398539
1,0.0568094773944228,0.0524669531053317,0.051176881333794,0.0495057063293043,0.0477819349832954,0.0059443393677384,0.0351256417184544,0.0305322885706565,0.0551202377735747,-1.009894150897474,0.1730624228686451,0.1674194171726078
0,0.0852992488286227,0.0816989261672945,0.0771753354412713,0.0735884822513594,0.0683692263034159,0.0028517110266159,0.0456273764258555,0.0247148288973384,0.1349809885931558,-1.4055193425236945,0.090326866221724,0.1088620875716663
0,0.080847322734013,0.0738717958313479,0.0689170938483587,0.0658054568764997,0.0661410233412242,0.0035870243293824,0.0202744853399875,0.0104491578290704,0.0636306924516531,-1.2452455951607089,0.1374040335653404,0.1652845720129254
1,0.094020838124866,0.0863753043097059,0.0825844642229027,0.0784456358965146,0.0778887833820705,0.0188195038494439,0.1154833190761334,0.0615911035072711,0.1881950384944397,-1.154571202425458,0.1433894071488259,0.1781201160647375
1,0.1082721761279614,0.099394869890978,0.0910156590955722,0.087395092450055,0.0892215847789519,0.046982291290206,0.157571376942537,0.0834839176002891,0.2378026743765811,-1.3969679427167567,0.1010709587729256,0.1603772170476906
0,0.0971726275526375,0.0889330312072635,0.0873327427357096,0.0820315716785007,0.0794532296119028,0.0167064439140811,0.116945107398568,0.2315035799522673,0.2482100238663484,-1.1554158654754891,0.1507070926122154,0.1455022994540225
0,0.1083618786274295,0.103969449416705,0.0946967371844891,0.0927913602664445,0.086242324407949,0.0638297872340425,0.2659574468085106,0.2127659574468085,0.6808510638297872,-1.4723199775964786,0.075430053156567,0.1264283051080404
0,0.0566972527211216,0.0543590255073977,0.0507752863693158,0.054196457393265,0.0462227191635525,0.0045871559633027,0.0137614678899082,0.0045871559633027,0.055045871559633,-1.864501984709217,0.0170099381095732,0.0871282609808746
1,0.0762450658203133,0.0629432391846475,0.0608516731901896,0.0612293862363202,0.0694751406758175,0.0009891196834817,0.0138476755687438,0.0009891196834817,0.0445103857566765,-1.1312541126694076,0.1168855549478697,0.1748781270814283
1,0.1086154455110235,0.105760037919975,0.0943937217925348,0.0930236712835789,0.0896988647538836,0.0155509875770846,0.1349539726517115,0.0265439270712306,0.1471087675395477,-1.3097529611908951,0.1103977647691901,0.1607074079939433
1,0.0892355354558729,0.0782641763854796,0.0728526043860158,0.0700701101910777,0.0722110437501082,0.0044722719141323,0.0983899821109123,0.0205724508050089,0.0983899821109123,-1.1851325775120969,0.1177197787864107,0.1391256717134599
0,0.0810956805889303,0.0793580250306524,0.073718466271032,0.0699537820309859,0.0698895009241346,0.0061287027579162,0.0643513789581205,0.0143003064351378,0.0776302349336057,-1.1218370613415694,0.1083234056534695,0.1867717792310362
1,0.0946154231667167,0.0895806271232949,0.0838218434861955,0.0788698800919262,0.0787235040519374,0.0049701789264413,0.0606361829025844,0.0218687872763419,0.1133200795228628,-1.166393819731974,0.1088204369848597,0.1626349814155518
1,0.0703397447915516,0.0632435617868153,0.0587357128897067,0.0554138784766704,0.0617363051718473,0.0013755158184319,0.0550206327372764,0.0027510316368638,0.0591471801925722,-0.8160895824396173,0.1923173061765063,0.1797872415198359
1,0.0970683577320509,0.0961563531167328,0.0859213967432245,0.0818639193417387,0.0809535102292103,0.0129729729729729,0.105081081081081,0.0235675675675675,0.1615135135135135,-1.4222569273715957,0.0765081841383194,0.1395736731631069
1,0.0727953614747753,0.0668348807462333,0.0630538980448987,0.0586310114471563,0.061948850368907,0.0022683084899546,0.0560596241088788,0.0165262475696694,0.0560596241088788,-1.093605689798706,0.1015319187338702,0.1622714520294194
1,0.0986824240369632,0.0934805107014607,0.0847303742683102,0.0823730512352921,0.0813721573831165,0.0128824476650563,0.0713902308105206,0.0348899624261943,0.1529790660225443,-1.3609458328676596,0.1302972911366407,0.1618557587868737
0,0.0841704694256044,0.0770291508522695,0.077978707783005,0.0712152373510062,0.07111945900794,0.0066889632107023,0.0167224080267558,0.0234113712374581,0.0568561872909698,-1.2803566907269333,0.1145849817830705,0.1465530806814438
1,0.0948850934278625,0.0884482178887016,0.0797824154622015,0.0781783126341438,0.0776201145567627,0.0055147058823529,0.0603553921568627,0.0119485294117647,0.0989583333333333,-0.9012843192910884,0.2202423297685865,0.1962398833156808
1,0.0867456519624613,0.0765816373458012,0.0733997316414738,0.0739572452164414,0.0720867676501138,0.0036585365853658,0.0335365853658536,0.0115853658536585,0.0597560975609756,-0.9048601366986092,0.1956922345728362,0.1333421031986939
1,0.0740868720432108,0.0734616991825152,0.0690540866809652,0.0709615569888374,0.064972940878753,0.0030228084638636,0.0343500961802693,0.003572410002748,0.0412201154163231,-1.113301028447907,0.1215017356141343,0.1468056558382268
1,0.0885825724002347,0.085650019771478,0.0805647530491985,0.0750366164316922,0.0723904779402313,0.0143646408839779,0.0497237569060773,0.0165745856353591,0.1082872928176795,-1.4959463617428546,0.0538435873289497,0.1360408415624047
0,0.1086185307462968,0.1019935084381534,0.0976639650427108,0.0915163492141943,0.0918533136580748,0.0263396911898274,0.1662125340599455,0.2806539509536784,0.6948228882833788,-1.2497204773138286,0.1042014583046868,0.1690179571515692
1,0.098521876747064,0.0891418427623146,0.0894085753719635,0.0849624488519289,0.0836051701347573,0.0094191522762951,0.0784929356357927,0.0282574568288854,0.1726844583987441,-1.393287242162737,0.1000488063874553,0.1709220299840398
1,0.0907524920576475,0.0813596435928324,0.0764825162397891,0.0720444644106095,0.0745371361913247,0.0096618357487922,0.0427881297446514,0.0177133655394524,0.1104209799861973,-1.200302614732572,0.1370478974670702,0.1646816193713587
1,0.1003551164441464,0.0935578492132783,0.0906933578771669,0.0833925535520345,0.0786891463805412,0.0,0.0588235294117647,0.0252100840336134,0.1512605042016806,-1.257000656178659,0.1411006704457441,0.137063671354251
1,0.055097885541867,0.0476608004204148,0.0470175992705479,0.0449834425620984,0.0427620692961335,0.0008658008658008,0.0095238095238095,0.0043290043290043,0.0242424242424242,-0.6356105312252363,0.1849063637104958,0.1595619596713574
1,0.080159933860475,0.0760489063367231,0.0690892577131673,0.0670907246156482,0.0678717219601681,0.0021479713603818,0.0484486873508353,0.0088305489260143,0.0668257756563245,-1.216591448517614,0.0732087878030875,0.1406206940303128
1,0.0901621219680313,0.0868533376624208,0.0846642623880443,0.0820769498074158,0.075587357077324,0.0113122171945701,0.0520361990950226,0.0407239819004524,0.2036199095022624,-0.6471618006789169,0.3588685730020204,0.1818639014984905
1,0.0879874293409088,0.0859583611566309,0.0812929361163891,0.0779775488434742,0.0736401792017969,0.0051094890510948,0.0616788321167883,0.025912408759124,0.1332116788321168,-1.267705069029999,0.0506338544745226,0.1190279672046736
0,0.1040534855401503,0.0997736935733644,0.0888402253495196,0.0858033701813261,0.0870540719014146,0.0077062556663644,0.0661831368993653,0.0240253853127833,0.1006346328195829,-1.000860677188166,0.1879980073584207,0.1727019322648767
0,0.1074474629069737,0.107911657205526,0.0947738672350514,0.0939532102302342,0.0855345297094282,0.017643352236925,0.0806553245116572,0.0283553875236294,0.1909262759924385,-1.3632400768647157,0.073224184329781,0.1603625853536067
1,0.0760043917478516,0.0765816748294633,0.0687471067255288,0.0671117197651882,0.0631428417491713,0.0013779280972065,0.0182888638356507,0.0071401728673431,0.0435926343479894,-1.39886365325784,0.077213708670784,0.1154422597281972
0,0.0797095315182139,0.069083732283338,0.0676004280377276,0.0666860320488715,0.0628415008265837,0.001696352841391,0.0262934690415606,0.008481764206955,0.0517387616624257,-1.0595330263616165,0.1932907188226887,0.1562510641447214
1,0.0964942227776717,0.0931140265548757,0.0852855429073388,0.0808774815166271,0.0820935579217577,0.0122565708838349,0.0975078305869535,0.0224703799536973,0.0901538880566526,-1.3223924565463951,0.1038951867856746,0.1577738887241617
0,0.082880962160632,0.075998041685639,0.0731402972489204,0.0704851534613233,0.0676399708877605,0.012912673056443,0.0648296059637912,0.0244941427050053,0.1115548455804046,-1.278969465457802,0.073686179743004,0.140718908882583
0,0.0947202880111555,0.0868918506133218,0.0845181538796032,0.079030618034809,0.0780880342090832,0.0116563816240572,0.0808110490743461,0.0306592222548731,0.174845724360858,-1.4752603599971286,0.0979705840283723,0.139028711535163
1,0.0647063576807297,0.0639827668683411,0.0553957713977339,0.0535069817696021,0.0553347785457076,0.0013522650439486,0.0290736984448952,0.0060851926977687,0.0317782285327924,-1.1302649038958323,0.1323745042678319,0.1517997860692765
0,0.0963594417002442,0.0893137635514343,0.0821929831377311,0.0807574109355322,0.0811863358282132,0.0173160173160173,0.1774891774891775,0.0303030303030303,0.1255411255411255,-1.2079398160576849,0.1461778112531472,0.1553123695471865
1,0.1115639167927919,0.1059677123999966,0.1003789640320684,0.0946548810146827,0.0952237603709645,0.086810551558753,0.2556354916067146,0.1947242206235012,0.4321342925659472,-1.179371153142821,0.0808525891496223,0.202112405979199
1,0.1026644848940875,0.095470853843256,0.089580341265758,0.0825336018499166,0.0889407729985605,0.0431266846361186,0.1576819407008086,0.0700808625336927,0.3490566037735849,-0.8324983198568344,0.2302418696867867,0.196412896490722
1,0.0895245482293005,0.0839671482534496,0.0788706596315159,0.0747592461613843,0.0736404571160334,0.0048409405255878,0.0366528354080221,0.0248962655601659,0.0937067773167358,-1.3501988021497549,0.0990774789555496,0.1573596239554283
1,0.0997524427218104,0.0950681963776938,0.087998197953621,0.0843832231704904,0.082458544737049,0.0093713393205778,0.092151503319016,0.0425614994142912,0.1323701679031628,-1.4219824945310804,0.0667448457137773,0.1580388333778731
1,0.0947832738774455,0.0884065936181654,0.0844587390508786,0.079924885425329,0.0778618527927449,0.0126991456938351,0.0705957053798199,0.0435811590856615,0.1428653890556453,-1.330263324074047,0.0845478708691776,0.1382214601814432
0,0.0959886487412647,0.0888227454309007,0.0834924700440452,0.0786688756022131,0.0793840400949101,0.0175842936406316,0.0918480580452411,0.0537772087067861,0.172940674349125,-1.2912853180666015,0.0641391291227753,0.15371391081287
1,0.0831187922886095,0.0768876409087395,0.0741708710001738,0.0701241705157616,0.0706754480871208,0.0037037037037037,0.0328703703703703,0.0111111111111111,0.0564814814814814,-1.3862720390842127,0.0748780945399323,0.2564164916332019
1,0.1060989403102631,0.1049391886435504,0.0957734367631436,0.0936062385159294,0.0900847592104062,0.0256750774679061,0.1447543160690571,0.0528995130588756,0.1976538291279327,-0.5529297523254323,0.3878022437280998,0.1924145505822498
1,0.0628252413546545,0.0578183394924699,0.0571688501854772,0.056012159250094,0.0514371424870832,0.0045078888054094,0.0255447032306536,0.005259203606311,0.0262960180315552,-1.1330084101352216,0.1043565493780901,0.1571983546608673
1,0.1010791407489372,0.0931676736966105,0.0874716686958543,0.0841783767049454,0.0843661370631954,0.0393939393939393,0.1537878787878787,0.1015151515151515,0.2757575757575757,-0.7923838552032797,0.2851781003797454,0.1686083829912938
1,0.0774574834019777,0.0692662213813593,0.0650469010932464,0.0628872660206936,0.0641263719508859,0.0252707581227436,0.0553549939831528,0.03971119133574,0.0746089049338146,-1.1834781318109782,0.0604939881196287,0.1464000611460312
1,0.0950039117106236,0.0914117210601693,0.0870600600201132,0.0832280252319938,0.0810732968629906,0.0394736842105263,0.1549707602339181,0.0657894736842105,0.2222222222222222,-1.3277186091807662,0.1024628558564336,0.1612559486365902
1,0.0937441779996507,0.0896436244210417,0.0850383253173495,0.0811092073772605,0.0763932098043913,0.008904109589041,0.0753424657534246,0.0184931506849315,0.1020547945205479,-1.1552413823882803,0.0853238895272657,0.1230352496667887
0,0.0909147094841147,0.0845452158758683,0.0794177578164726,0.0771866036656842,0.076996385623942,0.0035523978685612,0.0763765541740675,0.016873889875666,0.0772646536412078,-1.2632459487386618,0.1189140392512986,0.1599570858769132
0,0.0903233177138062,0.0793036203540739,0.0767321794452205,0.0710323972902635,0.0745072068217942,0.0038022813688212,0.0684410646387832,0.0456273764258555,0.0798479087452471,-1.040057504450847,0.1329733578983641,0.1706397573421644
0,0.1008394170798361,0.0992013152784996,0.0876997374441964,0.0863826406134457,0.0830169277582265,0.0064123643538309,0.0761262742518908,0.0157842814863531,0.1014468924695823,-1.376302995725167,0.1057589829379104,0.1685099667639877
1,0.10833795067683,0.1005641877150012,0.0921650792505943,0.0875755834549843,0.0911004679772085,0.0292365998917162,0.1257895686699151,0.0514347590687601,0.2441797509474824,-1.1482994233830868,0.155682273178241,0.1772271080197338
1,0.075346227597548,0.0715031045065452,0.0682959326725566,0.0666428233508669,0.0644060027184757,0.0056856187290969,0.0494983277591973,0.0110367892976588,0.054515050167224,-1.4177961543988062,0.0612641103263737,0.1801964344670264
1,0.0859058072709503,0.0817173418599227,0.0775112059118015,0.0725021259609537,0.0722457824985927,0.0076923076923076,0.0897435897435897,0.0461538461538461,0.1589743589743589,-1.0243425959457553,0.2460035540693962,0.1722386529675067
1,0.0990256813158922,0.0946210012615568,0.0893155493988515,0.0824177370816366,0.0841966157567181,0.0322244337029665,0.1655767225855369,0.1454838403942754,0.2806369064543645,-1.1931599436537998,0.1196033062883385,0.1951305952510293
0,0.0935850908585094,0.0831789097328009,0.0821365408556886,0.0771855328470784,0.0717011304079891,0.0068728522336769,0.090721649484536,0.1326460481099656,0.1003436426116838,-1.2246538474278197,0.1500065096287424,0.1327024466841066
1,0.0963328795878431,0.0960101046599125,0.0884594721375723,0.0854854632072387,0.0818859546218961,0.0300429184549356,0.1931330472103004,0.1759656652360515,0.3133047210300429,-1.401520962574797,0.09263441271298,0.1360400482948562
0,0.1013871426781383,0.0961894406636409,0.0872286560257135,0.0830053566274495,0.0818836263505257,0.0123750594954783,0.1128034269395526,0.0747263207996192,0.2175154688243693,-1.163563683908597,0.1498625690870171,0.1349022611745899
1,0.1017199876068931,0.0983342942089445,0.0957370778876233,0.0952031013566996,0.0801332116242888,0.0420687948527592,0.173966839891116,0.0611234842860678,0.3150210343974264,-1.1084637883928534,0.1054074554544182,0.1362986244963766
0,0.0934382130221373,0.0877531334646805,0.0788241540472085,0.0766273695051494,0.0778007079998833,0.0066428206438426,0.0648952478283086,0.0286152273888605,0.0950434338272866,-1.214351854746449,0.099405060201205,0.147260221144026
0,0.0991609513799421,0.098035290362635,0.093272554764403,0.0894670744314432,0.0835735716689153,0.0134716630535769,0.0661195416537627,0.034995354598947,0.1731960359244348,-1.018612734814222,0.2216742704740298,0.1384194628621926
0,0.0866925245708659,0.0762190426451574,0.0744758614024865,0.0691918251835207,0.0703232932126885,0.0075657894736842,0.0559210526315789,0.0453947368421052,0.1157894736842105,-1.0855237982799992,0.1967229074834744,0.1523142740465159
1,0.0941840390856208,0.0855318890886438,0.0787192891161053,0.0755474955164641,0.0758568994388947,0.0152268489745183,0.0643256681168427,0.0164698570540708,0.1302050963331261,-1.2971050857117457,0.1006031350847058,0.1566653230892146
1,0.0891289327042531,0.0843331033748631,0.0767908088936723,0.0726148707873671,0.0810782536838592,0.0104895104895104,0.0428321678321678,0.0393356643356643,0.1118881118881118,-1.3158181985107005,0.0749425646497199,0.1597581654299568
1,0.0945147263963129,0.0875458321020602,0.0810457044309886,0.0778992914858089,0.0789142458062196,0.009009009009009,0.0645645645645645,0.036036036036036,0.1591591591591591,-0.8874550153042289,0.2726509028367694,0.1804954652517563
1,0.0981610193509133,0.0900437278202036,0.0846348367838747,0.0802675003672583,0.0842755898714852,0.0137857900318133,0.0890774125132555,0.03544917436752,0.1563399484926526,-1.3008996076648522,0.0957269263201266,0.1588560736026478
1,0.1012376028895745,0.1015421912214365,0.0907555197405646,0.0885663226725965,0.0884892395796489,0.0210982658959537,0.1231213872832369,0.0315028901734104,0.1635838150289017,-1.30292486896725,0.1163241494851897,0.1738140277900059
1,0.0916783919930443,0.0822980447065055,0.0792188858030174,0.0740935570193407,0.0740417036003475,0.0116738843908868,0.0431180568631142,0.029184710977217,0.1308604782526831,-1.353538166660574,0.0758573403769632,0.1504940296969691
1,0.1039318667224494,0.0990067258470046,0.0895145630508832,0.0872532976556555,0.0861160291597574,0.0024937655860349,0.0997506234413965,0.0311720698254364,0.14214463840399,-1.2818309186262575,0.0927492845919423,0.1705808773897209
0,0.1033584885967151,0.1037202401421697,0.0891044071065049,0.0866752060919309,0.0829973718214365,0.0142140468227424,0.0727424749163879,0.0326086956521739,0.157190635451505,-1.6599600088219582,0.0677404621372759,0.1040264191869462
1,0.075372715224188,0.0696736957634299,0.068507108779701,0.0652501889501216,0.0606028848059645,0.0054347826086956,0.029891304347826,0.0135869565217391,0.0679347826086956,-1.335098504593112,0.1018178121383364,0.0909100309520231
1,0.0645406840822799,0.0613521098500269,0.0579152779833536,0.0558601236230851,0.0538144385405202,0.0025864856126737,0.0368574199806013,0.0093760103459424,0.046556741028128,-1.0590698768546956,0.1350795385071841,0.1535317388883899
0,0.0947285148249758,0.0911332298445095,0.0886028562562766,0.0851413348236296,0.0798937419527322,0.0,0.0185185185185185,0.0,0.0648148148148148,-1.2584541006900225,0.079187385173719,0.1153373853731348
1,0.0700308987971039,0.0636333335374935,0.0592677872785252,0.0601613404520072,0.0607582194052815,0.0005665722379603,0.0345609065155807,0.0101983002832861,0.0498583569405099,-1.11357452963234,0.1388586191826048,0.1263613682088757
0,0.0457326365353124,0.043444883284461,0.038571340293173,0.0381426288739543,0.0379895308872112,0.0028763183125599,0.0143815915627996,0.0057526366251198,0.0397890699904122,-1.5103577571321292,0.0708976653506294,0.0751025966272292
1,0.0766238186870881,0.0712957965140044,0.0681892029004338,0.0661060968852375,0.0657558611922537,0.0024813895781637,0.0148883374689826,0.0049627791563275,0.0446650124069478,-0.6817208008839072,0.1681270483615451,0.1354496178387252
0,0.0809899333945935,0.0719148425984467,0.0685222520470323,0.0666704462708478,0.0638891604722785,0.0019867549668874,0.0317880794701986,0.0155629139072847,0.0768211920529801,-1.1419023670837258,0.1162006263222511,0.1341987594875694
1,0.1028860553405759,0.0950871526828987,0.0905103173655917,0.0844835556336301,0.0892235559302422,0.0116279069767441,0.1317829457364341,0.0697674418604651,0.1821705426356589,-0.9031840482823515,0.2248812155685298,0.2198878190893118
0,0.0763076557110404,0.0659572054549578,0.0595574080768806,0.0548462520784599,0.0547889182631939,0.0039986943039007,0.0195854414884935,0.0062020564713562,0.2815407213970948,-1.2767295701754957,0.0935490319787135,0.1377456134250486
0,0.089724918160872,0.0838720953064498,0.0773743191309877,0.0748492708167814,0.0750572762879985,0.0226299694189602,0.1168195718654434,0.0593272171253822,0.1675840978593272,-1.4084982995269528,0.0635541268555343,0.1635100683353435
1,0.0977237759428605,0.0889379776170636,0.0866398913623221,0.0832424188640087,0.080066962311544,0.0112676056338028,0.076056338028169,0.0295774647887323,0.2169014084507042,-0.7608988273377805,0.326572929919378,0.1475407398171499
0,0.1024111326600999,0.0950168590424342,0.08751498450272,0.0837032680296205,0.0826259082071185,0.0267159884915741,0.0963830661734484,0.0610357583230579,0.1605014385532264,-1.1992466305017488,0.1491593219657973,0.1128839752662503
1,0.0892548491098345,0.0821718637312595,0.0751379539824764,0.0723377754350863,0.0715314753159408,0.0083223828296101,0.062855891371003,0.0166447656592203,0.0895751204555409,-1.237500741071463,0.1148980264139855,0.1334249316229716
1,0.1008580955781696,0.0991848728388199,0.0909453301573524,0.0884404796976259,0.0857678510028203,0.0288180426005847,0.1556452735625783,0.0309063065571488,0.2226089377697341,-1.3242253241710091,0.1160311439607994,0.1474080897481522
0,0.0918656814027319,0.0877264456255324,0.0806994027923486,0.0770940104539197,0.0741208541862619,0.0107621736062103,0.1137967537050105,0.0250529287226534,0.1482004234297812,-1.147542199251515,0.1392240839811565,0.150546647563199
0,0.0736252433777598,0.0644011639920324,0.0595389839781595,0.0589750564792406,0.0599595175020405,0.0052763487666534,0.0307347315657564,0.0127951457591346,0.0385173459965703,-1.1328471453228963,0.1362484488122379,0.1727539274490456
1,0.0983708036371882,0.0938322880330839,0.0882733725847206,0.0841817880262087,0.0832284844724814,0.0191387559808612,0.166267942583732,0.0311004784688995,0.2284688995215311,-1.2589885593778034,0.1271944073675658,0.2124459786357241
1,0.0877022214732687,0.0795986545611281,0.0747850968811127,0.0695090313385948,0.0701371758738585,0.0037654653039268,0.0610543302850995,0.0212479827864443,0.0845884884346422,-1.2413492783683937,0.1183396510661067,0.1514206117169438
0,0.0727722127731685,0.0670964207208518,0.0633013415858572,0.0633307694999337,0.0594168990217778,0.0052608505041648,0.0403331871985971,0.0175361683472161,0.0824199912319158,-1.1678636404300902,0.1085051224276624,0.1344178285734666
0,0.1019546637481415,0.0963965634011494,0.0878364024753607,0.0845915341017832,0.0869886572990806,0.0248565965583174,0.0592734225621414,0.0401529636711281,0.1548757170172084,-1.2437162330505345,0.1287922402081714,0.1792168319042987
1,0.0902691098196143,0.0836678125571169,0.0792365152593715,0.0766412855106746,0.075229621927795,0.0097869890616004,0.0633275762809441,0.0247553252734599,0.1070811744386874,-1.332587126147694,0.075501392973863,0.1912836563891376
0,0.1021097234330206,0.0997864210124782,0.0883828856903588,0.0871587413694069,0.0858174358311947,0.0202464788732394,0.0836267605633802,0.0625,0.1452464788732394,-1.2544116790027415,0.0769670676462425,0.1500050853457503
0,0.0945174852693709,0.0924229606050598,0.0847875556378988,0.0824012726249223,0.0791910515148951,0.0124724871606749,0.07006603081438,0.0249449743213499,0.1038151137197358,-1.3610106813545682,0.1144775908450978,0.163318192847186
1,0.0979452268023682,0.0872421973762493,0.0821425259064883,0.0776427094832687,0.0763473339877836,0.0,0.0679963735267452,0.0126926563916591,0.0698096101541251,-0.8686173983196639,0.0402171666348654,0.153787122254391
1,0.082188565940837,0.0781119706017933,0.0708604992723881,0.0693630659759738,0.0685845987970697,0.0053564070869386,0.0243098475484136,0.011536876802637,0.07663782447466,-0.8759457621239021,0.2530129053305144,0.1461510198262194
1,0.1010133705194938,0.0937057885088269,0.0882249985912175,0.0825010392008113,0.0805631424400781,0.0476190476190476,0.1111111111111111,0.1507936507936507,0.373015873015873,-1.5585362641117475,0.0581979250481082,0.0835665177394301
0,0.0946744216942285,0.092883433033518,0.0858028957490484,0.0844492567106805,0.0774301189496066,0.0099009900990099,0.0504950495049505,0.0346534653465346,0.1386138613861386,-1.180209888824635,0.0823646046349728,0.1163879388401279
0,0.1003271844757628,0.0877815829112972,0.0840580954057619,0.080349366223419,0.0794103077573436,0.0059055118110236,0.0590551181102362,0.0216535433070866,0.1161417322834645,-1.3013269485951648,0.1034843122856208,0.1848025402057782
0,0.0870965694183013,0.0807508123872469,0.0757543793313481,0.0719304090594721,0.0770093952504317,0.0123318385650224,0.0975336322869955,0.0616591928251121,0.1221973094170403,-1.165021824009436,0.1125767043075531,0.1471843182035133
0,0.1096519480747642,0.1086220336166935,0.0971419092048322,0.0945111643855467,0.0904626100056866,0.0498417721518987,0.2658227848101265,0.1020569620253164,0.5493143459915611,-1.0952151605251987,0.1462798676014888,0.1415274498253968
1,0.100233680364757,0.0891705114076057,0.0837460236272121,0.0789327461181915,0.0820747584565543,0.0101910828025477,0.0573248407643312,0.0573248407643312,0.1834394904458598,-1.1006123072987624,0.20329723678177,0.1799186009692946
1,0.0776922500515121,0.0759032775049635,0.07367918285912,0.0711057890189872,0.0649621559018809,0.0204081632653061,0.0728862973760933,0.0291545189504373,0.1807580174927113,-1.289504140807732,0.0978389600853747,0.1505462955274638
1,0.0986952377297016,0.09712043076036,0.0876826374376434,0.0850905670335697,0.0823116824585728,0.015625,0.0974264705882353,0.0349264705882352,0.1875,-0.7557569201779823,0.3120712291723539,0.1785703562764197
1,0.1056908831416028,0.0974017602842794,0.0918586282483654,0.0884324422578348,0.0903394656156013,0.0800131708923279,0.2081000987816924,0.1919657556799473,0.4280540006585446,-0.4878614035715868,0.4173137310066879,0.1778793778935023
1,0.0997565566803224,0.0978571661362906,0.0888687626022103,0.0868536210537756,0.0829650063614214,0.0119760479041916,0.1021827313115704,0.0318717403901873,0.2066834073787908,-1.3326634645266544,0.1097704258980139,0.1467758096449858
1,0.107699032666728,0.0939345100238868,0.0888138416273262,0.0808868893244757,0.0868838231633856,0.0152167671547516,0.116853287395923,0.0551248923341946,0.2331323571633649,-1.0151149525033265,0.1835227420310585,0.2021204094404239
1,0.0792969399105318,0.0742245826999776,0.0708484799794682,0.0656429068280323,0.0671295949617639,0.0,0.0423728813559322,0.0133171912832929,0.0484261501210653,-1.206789054379642,0.0944844956232811,0.2059559677953706
0,0.1072778239521641,0.1060279589090243,0.0953340576893014,0.0910553537127019,0.0861778905398695,0.0193548387096774,0.1198156682027649,0.0493087557603686,0.2373271889400921,-1.6654384251295458,0.0524657649637281,0.1087546173317942
1,0.0927518862235975,0.0829597973559322,0.081476206759352,0.0792006830087643,0.0775235275659328,0.0212014134275618,0.1007067137809187,0.0812720848056537,0.1925795053003533,-1.3831396543393135,0.0620270182631431,0.1485734154938173
0,0.0870795834564657,0.0830019524309321,0.0792595719038523,0.0763348941466795,0.0731464367127762,0.0041390728476821,0.0463576158940397,0.0165562913907284,0.0935430463576159,-1.295911518814421,0.1202884109986328,0.1272631707827728
1,0.0918796603175286,0.0880308753296199,0.0807935984183511,0.078839114391312,0.0762435261296731,0.0164626424651751,0.0949767834529337,0.0329252849303503,0.1587167581257914,-1.142368492741222,0.1513490469452619,0.1612443710909818
1,0.0952794853252774,0.0879106462474306,0.0826607851295529,0.0769820584365287,0.078556999471784,0.0176056338028169,0.176056338028169,0.0457746478873239,0.2235915492957746,-1.111630253469587,0.1483668600098613,0.1677451549650813
0,0.0932815219908466,0.0931111154159835,0.0846521722583938,0.0797925323565651,0.0811736834141704,0.0060802874317695,0.0638430180335797,0.0177572030677813,0.0999101775720306,-1.4599587068052329,0.0582275955172251,0.1304472928396267
0,0.1009918557592177,0.0968290495371366,0.0897645914171951,0.0838766941238144,0.0809642751438712,0.0,0.1366906474820144,0.3237410071942446,0.2733812949640288,-1.171104789158273,0.0919211837940794,0.1250890674868958
0,0.0955380502710311,0.0968082940994174,0.0854075904878139,0.0821424102830048,0.0801236064988102,0.0036999663639421,0.0523040699630003,0.0107635385132862,0.0771947527749747,-0.5457728415962012,0.3307344604737073,0.1564258669785894
1,0.1079799084479689,0.100184528217141,0.0950397674707237,0.0837391592055508,0.0876637619122899,0.0153846153846153,0.2813186813186813,0.2901098901098901,0.3406593406593406,-0.952358076668505,0.2245970379664026,0.1708327620356701
1,0.089271995744236,0.1122049537793457,0.1076995596645795,0.1284674868382986,0.1116415384848749,0.0,0.0,0.0,0.0,-0.8598866398691704,0.2666115340776963,0.1682903557117227
0,0.0749947592710002,0.0747901664171014,0.0672318472883078,0.0703304910245836,0.0619571544024364,0.0127253446447507,0.0374690703428773,0.024390243902439,0.1233651466949452,-1.7406252520672132,0.0401454553021961,0.111265167689487
1,0.1043215528116771,0.0961357000049624,0.0899441903931307,0.0856878802984038,0.0862262858108902,0.0239445494643982,0.1587901701323251,0.0365469439193446,0.2438563327032136,-1.2059252512329943,0.1469978760819689,0.1747777409962909
1,0.088697541827424,0.0829575620320546,0.0750927029047569,0.0726976948374509,0.0711207215100661,0.0092678405931417,0.0803212851405622,0.0392338585109669,0.1109051590979301,-0.9732298540287428,0.1700356879810674,0.1553053594074643
0,0.1077534719193082,0.0980383564555923,0.0944922809388166,0.0862110434068252,0.0910966156454918,0.0362811791383219,0.1507936507936507,0.1836734693877551,0.4240362811791383,-1.296743876068814,0.0775275418768845,0.1373858489046271
1,0.0987564001266235,0.0887930381889541,0.0852708810455371,0.078548232109058,0.0806045910434701,0.0090233545647558,0.0780254777070063,0.0334394904458598,0.1544585987261146,-1.2680492022016787,0.0942820600829511,0.1391283116305761
1,0.1093037983424436,0.1042339498472152,0.1011318323632632,0.0992021398106972,0.0934598646593276,0.0231788079470198,0.1077814569536423,0.0294701986754966,0.0902317880794702,-1.4327194882581715,0.0541880085853067,0.212016675424244
0,0.0815353701320694,0.0743479772781684,0.0709429526664452,0.0682948432101824,0.0674876920046621,0.0040816326530612,0.0478134110787172,0.0128279883381924,0.0583090379008746,-1.2911441493879363,0.1421314354739846,0.1818553250880083
1,0.1045734266258702,0.0967888896290572,0.085478888665835,0.0849628094772836,0.0870152054421738,0.0203703703703703,0.1111111111111111,0.0703703703703703,0.2055555555555555,-1.115566365408028,0.2393956029201195,0.1541320283457354
0,0.0874641488186799,0.0826745321368562,0.0738721357114297,0.0737206083212757,0.0735630476478565,0.0047095761381475,0.0337519623233908,0.0141287284144427,0.0557299843014128,-0.9465688081561832,0.2041970966868578,0.1602166121471261
0,0.1050163206485449,0.1065417132111867,0.0928135660573998,0.0947497012775895,0.086511053125468,0.0121782452255743,0.0514807639081096,0.0149460282313866,0.1782452255743149,-0.4635514468744196,0.4292188433668006,0.1418779951872694
1,0.0757042156261443,0.0722437943498506,0.0666953306632237,0.0646133295913175,0.0629248140590032,0.0026281208935611,0.0560665790626368,0.0131406044678055,0.0530004380201489,-1.1176427138419356,0.1058187627249549,0.1527298109926693
1,0.0959367909050426,0.0941843598299156,0.0850165573258816,0.0824850750065718,0.0805936909392695,0.0120300751879699,0.1238095238095238,0.0370927318295739,0.1413533834586466,-1.1239269489522208,0.1445192432616941,0.1603933546376533
0,0.031230216481454,0.0277601639813413,0.02605128552382,0.0264570655356083,0.0250231726196512,0.0,0.0038535645472061,0.001926782273603,0.0077071290944123,-1.4121901957921852,0.0750033803274983,0.1185594797745483
1,0.0911062609784867,0.0854621339457318,0.07820292824388,0.0736191001464655,0.0753349476191948,0.0038377192982456,0.0405701754385964,0.006578947368421,0.0729166666666666,-1.057778727995552,0.1692079300516177,0.134553081653852
1,0.0858482882977244,0.0822316652929194,0.0773583691413034,0.0720677591534756,0.0716013386943477,0.0123456790123456,0.0352733686067019,0.0246913580246913,0.1199294532627865,-1.3069948581773183,0.09759287782763,0.1475463869661976
1,0.0743981797186909,0.0708594624870676,0.0682215613121304,0.0640289261045858,0.0637208293076506,0.0117302052785923,0.0234604105571847,0.0263929618768328,0.0469208211143695,-1.3366474749880537,0.0862354351370794,0.1289592946190348
1,0.1073304358089252,0.1006620887207233,0.0913894321151196,0.0916724654758859,0.0870286568343943,0.0355618776671408,0.1706970128022759,0.0668563300142247,0.3314366998577525,-1.198547219460097,0.1684258500886951,0.1162073530055196
0,0.0781437621924203,0.0706782241707035,0.0660366784659151,0.0642762040388475,0.0646856313744771,0.0039588281868566,0.0352335708630245,0.0114806017418844,0.0570071258907363,-1.1403153414771718,0.1344752995252727,0.1539339729725375
1,0.0915989450249728,0.0893368457348589,0.0845879720536501,0.0792867826435002,0.0760564338231393,0.0121495327102803,0.0841121495327102,0.0831775700934579,0.2130841121495327,-0.7533906799503609,0.3223550974924647,0.1699552193736603
0,0.0761702019496438,0.0715985191231727,0.0670490607220527,0.0661114459234778,0.060877630321749,0.0019607843137254,0.0235294117647058,0.0078431372549019,0.0529411764705882,-1.6156123413824246,0.0590815286972644,0.1245826094863051
0,0.0950271686332665,0.09861611639165,0.0930614768332341,0.0925308633585052,0.0821795733698027,0.0685236768802228,0.1376044568245125,0.128133704735376,0.3949860724233983,-1.488381676886039,0.0492801045857245,0.1643211110630667
1,0.1034644902915887,0.0955629681081617,0.0906106215468114,0.0863639947847903,0.0836458355797815,0.0149026763990267,0.0976277372262773,0.0368004866180048,0.1383819951338199,-1.0468218039430317,0.1037610172493028,0.1522473041087873
0,0.0840417276166433,0.0811394622126519,0.0716679207583969,0.0711695170963294,0.0705029199032943,0.0072895957587806,0.0682571239231279,0.0205434062292909,0.1219350563286945,-1.0467244691839277,0.2087385620983244,0.1423109089441273
1,0.0945268221706396,0.0904954715233798,0.0841142506367946,0.0808735650356048,0.078748518161498,0.0063348416289592,0.0714932126696832,0.0343891402714932,0.1176470588235294,-1.2672524737633295,0.1548198569083366,0.1458264641006826
1,0.1022529202698437,0.0960276535475652,0.0868496750691949,0.085066543478566,0.0808015419787523,0.0111078844199215,0.0576448381007695,0.0230869754610135,0.0892986786699578,-1.0748359266069654,0.2013677333432303,0.1656991722006109
0,0.1013477266314747,0.0949303104754933,0.0876188511445991,0.0825669205123397,0.0789799589875629,0.0236686390532544,0.0887573964497041,0.0828402366863905,0.2406311637080868,-1.5943032877814325,0.0596402151134924,0.1219560040547462
0,0.1077466772623129,0.0997247424880164,0.0914621344400168,0.0880038451505098,0.0838861927605957,0.030050083472454,0.1502504173622704,0.0559265442404006,0.3814691151919866,-1.1678696252930627,0.136983714338318,0.1357707694587085
1,0.0761868787163776,0.0735276699446193,0.0683299833855659,0.0655229852217413,0.0656858293525173,0.0066115702479338,0.0297520661157024,0.0148760330578512,0.0611570247933884,-0.7455272658259057,0.3195304645429809,0.1721455513504283
1,0.0609752612364879,0.0639586808862868,0.0626148386371336,0.0653977639017493,0.0542161870906304,0.0072639225181598,0.0338983050847457,0.0092009685230024,0.0576271186440678,-0.8565431794309833,0.1345055407857845,0.1160103294329457
1,0.1047298419677407,0.1073964070911105,0.0935327071062438,0.0905863512108177,0.0897575517664664,0.0176795580110497,0.151012891344383,0.0298342541436464,0.2762430939226519,-1.2619014968331308,0.1371633627115747,0.1653753945710028
1,0.0437309485596248,0.0406998408509179,0.0343053445050717,0.037079466943751,0.0365661747438966,0.0005535736252921,0.0120556033952515,0.0027678681264608,0.010333374338787,-1.138663072006939,0.1434475507463899,0.1323446540741944
1,0.0897525892698844,0.0889258734819496,0.0823402153333682,0.0791099712700323,0.0747501856496119,0.0108901515151515,0.090435606060606,0.0222537878787878,0.1145833333333333,-1.0561301461629962,0.1006447111944356,0.1628573720698949
1,0.1103139553425974,0.1056081294680137,0.0923635945198681,0.0897621075291758,0.0913832150633879,0.0186567164179104,0.126865671641791,0.0485074626865671,0.1728855721393034,-1.241132901040423,0.159990871065875,0.135814601726056
1,0.0841660303644761,0.0806876343279789,0.0727128409203324,0.0699872994900558,0.0711941857516475,0.0058489897199574,0.0444877702942219,0.0127614321162708,0.0732009925558312,-1.1407089354111395,0.1480148743367783,0.1511055339010976
1,0.0967717185219335,0.0927539554484689,0.0841281863833811,0.0839118898238604,0.0795310246813839,0.0138568129330254,0.0646651270207852,0.0080831408775981,0.0981524249422632,-1.4101182253923938,0.093861466682568,0.1840505915171285
0,0.1074773234807702,0.0964812233574727,0.0909418809011431,0.0839874851458752,0.0884118978903893,0.0253757736516357,0.1513704686118479,0.1099027409372237,0.3383731211317418,-1.2312221074110086,0.1169658404095184,0.1711916686999989
1,0.0765787326825117,0.0727438885533302,0.069010795939959,0.0655959740735831,0.0658160538998796,0.0011834319526627,0.0390532544378698,0.0201183431952662,0.0627218934911242,-0.7560649855711523,0.1881014606447895,0.1805916650978375
1,0.0819360533668047,0.0779561425734801,0.0708658324288398,0.0688567542233408,0.069411782480749,0.0025375756392738,0.0587546359554948,0.0210813976185828,0.0954518836619168,-1.3957540972931557,0.068190573343559,0.1548790173160772
1,0.0866711389448297,0.080936877842999,0.077573655331072,0.0752769904128334,0.0739810441263254,0.0087719298245614,0.0664160401002506,0.012531328320802,0.0852130325814536,-1.3551810819876378,0.073177398388274,0.1589465221905361
1,0.0923898795042945,0.0916495351499938,0.0848771726520524,0.0818618547367546,0.0780827311119569,0.0178691840863115,0.1105866486850977,0.0593391773432231,0.3941335131490222,-1.3824227769149868,0.0543032527121017,0.142784515657001
1,0.084022039841969,0.0755239666173109,0.0736103841359683,0.0707537063198455,0.0643268787616964,0.011214953271028,0.0336448598130841,0.0261682242990654,0.1476635514018691,-1.5570720221882808,0.0564924807357366,0.1044867109332776
1,0.0931200823938762,0.0850385514923911,0.0795987330449287,0.0743108631177355,0.0774454796128129,0.0092850510677808,0.0687093779015784,0.0349736923553079,0.1522748375116063,-1.3697298654462438,0.083751620226347,0.1401357129759455
0,0.0844168179116426,0.0791263683946927,0.07391123094085,0.0750148434818714,0.0640098458005567,0.0056818181818181,0.0170454545454545,0.0056818181818181,0.1022727272727272,-1.6985529808109594,0.0215382433547633,0.0985664343355254
1,0.0798676122682055,0.0755214640770089,0.0692382362941811,0.0661466121183554,0.0672752157765689,0.0039342744735015,0.0479055774126359,0.0194399444573015,0.079148345290442,-1.113324890502026,0.1183558241851183,0.1646662149774898
0,0.0897047006509279,0.0792741833364431,0.0736754731059317,0.0716871269104351,0.0727602122108513,0.001865671641791,0.0466417910447761,0.0298507462686567,0.1082089552238805,-1.3297860274261035,0.0606860655405512,0.1387168656566203
1,0.0847946904814057,0.0793714697969603,0.0715931084369388,0.0739453225665923,0.0721760961595109,0.0103896103896103,0.0623376623376623,0.0077922077922077,0.0883116883116883,-0.9540734064845542,0.0742187137648727,0.1156292637730409
1,0.0846839220781321,0.0787813257686095,0.076711215911216,0.0723100617383465,0.0686908451571216,0.0080949811117107,0.0647598488936859,0.0318402590393955,0.2056125202374527,-1.4862410652414986,0.0687583010256984,0.1411299286938399
1,0.0819489415111946,0.0753470109372198,0.0695262144426762,0.0676299605849909,0.0670009964439632,0.0040518638573743,0.0463938411669367,0.0151944894651539,0.0605753646677471,-0.9816632214466428,0.164618243708043,0.1732920871528017
1,0.0832816371346155,0.073535357900419,0.0705615823453639,0.0670345997854701,0.0662891597815194,0.0060218291305984,0.0414000752728641,0.0082800150545728,0.0572073767406849,-0.9175141598241062,0.1993135823638639,0.1662728325682088
1,0.0729239399881629,0.0648543469432818,0.0605692833894532,0.0577774634722212,0.0589814615448715,0.0022404779686333,0.0238984316654219,0.0082150858849887,0.0556385362210604,-1.2695933522056562,0.1235183644772356,0.1864434593762049
1,0.0934377621039757,0.0855507654161037,0.0793470413785761,0.0756697127818564,0.0782135985994323,0.0064516129032258,0.0688172043010752,0.0193548387096774,0.1032258064516129,-1.0915660094406383,0.1000913457480083,0.1809179087227868
0,0.0945489030868136,0.0910926159784546,0.0852790384134587,0.0826352656212019,0.081521581360301,0.0151537442989554,0.1016624981609533,0.0205973223480947,0.0816536707370898,-1.2070675187658275,0.1193904512482228,0.1976574879579625
1,0.0935075585008511,0.0923923307139105,0.0847945524138426,0.0811193362382548,0.0785256402216528,0.0114336685047032,0.0844956211482322,0.019704832954914,0.0958481998053843,-0.989247750560685,0.1186671824993069,0.1485396771172337
1,0.0757309310016473,0.0679807245144115,0.0636274257205278,0.0631788459797616,0.0641066403361671,0.0033003300330033,0.0554455445544554,0.0085808580858085,0.0567656765676567,-1.1696306889730714,0.1140141039064668,0.1648402744600354
1,0.0874954024595646,0.0802507032693947,0.0793591952179627,0.0769726533766461,0.0736231140094558,0.006578947368421,0.0263157894736842,0.0460526315789473,0.1381578947368421,-1.228417742725154,0.1323496938997895,0.1310536001681452
0,0.0854457009076968,0.0810229360544209,0.0748997346422559,0.0725419122623442,0.0713199510399589,0.0126617895329206,0.0407990996060776,0.0201181767023072,0.0886325267304445,-1.318382217325855,0.1160853543942209,0.1564492077472545
1,0.1054001898483517,0.0998217041242812,0.0937177307889859,0.0918618802373941,0.0866143900494941,0.0211538461538461,0.1283653846153846,0.0432692307692307,0.2033653846153846,-0.7141862186466367,0.3248196973044154,0.1863509106070943
0,0.0714994303537359,0.0667141444577413,0.0630165928208802,0.0609056698592615,0.0580829437346565,0.0018564356435643,0.0389851485148514,0.0080445544554455,0.0544554455445544,-1.329275996632993,0.1097022631468905,0.1431888060757634
0,0.0870645446776563,0.0789886317323784,0.0772884188682115,0.074163809309301,0.0709017171636872,0.0082644628099173,0.0462809917355371,0.0214876033057851,0.1702479338842975,-1.2685143285306948,0.0477043117735268,0.1270656758620295
1,0.0895566055817179,0.0814959371499673,0.075335130526829,0.0734506662572518,0.0722602648085423,0.0377142857142857,0.1531428571428571,0.0377142857142857,0.1771428571428571,-1.0653509400755854,0.1665073814341612,0.163319267219913
1,0.0889034791388676,0.0833766065766378,0.0753412046654446,0.0715881108323403,0.0708538166877068,0.0100200400801603,0.0571142284569138,0.0450901803607214,0.1808617234468937,-1.447177654022484,0.0808038596454351,0.1246918195887223
0,0.0814648297694246,0.0668280468029289,0.0699803315448035,0.0617077714681562,0.0635743092722027,0.0,0.0183066361556064,0.022883295194508,0.1281464530892448,-1.0567887995137872,0.1911229307655282,0.1395501230148365
1,0.0841555923918085,0.0813770194013927,0.0746671729718557,0.0728565493202495,0.0694298508159819,0.0048327137546468,0.0427509293680297,0.0200743494423791,0.1193308550185873,-1.3551070013599635,0.0807664453289273,0.1157171905515605
1,0.0705551161662483,0.0647895084930473,0.0603051868320898,0.0581521723656985,0.0598043599891042,0.0036915504511894,0.0401968826907301,0.0147662018047579,0.0639868744872846,-1.1324737215916247,0.1128238148036701,0.1557144226499726
1,0.0769948707449034,0.0696591117031248,0.06635487408796,0.0636236615976088,0.0637980168905087,0.0024232633279483,0.0323101777059773,0.0088852988691437,0.0646203554119547,-1.323201339585231,0.122719998744504,0.1292908875276264
1,0.0941308139899683,0.0890042006904858,0.083637968912619,0.0782737337702626,0.0791686881021031,0.0135265700483091,0.1123993558776167,0.0460547504025764,0.1755233494363929,-1.1120993025736023,0.1110261614217866,0.18884977338867
1,0.1075591656064801,0.1077579304995276,0.0922961357835537,0.0917448666615406,0.0894259221413573,0.0114942528735632,0.0862068965517241,0.014367816091954,0.1005747126436781,-1.1452778109277892,0.1801997497295893,0.1645304763935388
1,0.0983889494211902,0.0943232734985218,0.0880218731420048,0.0858157728645641,0.08416057662187,0.016671376094942,0.0884430630121503,0.0316473580107374,0.1339361401525854,-1.3190803455561453,0.0815930355491641,0.1868813709735657
1,0.0606273306382198,0.0554886426504491,0.0532980462875836,0.050899617612742,0.0515108004675575,0.0011104941699056,0.0166574125485841,0.0063853414769572,0.032481954469739,-1.0380614575057112,0.1771983436812348,0.1267880456320219
1,0.0869633300611929,0.079937341091142,0.0742655609750718,0.0721994215958768,0.0732278368590142,0.0105455282904076,0.0502940580004055,0.0129791117420401,0.0632731697424457,-1.1160260316522503,0.1479259243628908,0.1779331574857591
0,0.0949393163524879,0.0869421280791722,0.0793241534086565,0.0757730253391593,0.0786846300625301,0.0132980575088769,0.1510826429019007,0.0352294088978625,0.1590197034045812,-1.1465615457165084,0.0913466725307184,0.1623312191700816
0,0.0870189851975126,0.0823438148549243,0.0751290052715771,0.0721158092309782,0.0729898861098064,0.0043696744592527,0.0629233122132401,0.0119073629014638,0.0657636006117544,-1.1007657488830185,0.0777178937609699,0.1526308405462658
0,0.0896822829310813,0.0846074470940156,0.0798162975533723,0.0765403850953405,0.0731836836621655,0.0039039039039039,0.0183183183183183,0.021021021021021,0.1057057057057057,-1.296150770497205,0.0657313284068572,0.0842114941314351
1,0.0927176537691659,0.090192835776222,0.0805766834154967,0.0770056233161328,0.0772252804381124,0.0096153846153846,0.0384615384615384,0.0384615384615384,0.0865384615384615,-1.5708462580433886,0.0598616527858625,0.1241658795580202
1,0.0950652347852578,0.0902412916711789,0.086330031212783,0.082875101073707,0.0802215241439827,0.0239852398523985,0.1346863468634686,0.0276752767527675,0.2084870848708487,-1.340026633432575,0.0728739522937507,0.1395301996694337
1,0.100299100504805,0.0946507567475065,0.0873703125701369,0.0838865026352793,0.0813828115871337,0.0245009074410163,0.101633393829401,0.0372050816696914,0.1485178463399879,-1.5024542171985344,0.060280352388209,0.1891682786980527
1,0.1121057133493002,0.1065403096607634,0.0961934680551089,0.09259187879709,0.0906334512592968,0.0468384074941452,0.1873536299765808,0.0749414519906323,0.2693208430913349,-1.3683218737753484,0.0737385949438762,0.1936690272665475
1,0.0982074794104536,0.0945378841544303,0.0842381161736715,0.0825324449903751,0.0831110035425297,0.008,0.0533333333333333,0.0066666666666666,0.0573333333333333,-1.4565889551685178,0.0465841687440699,0.1906750845289765
1,0.0886674273499038,0.0818161576522281,0.0772165342594713,0.0736568567117096,0.0738125612614786,0.0054024851431658,0.0448406266882766,0.0367368989735278,0.1183144246353322,-0.6571603639687619,0.3361136757889331,0.1175979670978137
0,0.0856125436245023,0.0796218723344952,0.0742809960558599,0.0716997597110697,0.07106624767915,0.0,0.0,0.0,0.0975609756097561,-0.9793931352679746,0.2253525657410577,0.1637270494250067
0,0.0876496144242253,0.0844442497234256,0.0795659378740189,0.0764626808228198,0.0729938234467085,0.0094316807738815,0.0865779927448609,0.0224909310761789,0.0749697702539298,-1.2566101399915266,0.1045471889121918,0.201315484799949
1,0.0916131909805645,0.0845140750675868,0.0761113992276681,0.0753221764598165,0.075016397850978,0.0069339384770549,0.0704740292486132,0.0127332324760463,0.0872415532022188,-1.1687626393889912,0.065664471612846,0.1271519642109261
0,0.0873704063575091,0.0852177857001329,0.0766544989321864,0.0733178096538422,0.073970796553934,0.0050869012293344,0.0644340822382365,0.0156846121237812,0.069520983467571,-1.1615489150094884,0.0917528434301402,0.1523971686871247
1,0.0995870565432883,0.0936450329196774,0.0864567732498664,0.0826161758862558,0.0818661957863029,0.0173460537727666,0.1040763226366001,0.0858629661751951,0.246313963573287,-1.0575446755529323,0.0635273396553495,0.1279595452762292
0,0.0949209485161602,0.0932523888498784,0.0813176492810468,0.0783561991923748,0.077242083117903,0.0047875523638539,0.0813883901855176,0.0281268701376421,0.1178934769599042,-1.3259167141548425,0.0799666415471913,0.1303201045485819
1,0.0935303857927087,0.0912845745214499,0.0843987667658867,0.0804959835592509,0.0783354701955399,0.0085012012566993,0.0808353354278322,0.0355571982997597,0.1526520051746442,-1.1787860887547192,0.1916668186919628,0.1512983226070031
1,0.1038038197780573,0.096183397433733,0.0888449556757884,0.0887619122766504,0.0836215010506458,0.0058055152394775,0.0645863570391872,0.0170537010159651,0.1734397677793904,-1.4614465921001556,0.0789569698315928,0.1379776825645321
1,0.0915127494085264,0.0866761030598103,0.0785446198457227,0.0763150793682231,0.074488148777997,0.0034202650705429,0.0645575032064985,0.0265070542967079,0.0884993587002992,-0.9333502032069926,0.2227079975180815,0.1346166064255995
1,0.1002971794150097,0.0966151889954811,0.0873705249175594,0.0838903222312227,0.0833339641240368,0.0164517563361494,0.0693641618497109,0.0120053357047576,0.1142730102267674,-1.3716477752907528,0.0896745797353376,0.1640233278695526
1,0.0695654332664853,0.0622958307644635,0.0591917176167051,0.0577061884333414,0.0572889529452593,0.0020013342228152,0.0433622414943295,0.0060040026684456,0.0426951300867244,-1.0990284777541954,0.1327039701917966,0.1802487625405309
1,0.0854000588592669,0.0796698449375712,0.076026274511729,0.0714018317947037,0.069163075482568,0.0081967213114754,0.0360655737704918,0.0245901639344262,0.0950819672131147,-1.2948127224982422,0.1572093675849066,0.1347597106521834
1,0.0783820506830445,0.0753064779467691,0.0706741277003012,0.0662979903980302,0.0640986969305,0.0005288207297726,0.0682178741406663,0.0044949762030671,0.0912215758857747,-1.3426175577328916,0.081951860953861,0.1369502362386797
0,0.0967910181891956,0.0926412065108475,0.0842710303824842,0.0811440858917921,0.0760921264011603,0.0155359917141377,0.0797514241325738,0.0315898498187467,0.2066286897980321,-1.065874148531258,0.2125908316672864,0.1313452871111549
1,0.0890000893925364,0.0816662526865651,0.0756959650073931,0.0733232279225786,0.0705089209224271,0.0065268065268065,0.0727272727272727,0.0289044289044289,0.0955710955710955,-1.0238725086655769,0.1575646868141359,0.1641529642988194
1,0.0859244314628981,0.0814352521191212,0.0776675962839687,0.074381298760973,0.0725356926300339,0.0075067024128686,0.0664879356568364,0.0294906166219839,0.0788203753351206,-1.5682948407689297,0.0394134532590929,0.1448587759691983
1,0.0947446675546152,0.0830078847460251,0.079810660851535,0.0774238368879933,0.0767254030802761,0.0021834061135371,0.0349344978165938,0.0160116448326055,0.1029839883551674,-0.987545457709082,0.2273090668064675,0.167491717498171
0,0.090859634801152,0.0852324844816997,0.0801441737932424,0.0753107871816702,0.0749626923583381,0.008274984086569,0.0918735412688308,0.0534691279439847,0.1468279227668152,-1.2340318804906472,0.1144655784323398,0.1338162296500525
1,0.0923744011776476,0.0790469316747361,0.0796007369992883,0.0750807726145689,0.0745555890013287,0.0117279124315871,0.071931196247068,0.0226739640344018,0.1188428459734167,-1.0407544953977872,0.140153130007882,0.1450134634658188
0,0.1063343221209225,0.0992172874788052,0.0926740887437743,0.0867704917324945,0.0862799507167517,0.0215716486902927,0.1217257318952234,0.061633281972265,0.2403697996918335,-1.1786001766061736,0.1324344564908599,0.1505478930980939
1,0.0769723361039753,0.069773338086147,0.0679814738657802,0.0633938751671205,0.0617581427513755,0.0033942558746736,0.0462140992167101,0.0099216710182767,0.0697127937336814,-1.4627718062934991,0.0779771731257553,0.1626580745443154
0,0.0960768083253538,0.0891088517879584,0.0872862488032528,0.0810771819205409,0.0827920832153498,0.0167173252279635,0.1220871327254305,0.0602836879432624,0.2553191489361702,-1.2216972422391064,0.1024559310477113,0.2114949155084631
1,0.0710210732440789,0.0651551384591236,0.0637768468135632,0.0614377874292683,0.0574343696330072,0.0072567344694887,0.0507971412864211,0.0213304013194062,0.1124793842770753,-0.6913126220483142,0.1753582125059469,0.1846973539266989
0,0.0960000195691074,0.092749789703288,0.0832956510952744,0.0810860471461702,0.0782639860490701,0.0273081924577373,0.1079323797139141,0.0548331166016471,0.2366710013003901,-1.3117342629691082,0.093776590142415,0.1470164491949525
1,0.0847521396038848,0.0742844045577853,0.0724187056875278,0.0680465081164781,0.0690233980492302,0.0027008777852802,0.037812288993923,0.0094530722484807,0.0465901417960837,-1.0041386504656575,0.1734818619955858,0.1731161399246343
1,0.083596684786926,0.080498184633178,0.0745629891010387,0.0710922508331782,0.0699128799247528,0.005813953488372,0.0494186046511627,0.0159883720930232,0.0959302325581395,-1.2168321560637696,0.1099702256074179,0.1550452707103819
1,0.0751737713277325,0.0702904360231601,0.0660221201861552,0.064020336626732,0.0651995721074142,0.0016077170418006,0.0289389067524115,0.0160771704180064,0.0739549839228295,-1.0662472046867724,0.1921617594695146,0.1646506927786027
1,0.0993106421334027,0.0947432219642642,0.0870072810245105,0.0818017277464755,0.0849882973795398,0.0189873417721519,0.0822784810126582,0.0632911392405063,0.1139240506329113,-1.3229003249052944,0.1160179439917789,0.1357028202744815
1,0.0847463790906085,0.0791336056533665,0.0733913811011692,0.0699895804482645,0.0691697166629643,0.0045280390107976,0.0417972831765935,0.0153256704980842,0.074277255311738,-1.2567174321132428,0.0960256907415309,0.1384886461574526
1,0.105071284040239,0.1030055376451698,0.095510990002514,0.0935795012577243,0.0865464359098274,0.0528169014084507,0.152112676056338,0.075,0.3630281690140845,-0.9576110120598568,0.2129604358744548,0.1812779145606063
1,0.0864929713749059,0.0812167980330366,0.0768221342375298,0.0721872027784197,0.0707902003669385,0.0031270940361849,0.0341746705383069,0.0213312486039758,0.1313379495197677,-1.4822973668523955,0.0965732230489189,0.1125443628219056
1,0.0742142332428125,0.0700645739404371,0.066014656954226,0.0651368357825788,0.0611786845460514,0.0097357440890125,0.0264255910987482,0.0097357440890125,0.0598052851182197,-1.1550971761493083,0.1537785657865228,0.1466731370258747
0,0.0787702372862652,0.0757149192473673,0.0689022287946963,0.0665311397384772,0.065329434722234,0.0050904977375565,0.0542986425339366,0.0130090497737556,0.0661764705882353,-1.0891980442882478,0.124529460812461,0.148677602285594
0,0.0991608242500856,0.0966060614294564,0.0922659190349888,0.0896710313704163,0.084586322835462,0.0236653824986241,0.1805173362685745,0.0445789763346175,0.3456246560264172,-0.8092143989148783,0.2234846160612374,0.2198108845959058
0,0.0847982991685611,0.0780198366454232,0.0740955273384042,0.0704001387375188,0.0678203347791563,0.0033664761606513,0.0571518045878024,0.0283410318640883,0.1036561496907539,-1.205892861422229,0.1076099581041339,0.133080513515172
0,0.0751722367502832,0.0685352547540709,0.065486842771719,0.0622908944468761,0.0622566991883846,0.001728907330567,0.0204011065006915,0.0110650069156293,0.0529045643153526,-1.1882446725108764,0.1131617520554204,0.1261108127705907
1,0.0945151610252864,0.0889326547723437,0.083712094009807,0.081337320864104,0.0788596434376151,0.0055096418732782,0.0964187327823691,0.0560146923783287,0.2056932966023875,-1.3982106111093735,0.058485479139781,0.1243221353758449
1,0.1006477534945087,0.0996111712263051,0.091096070154661,0.0880953856058713,0.0834568229407747,0.0088967971530249,0.1823843416370106,0.0862989323843416,0.3096085409252669,-1.029311101145512,0.2267491791846612,0.1261758402768823
1,0.1109558223527307,0.102228824607722,0.0924103338770657,0.0916464638679234,0.0848347615453559,0.017103153393907,0.1063602351683591,0.0481026189203634,0.2399786210582576,-1.4116602747536102,0.0797192751609266,0.1402000947084652
1,0.1001668935237077,0.096145827319112,0.0892530277976023,0.0865487430339599,0.0832513948337951,0.0191554201131911,0.1005659555942533,0.0444057466260339,0.1597736177622986,-1.1487154415673555,0.1403887271293062,0.1640041634795341
0,0.0848336282562584,0.0806121665170703,0.0724848684669485,0.0707934114634999,0.0708553888317751,0.0108621860149355,0.0407331975560081,0.0210454854039375,0.0597420230821452,-1.4660329126965246,0.0730434777135105,0.1409755721914583
0,0.0790399735722217,0.0742995538823585,0.0694675549761825,0.0683740550206432,0.0635223237078452,0.005813953488372,0.0203488372093023,0.0203488372093023,0.065891472868217,-0.9885290088314292,0.2030160982930214,0.1416017783729118
1,0.0830484616616075,0.0773054218076941,0.0705357561151561,0.0692068254666464,0.0660646022367911,0.0020311442112389,0.0257278266756939,0.0169262017603249,0.0595802301963439,-1.121570108568357,0.1068966021700135,0.148770177713355
0,0.0998732384731,0.0869830123424228,0.0816395483337249,0.079661388776511,0.0766365513616019,0.0037688442211055,0.0653266331658291,0.0113065326633165,0.0866834170854271,-1.3297738908743986,0.1066732513098514,0.1419783081718202
1,0.1033748530004059,0.0990294447008106,0.0894891694394685,0.0903131328104341,0.0849472013738715,0.0299046993098915,0.131449227735787,0.045678606638186,0.2011173184357542,-1.3252968926121442,0.1161190582942773,0.1351323914898832
1,0.0971670684677026,0.0890589387791947,0.084496868722594,0.080260757845731,0.0799175711733029,0.0080500894454382,0.0550089445438282,0.0322003577817531,0.1238819320214669,-1.2411455094107051,0.1467023291668072,0.1637002962491245
1,0.1020142460763222,0.0962928870518356,0.0894683509303265,0.0868308148029921,0.0864028821711748,0.0434014486779341,0.141982215417231,0.0664860726694541,0.2996878864613391,-1.3227062803534473,0.112579141770582,0.1401619633171225
1,0.0856313383234891,0.0823098300002482,0.0756021544088407,0.072108942029628,0.0733887559008946,0.0232273838630806,0.128361858190709,0.0256723716381418,0.1540342298288508,-1.0872268307470154,0.1525771143051915,0.1659338691387099
1,0.1191775085236901,0.1110022480936571,0.1002369164958594,0.0930818035810785,0.0997184574329626,0.0216867469879518,0.1132530120481927,0.0734939759036144,0.2072289156626506,-1.175954730055662,0.0811939889286177,0.1821274826869009
0,0.0499950630448154,0.0448886165218026,0.041300419812497,0.041170866182077,0.0406417850255616,0.001338688085676,0.0174029451137884,0.0049085229808121,0.0281124497991967,-0.7512334142875823,0.1151174690201098,0.1122727801549791
1,0.1011334158364335,0.0997385181203978,0.0934895752919558,0.08871826817429,0.083990673366598,0.0388349514563106,0.1810275080906148,0.0968851132686084,0.30542071197411,-0.814151617268031,0.06561859705081,0.1386131128999144
0,0.0754764073411402,0.0705069085009211,0.0664715001899359,0.0645349276579204,0.0653652988785166,0.0009523809523809,0.0247619047619047,0.0085714285714285,0.06,-1.0375144795909734,0.1281570131213738,0.1596270160863423
0,0.1027186192162802,0.0914687671597407,0.0849605633935905,0.0831722537491407,0.084594894733007,0.0210218571627453,0.1091465961297508,0.0290964777947932,0.1245997494083252,-1.2473716483105342,0.1082299417953699,0.1650372351359286
0,0.0731345617684667,0.071224720165679,0.0638985623657638,0.0615567156049063,0.0620162649019425,0.0015220700152207,0.0235920852359208,0.0053272450532724,0.0319634703196347,-0.9953566647120808,0.2261101721249429,0.1557823285323008
1,0.0998758755184248,0.0991205963628267,0.0882424463764933,0.0854239769416279,0.0827168763306451,0.0095965328655453,0.0952430089774017,0.0198121968837065,0.1127850583015168,-1.4391291553502752,0.088815544971864,0.1497945148525129
1,0.0950687069185348,0.0905793246639382,0.0840233937454094,0.0816883280653281,0.0789823740805857,0.0036585365853658,0.1060975609756097,0.0317073170731707,0.1939024390243902,-1.0871830685797397,0.1900384754512442,0.1639718774952104
1,0.0805238098976144,0.0693475205416372,0.0675628320272457,0.0683100486667771,0.0608965536410358,0.0,0.0278396436525612,0.0178173719376391,0.0946547884187082,-1.4025030895669044,0.0916012477256378,0.1047057280592489
1,0.0960424929560872,0.0891082181108564,0.0858183759329278,0.0804486738838207,0.0783839732273262,0.0141760189013585,0.0809214412285883,0.0838747784997046,0.2894270525694034,-1.330563680943582,0.087755769509416,0.1270024652000744
1,0.0938919007569471,0.0920822775713788,0.0860608278742698,0.0833589762534229,0.0794488544916112,0.0124352331606217,0.0822107081174438,0.0252158894645941,0.1167530224525043,-1.1621073643316275,0.093294332887273,0.1365458171847842
1,0.0948168769396113,0.0884374455687193,0.0812393106396163,0.0770884008760264,0.077267747651653,0.0492610837438423,0.0689655172413793,0.0738916256157635,0.1330049261083744,-1.355479044610586,0.0861306361398114,0.2284390285013463
1,0.0738582852258896,0.0664841789086951,0.0630002548635817,0.0655741071098595,0.0581243229492059,0.0,0.0316205533596837,0.0039525691699604,0.0395256916996047,-1.0888169415015891,0.1338002767742536,0.1767629411393088
0,0.0896044748642758,0.0903723742755241,0.0786451503575895,0.0766605283563245,0.07224959603302,0.0084033613445378,0.0644257703081232,0.0336134453781512,0.1148459383753501,-1.402881935238684,0.0611411927829693,0.1166812295964425
1,0.0765916422036649,0.0696988405458425,0.0658127708355713,0.0638506426205233,0.063599212024407,0.0046413502109704,0.0358649789029535,0.0113924050632911,0.0518987341772151,-1.1520053426757972,0.0938022869569766,0.1389335820497163
1,0.0857294839837203,0.0787198909134045,0.0746288709816634,0.0724637267695634,0.068268586202249,0.0094488188976377,0.0535433070866141,0.0204724409448818,0.1007874015748031,-0.907674056097052,0.1810604879354919,0.1495075835827046
1,0.0959541477728303,0.086416347278259,0.0853078963084883,0.0779460122970677,0.0778950598778955,0.0,0.0155038759689922,0.0310077519379844,0.1240310077519379,-1.2221265491051314,0.1480677737876304,0.1752816929643441
1,0.0966343434907947,0.0903760516572655,0.0858695194637156,0.082518318952399,0.0774182482078303,0.011532738095238,0.0974702380952381,0.0390625,0.1845238095238095,-1.1884083912123258,0.1394611934628013,0.1512160258821856
0,0.0912857490071661,0.0850209697881499,0.0805813900762895,0.070793441068703,0.073690862539259,0.0,0.0909090909090909,0.0551948051948051,0.198051948051948,-1.0591969336455025,0.1670402674317269,0.1041657740542933
1,0.0642329559655669,0.0580687524948525,0.0545654829477849,0.0525486700781426,0.0532530181918195,0.0033845352772715,0.0171830252538401,0.0078104660244727,0.0466024472793543,-1.052438410965948,0.1173624435430371,0.1452101165638125
0,0.0874121448845715,0.0880222808953825,0.0790347073292153,0.0745145104735113,0.0745475889942208,0.0090817356205852,0.0373360242179616,0.0232088799192734,0.0797174571140262,-0.9464360390930916,0.2467798933615937,0.1354338684448762
0,0.0807316178714766,0.0757091360616941,0.0664100551003122,0.0658970504267541,0.0606820891475487,0.0020279862096937,0.0251470290002027,0.0062867572500506,0.05860880146015,-1.0186823354418884,0.1265409543699054,0.1069527941748561
0,0.0872399087537417,0.0791281934192951,0.0739780217913659,0.0717146641852581,0.0695600253436299,0.0060790273556231,0.0501519756838905,0.0212765957446808,0.0623100303951367,-1.2205760160318384,0.1476362374615215,0.2061003601822699
0,0.1079531057512497,0.1013416261382738,0.0930377984691659,0.0890457450589623,0.0913537757499453,0.0831071076011846,0.2237166831194471,0.2634501480750247,0.3727171767028628,-1.3138726412111852,0.1217111484459828,0.1930402988286302
1,0.0968402203169429,0.0932123052484219,0.086966975915663,0.0827593218409344,0.0808262248166557,0.0066607460035523,0.0701598579040852,0.0124333925399644,0.1349911190053286,-1.414076054208029,0.0893687218585335,0.1370516454742085
0,0.0636501915331592,0.0575100764012316,0.0516682753905352,0.0498523307572033,0.0509049720460671,0.0022008571759527,0.0381095795204448,0.0047492181165295,0.0383412486968608,-1.0537066845544052,0.133092610875525,0.1510025600403747
1,0.0873783920302813,0.0833440510147821,0.0801201304442873,0.0748826179172849,0.0693594360916174,0.0025252525252525,0.0606060606060606,0.0353535353535353,0.0959595959595959,-1.3432059208282268,0.0909863884637942,0.1359732606813136
1,0.098680842334828,0.0958287256671003,0.0865279679394094,0.0844606571091713,0.0815221157116533,0.0345756623259991,0.1936461607543781,0.0955321059721598,0.4421306690615177,-1.3369856556141413,0.1010944319876527,0.1306937341804047
1,0.0914574953599583,0.0894784945222067,0.0850971388719594,0.0822395791931709,0.0725439845667237,0.0117845117845117,0.0555555555555555,0.0277777777777777,0.1691919191919192,-1.4451770066953282,0.0629364357058468,0.1256637421975989
0,0.0991585885185824,0.0987678682951775,0.0894994827849379,0.0861333773473061,0.0841342941583718,0.0354695687222894,0.1604191858121725,0.0612656187021362,0.2676340185409109,-1.3852253151468013,0.0979370019790046,0.1601787879557988
1,0.1013429189937417,0.0925533659618043,0.0851511257133098,0.0845582745762483,0.0838480630917171,0.0101449275362318,0.0927536231884058,0.0333333333333333,0.1405797101449275,-1.2212499670315289,0.1580081918973873,0.1524821829372001
0,0.0888840344969452,0.0803532695235688,0.0788029560025695,0.0723935096365992,0.0734413345068342,0.0037037037037037,0.0311111111111111,0.017037037037037,0.1051851851851851,-1.3708469742847218,0.1043976958758986,0.1384748693477751
1,0.0878062689086251,0.0911141258193995,0.0807362136795808,0.0791877432637866,0.0769636984971149,0.0106951871657754,0.0240641711229946,0.0187165775401069,0.0802139037433155,-1.7513456970959471,0.0066941871988189,0.1525794741725426
0,0.0916623961462601,0.0817194449325142,0.0799412876543976,0.0737784657398154,0.075622334732147,0.0142398716405936,0.0613718411552346,0.0633774568792619,0.1754913758523867,-1.4836133114859826,0.0582833718495674,0.1157719785652263
1,0.0938050421305323,0.0895993448742755,0.0832338890278974,0.0799889551110129,0.0776282794178894,0.0100911458333333,0.0514322916666666,0.0309244791666666,0.1194661458333333,-1.2424909265363724,0.1238868321884774,0.1576330058779741
1,0.080541068818787,0.0735843094326611,0.0682148117131379,0.0666216492588953,0.0673847894829374,0.0038610038610038,0.054054054054054,0.0144787644787644,0.053088803088803,-1.056688550138729,0.1427373098746112,0.1868844221557465
0,0.0879617450462955,0.0868156166345258,0.0785979725375311,0.0775015482657971,0.0752392715254972,0.009090909090909,0.0702479338842975,0.0132231404958677,0.0942148760330578,-1.1128328771387177,0.1499565688397842,0.1838364264176305
1,0.1071782538890188,0.1057311257355251,0.0964648632650865,0.0965290500363963,0.0874884688593825,0.0349178403755868,0.2157668231611893,0.0461658841940532,0.2098982785602504,-1.4002317480483195,0.0800560771442555,0.1492061963815797
0,0.0755534689770563,0.0680785112892474,0.0631681796948638,0.0626038989941159,0.062712753842386,0.006482982171799,0.0314424635332252,0.0175040518638573,0.0492706645056726,-1.0479927039506007,0.1194472669635868,0.1534917032699309
1,0.1006733551549855,0.0958918768590739,0.0886687371142584,0.084775853019712,0.0823082428314069,0.0194444444444444,0.0805555555555555,0.075,0.2222222222222222,-1.2738300964536018,0.1119982948380157,0.1639611119499411
0,0.0991577233154699,0.1004450900104279,0.0865928667069802,0.0835395769470353,0.0782799140683526,0.0049504950495049,0.0346534653465346,0.0198019801980198,0.1237623762376237,-1.6104067494489898,0.0253637556016643,0.1148576805004523
0,0.0766855300467576,0.0733984024684931,0.0665443260469975,0.065178163208659,0.0639025474286795,0.0060532687651331,0.036319612590799,0.0278450363196125,0.1150121065375302,-0.9918982667302216,0.263808468421438,0.1551088827091487
0,0.0757312318083033,0.0695233829511165,0.0633255658085841,0.061327407074,0.0629571174445696,0.0017182130584192,0.0206185567010309,0.0120274914089347,0.0412371134020618,-1.1338567542629547,0.1951010580911493,0.1459225024348731
1,0.0889096069148388,0.0849009597527455,0.0805815075159018,0.0749118455695742,0.0724822968549438,0.0100286532951289,0.0816618911174785,0.0659025787965616,0.1747851002865329,-1.3993547346466806,0.0738700699241491,0.1180460139412104
1,0.0897271915966921,0.0773091479401459,0.0751019855429476,0.0707077855454778,0.0726991299754548,0.0054592164418754,0.0459216441875401,0.0253692999357739,0.1249197174052665,-1.1485677473959788,0.1253928946078546,0.1435522093744283
1,0.0722773687317985,0.0649016376593242,0.0619391205939802,0.0612288217514856,0.0564615593581022,0.0019569471624266,0.0397912589693411,0.0071754729288975,0.0593607305936073,-1.118540069988752,0.1517072837026052,0.1424267687334189
0,0.0926958862319093,0.0896720401684175,0.0844240889669353,0.0800841250635742,0.0787515392255211,0.0057947019867549,0.0736754966887417,0.0173841059602649,0.1332781456953642,-1.2657075457373088,0.1301099033132315,0.1731957001207994
1,0.1089764643455364,0.0950335500614781,0.0868797367166013,0.0815930580001299,0.090670913900683,0.0282588878760255,0.1066545123062898,0.0911577028258887,0.2989972652689152,-1.5353563192356208,0.0629842587398967,0.1773402114422965
1,0.0955206486075115,0.0892422738294641,0.0819000890162584,0.0817320283121176,0.0767399632829498,0.0214285714285714,0.0571428571428571,0.0392857142857142,0.1642857142857142,-1.5481560501888505,0.1023020795981593,0.1494896812858182
0,0.0733237468050456,0.0680092944080265,0.0633064602509072,0.0610448913830359,0.0601300924259292,0.0071174377224199,0.0249110320284697,0.0189798339264531,0.0604982206405693,-1.316339516248444,0.0273848591208592,0.0908892258254406
0,0.1033085891149703,0.0917660960475053,0.086194689121923,0.0813060406094296,0.0840117255565124,0.0399727458550987,0.1505791505791505,0.136724960254372,0.2777651601181013,-0.9765849037398894,0.2028160736295934,0.1799442496932914
1,0.092689324301032,0.0823147461138388,0.0777678085976932,0.0778092681863578,0.0760219893813976,0.0076832151300236,0.0382683215130023,0.0208333333333333,0.0616134751773049,-1.6164701216008146,0.0509444989697294,0.1596893783791027
1,0.1027467094114927,0.0977145016432462,0.0938110898875237,0.0890975959281288,0.089453906365949,0.0345514950166113,0.1521594684385382,0.135548172757475,0.2730897009966777,-1.1669484817867954,0.0753394935841158,0.2056475686942856
1,0.0918580248024932,0.0811912426995041,0.0741309716642458,0.071338141359574,0.0753854568734736,0.0055528011898859,0.0479920674268715,0.0206246901338621,0.0762518591968269,-1.3965317860093698,0.111939496018487,0.1644547009212276
1,0.0892075097459941,0.0820591892645091,0.0805047010549569,0.0764111959191245,0.071619932826824,0.0044182621502209,0.0721649484536082,0.0132547864506627,0.198821796759941,-1.0594872571781946,0.1600068540300198,0.1971017094346556
1,0.0789422078813786,0.0707595356671772,0.065722926929011,0.0634476497133838,0.0654069750647242,0.0105551211884284,0.0469116497263487,0.0254104769351055,0.0848318999218139,-1.1808355655270104,0.1183708454978932,0.1541767470328829
1,0.1053367903866281,0.0977174177756061,0.0936245779966885,0.0862955430652368,0.088024282778156,0.0419243986254295,0.1821305841924398,0.1298969072164948,0.4213058419243986,-1.211425842568663,0.1136855762171537,0.1478173142990048
1,0.0968457614762875,0.089442290312337,0.0872877405005158,0.0819419670356405,0.0793934709058223,0.0086128739800543,0.0838621940163191,0.0693563009972801,0.1745240253853127,-1.484319640315953,0.0424780257730922,0.1688742103041936
0,0.1042135059883242,0.0933857931361357,0.0890936628913042,0.0860821491194574,0.0818562017099395,0.007965384993608,0.0685416461795653,0.0445471531124004,0.1797620218310551,-1.41497369474543,0.1202527561936349,0.129923623453762
1,0.0904774483392379,0.0842617208339774,0.0765171022234554,0.07600908361213,0.0724486912024305,0.0122871686852729,0.0505529225908372,0.0229945585395822,0.107249429524311,-1.409449111109036,0.0959885784424088,0.1210726235871397
1,0.0947487589900809,0.0913634228800767,0.083960216943904,0.0790968134019317,0.0818833457367498,0.0082918739635157,0.1771697070204533,0.0490602542841348,0.2103372028745163,-1.0586847633026826,0.0592795718531757,0.1325665672190529
0,0.1018960583145713,0.1027335497733837,0.0936743326563854,0.0913224417473105,0.0854700498682093,0.034957627118644,0.2346398305084746,0.0871292372881356,0.4269067796610169,-1.3711863585486026,0.09538822350465,0.1385908781197555
1,0.105527642626434,0.0951535269040048,0.0877671088347679,0.086245507546384,0.0847513144895574,0.0054184226369656,0.0526791089704997,0.0150511739915713,0.1020469596628537,-1.119643561316909,0.1830483383738995,0.165764895751808
1,0.0801465128619235,0.0776883411516558,0.0715589303786567,0.0683804750013328,0.0670193188565475,0.0059982862039417,0.0462724935732647,0.0154241645244215,0.0874035989717223,-1.1899817698680797,0.1222658809260261,0.1625978043249746
1,0.0765258984967035,0.0732905240797809,0.0700809509185769,0.0693868611429866,0.0645967804539899,0.0029850746268656,0.1313432835820895,0.0044776119402985,0.0761194029850746,-1.18055102952617,0.0928149564509162,0.1588594255374643
1,0.0975333418231702,0.0892901966864864,0.0826258087321692,0.0815648614005366,0.080130996276882,0.0169409486931268,0.0542110358180058,0.031461761858664,0.1016456921587608,-1.266143290034044,0.1279353448857376,0.1632525861680432
1,0.0949911561387201,0.0873747646614564,0.0834401453704921,0.0783402209130474,0.0774019687670286,0.0126459143968871,0.117704280155642,0.0680933852140077,0.1799610894941634,-1.3213890211398476,0.1157026591068086,0.1725558957782369
1,0.0850326896267787,0.081822148670538,0.0758008769638664,0.0749285280812142,0.0705189537533349,0.0053313023610053,0.0312261995430312,0.0152322924600152,0.0708301599390708,-1.2410995915295686,0.1085669644317053,0.1269672509285336
1,0.0863894297101464,0.0807318696280382,0.0740520001680518,0.0720647042854411,0.0699211019065026,0.0076849183477425,0.0624399615754082,0.021133525456292,0.1287223823246878,-1.2232122607897815,0.1212615229837799,0.1708540110766741
1,0.0739297903094676,0.0697189195011108,0.0643245689558648,0.062241055745835,0.0589265443321496,0.0,0.0280898876404494,0.0037453183520599,0.0692883895131086,-1.2122969343966556,0.1096138285330878,0.1740842467607152
1,0.0935385749205158,0.0893912748314759,0.0790228750081688,0.0767504774511426,0.0791214810052042,0.0050031269543464,0.0490931832395247,0.0087554721701063,0.0590994371482176,-0.8713247411751127,0.233450256540794,0.2247366794896509
1,0.0831614908325213,0.0752893950776004,0.0713404776898052,0.0684544920468511,0.0684327248158638,0.0061464457509353,0.046855513985391,0.0299305184393372,0.0758061642615357,-1.04323263189801,0.1537861151418365,0.1776281631310978
0,0.0789744811977112,0.0701309266385437,0.0680083961095241,0.0666287271510212,0.0636759348618763,0.003734827264239,0.065359477124183,0.0186741363211951,0.1017740429505135,-1.06791851737943,0.1652045354516667,0.1417625158620554
1,0.086667960640971,0.0730078860253559,0.0729155712500613,0.0677980202298458,0.0741357486198552,0.001101321585903,0.0418502202643171,0.0121145374449339,0.0473568281938326,-1.0306448430808277,0.1807285601105989,0.1663916537792361
1,0.1119053818118766,0.1077860178485722,0.0986506139660061,0.0913057893965616,0.1002772731308333,0.0145602795573675,0.0805668802174335,0.044651523975927,0.1007571345369831,-0.8556298787390832,0.2272850010976566,0.2463570085694582
1,0.0917238761272834,0.0860231295425507,0.0800123267150836,0.0789806290746459,0.0777866960222204,0.0148528220361868,0.0777747772076694,0.0321361058601134,0.1374561166621658,-1.2151632485229635,0.1231831858631558,0.163227063077092
1,0.0714471717636043,0.0620811605577243,0.0589193249113574,0.0575234575197311,0.056319331058622,0.0038486209108402,0.0166773572803078,0.0070558050032071,0.041372674791533,-1.0155579399590966,0.1699036855313851,0.1497971068932879
1,0.0819788278187972,0.075618796521467,0.0701021600551436,0.0677503151730196,0.0650491518888784,0.0038773352132534,0.0458230525202678,0.016214310891787,0.0729643990130419,-1.1677929629283903,0.1568301591749033,0.1732709902141722
0,0.0751145296267572,0.0729967632147725,0.0682405574572167,0.065750127799575,0.064970165101408,0.0020420070011668,0.0306301050175029,0.0128354725787631,0.0399649941656942,-0.9595809388941352,0.2012334667241626,0.1806444254766512
1,0.0652457454871781,0.0618850169051721,0.0579748989593017,0.0587035735983302,0.0555581058328545,0.0032799536947713,0.023731429673934,0.0069457842948099,0.0324136600424464,-1.2473624893240645,0.0931963084289865,0.130506115700136
1,0.0794036028453614,0.0691030157924354,0.0662906358546414,0.0643054956509789,0.0654294305244748,0.0057133788287573,0.0539596889382637,0.0090461831455324,0.0628471671163307,-1.002835855359437,0.1644268081032204,0.1777071706548645
1,0.0826265944408181,0.0819555866709728,0.0748704852998311,0.0723685830796853,0.0696089019164301,0.0030258250650904,0.0417986067131095,0.007107170501724,0.0508057138836112,-1.1207382866079656,0.1563966940484477,0.160504733226472
0,0.0943714165820276,0.0870664500883097,0.0828024936296142,0.0795212475183915,0.0801513847825826,0.0350584307178631,0.1669449081803005,0.0868113522537562,0.1702838063439065,-1.1537300441130764,0.1297853223334425,0.1842905073600301
1,0.0958296106007964,0.0960045545394803,0.0876245047327084,0.0841491863338568,0.0831638324954077,0.0149625935162094,0.1452251723632096,0.0294851107525304,0.2388147278861669,-1.3037876658280372,0.0951310055456228,0.1602223983853534
0,0.0748095543344309,0.071539533306448,0.0710376517687117,0.0710020148268535,0.0593167404093834,0.0069378744875433,0.0260170293282876,0.0096184169031851,0.0737937559129612,-1.442143709590232,0.1039722575603988,0.119111002322618
1,0.0942881593734235,0.0869255942889552,0.0803835102368396,0.0784605927024522,0.0788719248798551,0.01025390625,0.0712890625,0.02294921875,0.095703125,-1.11592330605372,0.1856964911520961,0.1738127928387377
0,0.0691949571014096,0.0661191522050611,0.0617198512331415,0.0606063778079875,0.0588428377019236,0.0011661807580174,0.0332361516034985,0.0034985422740524,0.0332361516034985,-1.1613635783233422,0.0891872784286864,0.167968952319425
1,0.1020170565686286,0.1065044301003624,0.0984080321771579,0.0950227205403792,0.0906658277974365,0.0295731707317073,0.0695121951219512,0.0533536585365853,0.2548780487804878,-1.143228230599148,0.1555191093461212,0.1721258802963301
1,0.0903638862009958,0.0861529575988065,0.0792702411320038,0.0762449081283541,0.0752271573892218,0.0124593716143011,0.077735644637053,0.0239707475622968,0.0980498374864572,-1.2566574154069223,0.1090650409095607,0.198080337585369
1,0.0738160788529734,0.0642213599906131,0.0584434232300817,0.0582583221120239,0.0602934319917488,0.0053544656243306,0.0274416363246947,0.0085671449989291,0.0360355536517455,-1.0278723309148083,0.13655682296818,0.1362559647647184
0,0.085096256308121,0.0780915766076318,0.074361945235258,0.0711497090807673,0.0679140182757523,0.0069788383610986,0.0411976587122917,0.0252138676271949,0.0871229176046825,-1.345173333266126,0.1291374287976743,0.1442238491930628
1,0.0711116221051782,0.0707387465729219,0.0625562328714971,0.0607071637211046,0.0608079307240441,0.0032654464208988,0.0448569218870843,0.0061012288390478,0.0394431554524361,-1.2543830578491788,0.0834018216370634,0.1384584310683831
1,0.0997810595058384,0.0929509932163109,0.0845912193005246,0.0840991369870973,0.0850036599589682,0.012933025404157,0.0725173210161662,0.0175519630484988,0.0891454965357967,-1.033462083301952,0.2108356710001865,0.1611245378447735
0,0.1008626570051188,0.0938542446651571,0.0870844796847464,0.0823937317760899,0.0805179419705568,0.0240100340440781,0.1338469808278086,0.0723884608493101,0.301021322343666,-1.2643198630054595,0.1296442650498161,0.1345860826425769
1,0.0875817366861607,0.0775518567415261,0.073495818622327,0.0697370619845822,0.070468568647645,0.0083065380493033,0.0423365487674169,0.0209003215434083,0.0691318327974276,-1.1540510109716229,0.1627239766357826,0.1580098761997514
0,0.0609167526833993,0.0587252270449768,0.052307876788015,0.0503698128691845,0.0512379924509551,0.0048426150121065,0.0293583535108958,0.011501210653753,0.0441888619854721,-1.260592936850469,0.0964895049658477,0.17817182030367
1,0.0632808827524161,0.0593442940601371,0.0543154298934162,0.0526986795079829,0.0537738311439767,0.0023071007433991,0.0305049987182773,0.0083311971289412,0.0408869520635734,-1.3425468488322585,0.0763731766249805,0.1483975489854799
1,0.0992325422302503,0.0984155643692412,0.0895080133413362,0.0850570687530703,0.0863040644858274,0.0153246753246753,0.1116883116883116,0.0324675324675324,0.1337662337662337,-1.2697972655571397,0.1253103314784867,0.1625793416394761
1,0.1036846994622456,0.1047297848948294,0.1183421173131185,0.1205595097589012,0.1105960772713952,0.0,0.0,0.0,1.4707396349624226e-05,-0.8520734931236236,0.2758200011764567,0.1756494408610442
1,0.0995385034103447,0.092949277680135,0.0842340387414333,0.0810201585764069,0.0851725532967514,0.0107559926244622,0.1106330669944683,0.0312435976234378,0.140340094242983,-1.354906396777675,0.1058749767551225,0.1337710055432691
1,0.095208301566557,0.0898358654560228,0.0845105451577788,0.0787118668883474,0.0828232185658608,0.0102596986213529,0.1085283744789996,0.0362295607566527,0.1096505290157101,-1.4357509247911169,0.0757246714729294,0.15559819789164
1,0.0921675491170188,0.0890708695279818,0.0813180514879745,0.0779824724656432,0.0760663379844364,0.0060644346178142,0.0452305748578648,0.0181933038534428,0.0993051168667087,-1.1175009791222277,0.1154664024513145,0.1101405665010284
1,0.0744257412489641,0.0666842039158543,0.0638088013816219,0.0622292874997229,0.0595984808136341,0.001989509857117,0.0157352143244709,0.0088623620907939,0.0383432808826189,-1.1260341681775676,0.17017385048174,0.1817949050908023
0,0.0988145457717417,0.0977817376044097,0.0908212450801714,0.0881136113829236,0.0820626176848278,0.0590370449450197,0.204868154158215,0.1086260275435037,0.4511049428845948,-1.478661387011866,0.0753817115578291,0.1598693851323689
0,0.0839503525487721,0.0793140153980804,0.0734115797818369,0.0705126097845016,0.070290020925005,0.0071877807726864,0.0386343216531895,0.0341419586702605,0.0880503144654088,-1.1402155242543115,0.1562912976509047,0.1644598909332105
1,0.0928280594898914,0.0867776816034593,0.0816782457684395,0.0773568321727167,0.0783575708399496,0.0143636223980336,0.1149089791842691,0.0497734080958598,0.170750441662186,-1.251334721902757,0.1090920331203318,0.151209056474132
1,0.0833223279387501,0.0773765189133817,0.0732068445847428,0.0711145781149896,0.0717885557324707,0.0056947608200455,0.0578587699316628,0.0203872437357631,0.1117312072892938,-1.3379946843451953,0.0812699135071375,0.1725570522039677
0,0.1022594166695243,0.0987582747797525,0.0932165284882671,0.0901396673098377,0.0875201901565502,0.0162550137217648,0.0977411864048976,0.0331433396664555,0.1036521004855393,-1.3589268230011626,0.1088361056804041,0.1718583056498389
1,0.0825431537985678,0.0790935701074914,0.070729566567025,0.0685876404491443,0.071907446404774,0.0103688933200398,0.0667996011964107,0.0127617148554336,0.0853439680957128,-1.2077588006301896,0.1347120025795065,0.1630741945756454
0,0.0719128833288407,0.0668936065388845,0.0625841766625063,0.0619471051618336,0.0585144370428537,0.0056723390056723,0.0533867200533867,0.0166833500166833,0.056056056056056,-1.1709324610143468,0.1163433363630022,0.1640864472278227
1,0.0897626542314585,0.0851935489355231,0.0776638705066427,0.0747851040918594,0.0736445079941363,0.0089766606822262,0.0718132854578097,0.0206463195691202,0.0960502692998204,-1.0443064285109864,0.1731976038721296,0.1483067164250103
1,0.0894430475754324,0.0798452455211325,0.0745586074177373,0.0718477043166898,0.0737713244635495,0.0103202846975088,0.0469750889679715,0.0226868327402135,0.0789145907473309,-1.135291495059372,0.1403578855936751,0.1409533499848003
1,0.0755854719939929,0.0674713424597613,0.0653127597908564,0.0610049919322898,0.0613904814930761,0.005952023086635,0.0539289364516323,0.0437082907473095,0.2007455059219623,-1.377540068681982,0.0348491842776191,0.158721567058635
1,0.0754398627273672,0.071176828397945,0.0651818001040294,0.0624164517593156,0.0627337452919676,0.0050243366305542,0.0351703564138797,0.0210394096404459,0.0694771549693829,-1.076402595680802,0.1628837664615741,0.1216120748398121
0,0.0855468161430107,0.0782941078769952,0.0736072615715611,0.0714013167652085,0.0716257782827347,0.0106145251396648,0.0410614525139664,0.0226256983240223,0.0687150837988826,-1.187211871310373,0.1181023358610706,0.2037724144763732
1,0.0902191240991911,0.085858751463845,0.0803819062045371,0.0761794721450072,0.0775359740739913,0.011330322478409,0.0852547341732034,0.027969257586562,0.1104508359084066,-1.2871755556934392,0.0881553680482958,0.1907025686938973
1,0.1047664854333301,0.0963435757870372,0.0898187873883123,0.0854928411510122,0.0847507278224937,0.0197014925373134,0.1683582089552238,0.0695522388059701,0.3164179104477612,-1.2594385589064752,0.1620209856371053,0.1558286593813716
1,0.0833663277698626,0.0782224372776164,0.0733768355344098,0.0699114915992619,0.0687627847832246,0.0041721563460693,0.051822573561704,0.0177865612648221,0.1115502854633289,-1.5468995098791467,0.0526979080170443,0.1405953437960111
1,0.079255947787987,0.0735321915210204,0.0671354494286221,0.064144814799271,0.066019812018503,0.0031574199368516,0.03382949932341,0.01127649977447,0.0469102390617952,-1.2145823658458796,0.1312433656902313,0.1529641965256437
0,0.0989351734562594,0.0927105247348856,0.0825236433049502,0.0824731552066187,0.0806016037377328,0.0231591448931116,0.1621140142517814,0.0279097387173396,0.1478622327790973,-1.0123444245921525,0.1776549648573783,0.1798274624612232
1,0.1030562025396355,0.0875946604067182,0.0841451231318968,0.0825898912645822,0.0815060231881627,0.0112359550561797,0.1011235955056179,0.0168539325842696,0.1573033707865168,-1.0496432884819369,0.1721558275516148,0.1319939290983981
0,0.0795144885993291,0.0753574223582455,0.0709802571016477,0.0676607694728306,0.0650757568712803,0.0029979389169945,0.0217350571482106,0.0063706201986134,0.0605208918868278,-0.9680654729780308,0.17773603483065,0.16403245579284
1,0.0810223302542597,0.0731552277846172,0.0694198616977792,0.0658052081953758,0.0673192657897663,0.0057369814651368,0.036738746690203,0.0205207413945278,0.0669682259488084,-1.1045733627710088,0.1601175658194618,0.1628955709157676
1,0.0796459977677216,0.0766569347007406,0.07369515571237,0.0699330056879762,0.0681523953766533,0.0042922066992088,0.0408180441003198,0.0111934017842114,0.0537788251136172,-1.1571533845353652,0.1234268479948112,0.149162997680475
1,0.081729910958007,0.0773295350596262,0.0686639701463044,0.0669192187318786,0.0712344555332211,0.0060893098782138,0.0487144790257104,0.0115020297699594,0.0480378890392422,-0.8982577818453557,0.145198048798281,0.2219936727478624
1,0.0940850332440071,0.0917604706166906,0.0839928152443895,0.0810571229260614,0.0800152969138043,0.0171821305841924,0.0902061855670103,0.0206185567010309,0.1451890034364261,-1.1807001216005448,0.1377055395778532,0.2011580591890683
0,0.0850055802996708,0.0757366444509448,0.072153674083218,0.0687952038035008,0.0676936664256377,0.0028578232912598,0.0521552750654917,0.0119075970469159,0.0828768754465349,-1.190004224208186,0.1370281203600147,0.1732604556410862
1,0.0953301754741636,0.0821186876063386,0.0787301224524814,0.0730930588636628,0.0791001042047771,0.0172599784250269,0.0658036677454153,0.040992448759439,0.1596548004314994,-1.2421722461327311,0.1065199129816609,0.13733901162564
1,0.0942450576593948,0.0913557157507798,0.0837544807014183,0.0823648881813032,0.0789508968486124,0.0284757118927973,0.1371141421392677,0.0232112945680784,0.1521895190236898,-1.0114990219429183,0.1879342683191391,0.1521759226091676
1,0.0950625562922791,0.0895450766895968,0.0811073099538425,0.0795356807511744,0.078778834667269,0.0098751630333519,0.0564561207378423,0.0178870877585243,0.1045276690888764,-0.7139308085338713,0.3296946818143756,0.1922911526382406
1,0.1072770046508477,0.1035312851627705,0.0907730783075234,0.0884924424730497,0.086944426566791,0.0099358817483236,0.0953453085996769,0.0297097547843962,0.1415006607606088,-1.2376913808700596,0.1464301151666854,0.1782644341817692
1,0.0852847718275381,0.0803672749064407,0.0720506141779616,0.0702127813213692,0.0707374677921531,0.0046330994072358,0.0427199018873066,0.0108332765551543,0.051917966886966,-0.963989828788193,0.2115294934799557,0.2062250962670623
1,0.096473353033077,0.08843170354744,0.0823284646751721,0.0810554542174167,0.0780570926151493,0.0124742268041237,0.0995876288659793,0.0215463917525773,0.1177319587628866,-1.2360987005357824,0.1058363884145512,0.1684351727999645
1,0.0945162435317897,0.089090710734612,0.081064369876968,0.0781046236866399,0.077331672256609,0.0094094341958648,0.0872848830011142,0.0147331930172093,0.0991704840906277,-1.119467479731986,0.1717006893018335,0.1624287789674871
1,0.0957622630120541,0.0865920308042478,0.07676156052426,0.0752787627955945,0.0765408163368689,0.0030110935023771,0.0329635499207607,0.0083993660855784,0.0518225039619651,-1.1373402722763544,0.2104827808861625,0.1553353440631526
1,0.0934006510793388,0.0892613619200123,0.0830929185425166,0.0788408444965788,0.0806471804467225,0.0179818066426909,0.0799661518933784,0.0270784852972286,0.1186799238417601,-1.3135176667653174,0.0978381477726277,0.2586668081550114
1,0.1028395025932893,0.0986779113342775,0.0916411932811203,0.0871284543525075,0.0879773235029234,0.0134529147982062,0.100896860986547,0.0706278026905829,0.2869955156950672,-1.279587274826832,0.0974196174696754,0.1657883970261399
1,0.1054395297225154,0.0961143356186262,0.0906840488821596,0.0867671513973237,0.0865715749297615,0.0194857604058572,0.1046927245474461,0.0388562204542834,0.1346708174795342,-1.2786132751350767,0.130834343773118,0.1481571534069784
1,0.0940937383983827,0.0823830009790451,0.0773462991808756,0.0740907991703724,0.0744217699149988,0.0054054054054054,0.0756756756756756,0.0196911196911196,0.0797297297297297,-1.1181817777803422,0.142216408508278,0.1701162120564101
0,0.0840622014941624,0.0768164146586205,0.0721203372651268,0.0706579572230873,0.0705706421633568,0.0058182414160452,0.0420798164385806,0.0153650741620912,0.0639187085142997,-1.1844906750162612,0.1126584060171853,0.143570240064957
1,0.0807076163867363,0.0825373987819938,0.0751639859065047,0.072194087545439,0.0695672836120244,0.0046006486160343,0.0512104985293008,0.0168187646127158,0.0744400030168187,-0.928064338736442,0.2353701646626872,0.1422650085444211
1,0.0852443506486287,0.0823539616701806,0.0782652386803563,0.0733815665884509,0.0698167410955773,0.0069054812257229,0.0591281829952524,0.0276219249028916,0.13034095813552,-0.8480145239657721,0.1270942900752488,0.1358882028972084
1,0.104468011007506,0.0969739386092445,0.090179627674101,0.0892174769931299,0.083886769202723,0.0082716586852416,0.1062255115367871,0.020461471484545,0.1047017849368741,-1.0320232097200317,0.1610994724382819,0.1815043884946641
1,0.0738994609998227,0.0661223178403673,0.0631100511412577,0.0590333992092233,0.0605591074940353,0.0021881838074398,0.024507658643326,0.0109409190371991,0.0393873085339168,-1.164709478144392,0.1401505468548866,0.158317272814291
1,0.095251310276807,0.0919585505911682,0.0824814063138231,0.0799027816361185,0.0802726560520311,0.0082197900379718,0.1074826893008711,0.0163949073039982,0.111771275407639,-1.1646747722388682,0.1191579384176484,0.1642519286331206
0,0.0773988487276359,0.0711946611246041,0.0661309209813772,0.0634555813401545,0.063926628007989,0.0040940460872616,0.0364370101766288,0.0121066791437595,0.0590712364019183,-1.05021070448449,0.1045565991781609,0.1596228795042103
1,0.0674412120859762,0.0605087705776718,0.0583558384867642,0.0570773222297209,0.0566009548552241,0.002960769800148,0.0276338514680483,0.004194423883543,0.0224525043177892,-0.9279690308439428,0.1884791182426591,0.175830978373827
0,0.0880519561923189,0.0870263247846115,0.0805184741122617,0.0791010253087112,0.0756535694927627,0.0362298330031135,0.2185111803000283,0.0484007925275969,0.264081517124257,-1.3600543736449826,0.0788343475212223,0.180680622145162
1,0.1013169528803342,0.0945998805900485,0.0877432742570677,0.0827616828670755,0.084978077336953,0.0101863021042755,0.1211633829245409,0.0348478756198901,0.1300093821203592,-1.145892142465362,0.1544143100805747,0.1852350059274876
1,0.0730603687782162,0.0609767714959618,0.0608464694228425,0.0583093015395178,0.0567988827079729,0.0058365758754863,0.0311284046692607,0.0097276264591439,0.0583657587548638,-1.1764806742443346,0.0799370761719163,0.1258096033856544
1,0.0970034610508383,0.0924781973569396,0.0847040894308341,0.0816180857451566,0.0818933555352486,0.0079365079365079,0.041407867494824,0.0144927536231884,0.0841959972394755,-1.3071510159149649,0.0949243849993497,0.246357190398268
1,0.0850415683787222,0.0787777344134609,0.0738535566953512,0.0699205603172083,0.0716844411231171,0.0064737746069493,0.0919540229885057,0.0257629805786761,0.0883868410622275,-0.7909980372072994,0.0888326550544388,0.1544005965895146
1,0.0863210599564706,0.082409185897995,0.0762761148912524,0.0731715554974025,0.0725928652689727,0.0071754729288975,0.0580560991519895,0.022504892367906,0.0887149380300065,-1.1486542406923752,0.126612387676623,0.1654812216895198
1,0.0905198218257757,0.0783372012649571,0.073534433734774,0.0710803252420972,0.0726013221358838,0.0102062513289389,0.0418881564958537,0.0148841165213693,0.0535828194769296,-0.9674797819029476,0.2071345370343129,0.1988010299484782
1,0.0700151342874881,0.0643405979065022,0.0599305761327855,0.0581274275843727,0.0578519675232098,0.0059347181008902,0.0466299279355659,0.0190758796100042,0.0415430267062314,-0.9040878009984404,0.1765648995224287,0.1443294981178373
1,0.1059455358872964,0.0998088470097898,0.0900691956480373,0.0860313381516352,0.0880546422871197,0.009982825246887,0.0808286818376985,0.0413267496779733,0.1533920137398025,-1.1784052284368016,0.1411760135253146,0.1856937387816001
1,0.1099063123015135,0.1060259684943636,0.0954085008415271,0.0934011270134946,0.08917718785958,0.0264986456247791,0.154634318690378,0.0332116358497232,0.1449770345071251,-1.2007837811749478,0.1566536709364664,0.1826837734139919
1,0.068788864629161,0.0631559949693288,0.0602738928381783,0.0582776441771886,0.0567481855343238,0.0023529411764705,0.0294117647058823,0.0068235294117647,0.0465882352941176,-1.2154263358299806,0.1029671793087024,0.1487009754218624
1,0.083481877512253,0.0788759591698292,0.0735601852929998,0.0698214155662471,0.0709827514466551,0.0054374691052891,0.0771131982204646,0.0182896688086999,0.0746416213544241,-1.1699164843885836,0.1431273820738712,0.1586973722072271
1,0.098165932594099,0.0909417229030772,0.087868807892874,0.0850591146587827,0.0798411962972523,0.011070110701107,0.0996309963099631,0.0324723247232472,0.1468634686346863,-1.1670740971663534,0.1788170215882468,0.1570731200748972
1,0.0716276480419491,0.066298762326388,0.0612425709372239,0.0584935518786463,0.0613236040420708,0.0027122887544335,0.0594617150010431,0.0116837054037137,0.057792614229084,-1.0841454190407418,0.0975527003505314,0.1501778719750458
1,0.0731109908138911,0.0649959106411325,0.0617343599173102,0.0611648443256474,0.0604650801950866,0.0023364485981308,0.0315420560747663,0.0055490654205607,0.0344626168224299,-1.2283051969344645,0.0804945281763641,0.1761518340576739
1,0.0941947789767018,0.088532884190304,0.0828980850158685,0.0794897527427155,0.0786510344248461,0.0072353833586182,0.0446959971992064,0.014937565643599,0.0840238067452444,-1.231370329797924,0.122561737391649,0.1608051258358623
1,0.0988928887903154,0.0905945936966717,0.0826793121970675,0.0791291749941259,0.08175000333722,0.0087540716612377,0.0885586319218241,0.015472312703583,0.1131921824104234,-0.9226682396442734,0.2197769340298429,0.1910329066367908
1,0.0900922489440909,0.081965769429451,0.0758529473148016,0.0712800942492038,0.0736559924711132,0.0076045627376425,0.0329531051964512,0.0418250950570342,0.0937896070975918,-1.1948748724390983,0.1485396691640854,0.1759450521683739
1,0.0968546669493023,0.0902106017833388,0.0852289039545887,0.0817942158746564,0.080463678478633,0.0225727495240685,0.1237421811259178,0.0636388360076149,0.1536578732662496,-1.1499948940374831,0.1263093638476829,0.1495725929542585
1,0.091225978470977,0.0881852739770605,0.082302844758643,0.0799927257699801,0.0745590007541546,0.0089365504915102,0.0956210902591599,0.032171581769437,0.1742627345844504,-1.3618013814178882,0.075411091853311,0.1190798678377556
1,0.1089821265134727,0.1025039531590257,0.0947138005913621,0.0944851866599,0.0893863743506182,0.0587603971022269,0.1738663804668634,0.0660048296216796,0.3037295411859404,-1.2246218643360032,0.1252341448382765,0.1550779022370171
1,0.0986265066735568,0.0940845615405654,0.0822684210107926,0.0801274791915822,0.0793203495396652,0.0199132351895313,0.0787995163928596,0.0358438233411563,0.1541142166275513,-1.283450435986035,0.0839425583275115,0.1271726278880987
1,0.0860499531860104,0.0808928040397768,0.0750705962130073,0.0724064182051436,0.0720564442865157,0.0085106382978723,0.0788652482269503,0.0235460992907801,0.0873758865248227,-1.195513454130824,0.1200379357783165,0.1681963522266114
1,0.0701202875598784,0.0635175934163361,0.0604243956553373,0.0584466803731727,0.0577154225959247,0.0021857923497267,0.0289617486338797,0.0047814207650273,0.0415300546448087,-1.2197044478246557,0.1199893673278488,0.1714906386658638
1,0.0843419283525403,0.0786053513554263,0.0715060048265557,0.0703650594882105,0.0677287329005274,0.0050785402149521,0.0395653714420692,0.0155899374040392,0.0660210227943781,-1.0478166647506424,0.1647060530755842,0.1541346021695925
1,0.0885621929412605,0.0857762019985906,0.0800926584333918,0.0762715524404662,0.0723032484324059,0.0109034267912772,0.0514018691588785,0.0311526479750778,0.116822429906542,-1.1348954815805408,0.1417671285841931,0.148527649935052
1,0.0839838601328557,0.0793782391497549,0.0737622216114007,0.0698602604822098,0.0691108706259023,0.0081833060556464,0.0675122749590834,0.027823240589198,0.0994271685761047,-1.1991052974596166,0.1062670483159623,0.1432605507274652
1,0.0896042986557465,0.0849964031819888,0.0816009607596252,0.0788997516336216,0.0751937885424054,0.0116042935886277,0.1221351900203075,0.0371337394836089,0.1276472294749057,-0.9450833642065826,0.1166519696213634,0.1373749778764982
0,0.0913033401512577,0.0869709296453424,0.0810883134969892,0.0776453379861391,0.0751362455732721,0.0105177582439916,0.0860220517250139,0.0250495401656419,0.142421624917433,-1.1459737255736115,0.1002846668765902,0.1528372662645464
1,0.0918155199290407,0.0884272002475985,0.0790299451247289,0.0790906491994788,0.0748672477424235,0.0063565443513435,0.1077723201386882,0.0595203698353077,0.263507656746605,-1.4813512796820631,0.0697660099644807,0.1295000868186077
1,0.0871339843778501,0.0786854947884831,0.0737977106320884,0.0722815998992392,0.0693562585549082,0.0160567587752053,0.0522778192681105,0.0313666915608663,0.1138909634055265,-1.0880665534236214,0.170377855790081,0.168536480432832
1,0.0897262401600109,0.0809723959559824,0.0764882653380873,0.071663609533803,0.0747022044722579,0.0071620411817367,0.0671441360787824,0.0310355117875261,0.1235452103849597,-1.211473043168067,0.150877124078486,0.1648631090344183
1,0.1038333771620535,0.0992922699666998,0.0955464931894938,0.0901817448474643,0.086050120560449,0.0602564102564102,0.2705128205128205,0.1012820512820512,0.4717948717948718,-0.9340138210506248,0.2278943734482555,0.1520988728155199
1,0.0948260319442362,0.0922620234580385,0.0833114492493836,0.0805961949838999,0.0825347298948555,0.0076067051697422,0.0378926609381603,0.0170446541766445,0.0802929990139456,-0.6934618264265122,0.3017521783477478,0.1430494498859235
0,0.0707411621199377,0.0652804406103014,0.0592359127112435,0.0575226178306202,0.0590772702766922,0.0034482758620689,0.0270935960591133,0.0118226600985221,0.0315270935960591,-1.0414922022135171,0.1713314165249747,0.1572213478811434
1,0.092057213014311,0.0885246542985361,0.0815571077781572,0.0772732602656059,0.0782025466918396,0.0061202185792349,0.0553005464480874,0.0166120218579234,0.0592349726775956,-1.2989227391268643,0.1299660246625839,0.1866828726727918
1,0.0928509388522513,0.0896358173037328,0.0810672982304113,0.0797488519674344,0.0768201562433584,0.0179937022042285,0.1412505623031938,0.0247413405308142,0.1565452091767881,-1.108428815664249,0.1362208279549818,0.1770568517743467
1,0.078425279839702,0.0735986697644928,0.0671840617200931,0.065619157401029,0.0665415569916173,0.0043100007981482,0.0443770452550083,0.0086200015962965,0.0533961209992816,-1.0344666477848183,0.1792850610048944,0.2725214714260608
1,0.0913848320080457,0.0890296626060049,0.075983893544355,0.0772413961019951,0.0756319769647469,0.0072501294665976,0.0633523217676506,0.0096668392887968,0.0576557914724667,-0.9920820287358098,0.1769611903742841,0.1527231702188178
1,0.0805057230815956,0.0713691526650946,0.0670827124562258,0.065497540207686,0.0656182634582923,0.0049904030710172,0.0387715930902111,0.0084452975047984,0.0468330134357005,-0.9095785301021478,0.2203216483434926,0.1745759137768645
1,0.0914515621270404,0.0813013856353361,0.0757006619213818,0.0722897455854867,0.0737416838362093,0.0045986072789383,0.0501905137301274,0.0164235974247799,0.0739718828012087,-1.209710992770325,0.1349251419624101,0.1657911263505857
1,0.1092524802032856,0.1039039323704695,0.0907681859747055,0.0880144782965394,0.0863246007176088,0.0071471113758189,0.042287075640262,0.0148898153662894,0.0798094103633114,-1.225014167370643,0.1373196227502436,0.1660974879113206
1,0.0958363309154305,0.1009799935527623,0.0891435068546817,0.0891387524079016,0.0831863361491457,0.0114904793171372,0.0537316699496607,0.024513022543226,0.1271613044429853,-1.3121696113458854,0.1298535439848734,0.1576217422572599
1,0.0882037886418203,0.0830961546773295,0.0786071618860022,0.0750076395003998,0.0723448220039839,0.0110100526567735,0.0459550023934897,0.028721876495931,0.0832934418382001,-1.3549432601446063,0.1014448832690683,0.1616859852308608
1,0.0874892262372633,0.0778112205721263,0.0748608184065545,0.0714985079470872,0.0709584851674427,0.0065485935407054,0.036463759488019,0.0191992856079773,0.0888525078136627,-1.0529257287628475,0.1499535683040586,0.1493220946330696
1,0.0801284093512954,0.0765043816205822,0.0711164028378874,0.0692286825472393,0.0672634374728105,0.010031048483401,0.0857415810843085,0.0229281108192022,0.1194172438500119,-1.108620171479668,0.118582986169121,0.1899636615624989
1,0.077666427688008,0.0753635262382014,0.0706580760732205,0.0665785571848943,0.0685685358014334,0.0053191489361702,0.0659574468085106,0.0106382978723404,0.05,-1.0705588704733402,0.1508173159962093,0.2232091771600973
1,0.069345663182872,0.066264220238196,0.0597927993270166,0.0596819542636472,0.059812991966764,0.0023628248884221,0.0383302704121816,0.0042005775794171,0.0375426621160409,-1.1516574244726376,0.1068188149406787,0.1542074003248509
1,0.0895305353208095,0.0817071336044407,0.0769103586216787,0.0754756064027563,0.0765313280077906,0.0085417937766931,0.0482001220256253,0.0335570469798657,0.0707748627211714,-1.0953483183412636,0.1490063024441408,0.1577912848127653
1,0.0985973612668466,0.1008445664083844,0.0882492348585317,0.0871289517356769,0.0828299654190152,0.010164997053624,0.058043606364172,0.010164997053624,0.0847083087802003,-0.9996228842026194,0.2120730986565268,0.1661130551892323
1,0.1047234600092851,0.0975666173679988,0.0912086924496037,0.0891966051720351,0.0863014574062271,0.0246995994659546,0.0874499332443257,0.0420560747663551,0.1742323097463284,-0.4713716603201128,0.4300181199621082,0.2050015546162046
1,0.0567061865859606,0.0259216445577582,0.0476257093663492,0.0337553308457196,0.0395492286255394,0.0010736196319018,0.0077453987730061,0.0014570552147239,0.0167177914110429,-1.1446819548306535,0.1451578093847933,0.1830843191680805
0,0.0957831665992291,0.0906431959184981,0.08203115289351,0.079339309557016,0.0823297506973829,0.018783984181908,0.1265447355412753,0.0301532377656945,0.1393969352446861,-0.9288022353142564,0.2045086891088348,0.169503665218942
1,0.1019981112396686,0.0964988856742929,0.0875861815971001,0.083921734354077,0.0850946063983073,0.0259615384615384,0.1,0.0870192307692307,0.2192307692307692,-1.1615734278655423,0.1192853520380868,0.1443378095000934
1,0.0936281531333353,0.0922139179077301,0.0824668551390336,0.0785507745328445,0.0805588344245984,0.004452737373309,0.0702684364530766,0.0156481913404859,0.0762902336626945,-1.498904841775072,0.0782238639256975,0.1465091366045026
1,0.1113092486879424,0.1064019330135052,0.1008444225481063,0.0929471109386229,0.0947889464657572,0.0747267454829355,0.1563685032344412,0.2201650680347981,0.3859022975685924,-1.0397735068526768,0.1929625894176247,0.1606026415135259
1,0.0958791085678755,0.0881531420671544,0.0821604887512883,0.0780476775265797,0.0781720494995902,0.0050480603001175,0.0527626028628725,0.0205379987552728,0.0916257520226817,-1.243520654446053,0.1211723833372769,0.1547830902971345
1,0.0994323650345084,0.0963934746112049,0.0858484712380297,0.0838125022747077,0.0888783102881316,0.014963935838088,0.1636344062870061,0.0245451609430509,0.1843040155022069,-1.2705647211133415,0.1125545791861549,0.2124203315435698
1,0.0837424429774832,0.0756470683473166,0.0713493150373425,0.0690209315625525,0.0664920188971001,0.009126737191454,0.039618336444721,0.0182534743829081,0.0593237917444513,-0.9781663579684932,0.1961744616776457,0.1617581216182843
1,0.0920864873442414,0.0890492402172026,0.0816880741317977,0.079637400647169,0.0759380793618637,0.0092344355078939,0.0437890974084003,0.0154900208519511,0.076258564194221,-1.1797201326441356,0.1035766206903037,0.1435554490956964
1,0.0815943015942567,0.077928867916873,0.0742318536009498,0.0694541405296341,0.0713158862257191,0.0026281208935611,0.0415243101182654,0.0226018396846254,0.0720105124835742,-1.2160088880239963,0.1366251533098094,0.1731248070727744
1,0.1047409210201819,0.0970134208735488,0.089616093892979,0.0861188522577131,0.0844689041364432,0.0249332146037399,0.2867319679430098,0.1531611754229741,0.3161175422974176,-0.8873539271822245,0.2796844376203287,0.1631834985157132
1,0.099372457706956,0.0942045678200795,0.0854149773799971,0.0826502743658434,0.0818789238503802,0.0104308390022675,0.0707482993197279,0.0167800453514739,0.0907029478458049,-1.255194585847529,0.1297587926204507,0.1710532179890554
1,0.0873789880737814,0.084111758479911,0.07939996604143,0.0762729650703102,0.073446147854942,0.0067567567567567,0.0678378378378378,0.0167567567567567,0.1305405405405405,-0.9117083289341618,0.1356825536994513,0.1457556810656171
1,0.0976435945944313,0.0899205685689942,0.0843553640910412,0.0791806292862524,0.0803068487680106,0.0307609282245008,0.1381543443065299,0.0781165677280086,0.2900701565029681,-1.1351924196191507,0.1555343416215607,0.1495611009487043
1,0.0885834154062593,0.0844156811740154,0.0791439310762302,0.0762564224861485,0.0772045436550288,0.0110128483230435,0.0629067245119305,0.0226931419989988,0.0850992824962456,-1.290778425678112,0.1312425613794967,0.145616883423988
1,0.0918641614708851,0.0867896011611477,0.0799210221450824,0.075217704897729,0.075352790402963,0.0037359005675695,0.0671743659745671,0.0376463826424312,0.0897334578633522,-1.2752967034784666,0.1126578571982682,0.1499669686891407
1,0.0872720364821056,0.0891994057856309,0.076636329479907,0.0759506653978616,0.0739356720921865,0.0088570223534373,0.0864614086883171,0.0594685786587937,0.1239983129481231,-1.3269175860507447,0.072212815204142,0.1462631393754568
0,0.0921582850086141,0.0831421634047272,0.0783620683460213,0.0743440071383566,0.0776709503662597,0.0117021276595744,0.0659574468085106,0.0354609929078014,0.0819148936170212,-1.0884238137145517,0.1782863244342925,0.1980360047516279
1,0.0866555870526994,0.0762123315949856,0.0709034573405535,0.0677052119631899,0.0724014314775414,0.0069190069190069,0.0301180301180301,0.0195360195360195,0.0895400895400895,-1.2223447684086466,0.1298938014457193,0.168612144608364
1,0.0972034800826707,0.093391767743434,0.0868253019575041,0.0832766736577943,0.0812999949260395,0.0100627810677234,0.0967095596420143,0.0273387060866467,0.110334387105392,-1.2635790699559373,0.1249255423063837,0.1546906530677848
1,0.1066515682779738,0.100737351401122,0.0927760534105873,0.0882869518331704,0.0898800025760955,0.0454331450094162,0.2624764595103578,0.2455273069679849,0.4851694915254237,-1.3276191806021835,0.0923925052344929,0.1658156359333744
1,0.0795613458430548,0.0688152928988596,0.0684440132429365,0.0632058270068475,0.0628653602618453,0.0041398344066237,0.0317387304507819,0.0257589696412143,0.1076356945722171,-1.311089599690188,0.1010085690490896,0.1285003747270647
1,0.0649172460059609,0.0584556709777945,0.0535921703755251,0.0538383452317683,0.0538988427505161,0.0049963441384352,0.0277845478917865,0.0101145503290275,0.0391177187423836,-1.1255324081347906,0.1238396610712071,0.1649534286537262
1,0.0922391013706276,0.0864573035764227,0.0840213135851166,0.0814034329391142,0.074252566235546,0.0123318385650224,0.0590433482810164,0.0179372197309417,0.0844544095665171,-1.0738830620985556,0.1612037310364147,0.1445422902752369
1,0.103645514294702,0.100285308658002,0.0875841190968356,0.0837274040141612,0.0868234857729591,0.012531328320802,0.1115288220551378,0.031328320802005,0.1416040100250626,-1.0429380808460196,0.2228725526206695,0.2451179952565227
1,0.093378020624981,0.0864768050372014,0.0814984015232709,0.0777316805547486,0.0759636998564498,0.0095369412846145,0.0821555785361369,0.0342410662989773,0.1219119843732046,-1.278921440291734,0.0978311670510454,0.1687193484785213
1,0.0680853456711055,0.0620723933224122,0.0587231069021567,0.0563002279318557,0.0559528606505621,0.0166515289131092,0.0675143808658795,0.0208900999091734,0.059642749016046,-1.2220653017242404,0.1289424929113257,0.2048895412524166
1,0.0659738573514217,0.0606693769045369,0.0574566040675709,0.0554918812500764,0.0549144027857771,0.0026276276276276,0.0202702702702702,0.0105105105105105,0.0307807807807807,-1.2884524675430975,0.1153249840339286,0.1524638112943368
1,0.1001184110594066,0.0918630374117717,0.08566719454916,0.0846754302510749,0.0839242057201254,0.0148413510747185,0.1079836233367451,0.0353121801432958,0.0931422722620266,-1.2973579980035592,0.1006163449399958,0.2620936643931837
1,0.0847913867880036,0.0803289706978667,0.074633602828937,0.0721229250010224,0.0695312874237538,0.0052095953477102,0.0531863338987157,0.0268960503998061,0.093530409498425,-1.3418719482149148,0.1077656493962552,0.1428882768965805
1,0.0872428886514964,0.079502447138568,0.0738059718933841,0.0709119133854547,0.0732536276133274,0.0130156629163909,0.0527244650341936,0.0249283035517317,0.0847121111846459,-1.046710771726719,0.0811631718532744,0.1281816843894991
1,0.0821952312080288,0.075529740914113,0.0708893641676627,0.0673901504557468,0.0668975205159027,0.00578480524489,0.0497493251060547,0.0381797146162745,0.1234091785576552,-1.2670017753719796,0.1075783104538207,0.1701220632024944
1,0.0861603968588102,0.0792383780307593,0.0743487141712421,0.0714935294875228,0.0709257917525567,0.0051216389244558,0.058898847631242,0.0140845070422535,0.087067861715749,-1.1155222262176514,0.1324826267731574,0.1935908867636437
1,0.0737784175506162,0.0682140497309467,0.0646288453603489,0.0618672851393027,0.0611370683960545,0.0025515210991167,0.0360157016683022,0.0080471050049067,0.0469087340529931,-0.9236622220796455,0.1368515716238939,0.1631150306660518
0,0.1008550317925309,0.0997311726047929,0.0895467711745801,0.0872113388645023,0.0838231026021714,0.0174326465927099,0.1069070258848388,0.0417987321711568,0.1615161119915478,-1.2579912199857248,0.1270571789462694,0.1449323607044369
1,0.0957805303272213,0.0883094450766967,0.0817423205643911,0.0773309139386841,0.0828415146479783,0.0077275634193135,0.0671498614367938,0.0221701129823065,0.1209763376678746,-1.207980590370234,0.1109775387402038,0.161511563749529
1,0.088841869229264,0.083563444855456,0.0765020495497055,0.0758392920948233,0.0729322122073753,0.0033726812816188,0.0691399662731871,0.0089938167509836,0.0449690837549184,-1.1499299253414963,0.1353376445353223,0.1684181408848962
1,0.101149091422899,0.1007795054878134,0.0939591258992146,0.092807837379199,0.0826969174632178,0.0141993957703927,0.0347863616745792,0.0210185584807941,0.0743634009495036,-1.5156452351041751,0.0671636089680384,0.1583991927634524
1,0.0695836798323884,0.0625964878679478,0.0619467545007914,0.060062101342968,0.0588801549922583,0.0022232103156958,0.0364606491774121,0.0102267674522009,0.0658070253445976,-0.9983798864660774,0.1699417196269368,0.1835770257174744
1,0.1027551151034956,0.0926724275249744,0.0923369492033296,0.0836198322312715,0.0874128688695752,0.0272303833751343,0.2640630598351845,0.1859548548907201,0.403797921891795,-1.1726202834773287,0.1228028259593669,0.174187331339272
1,0.0695604989279158,0.0660620409321467,0.0613743893304958,0.0600521118128062,0.0593910379999797,0.0053986710963455,0.0444352159468438,0.0091362126245847,0.0614617940199335,-1.3157814209528444,0.0921585348780805,0.2121316733977162
1,0.0759775755994846,0.069758424004265,0.0665559918570389,0.0643583622229474,0.0647975424176261,0.0026402640264026,0.0264026402640264,0.0085808580858085,0.0462046204620462,-1.0094871560423324,0.0811377722980817,0.1489298420717251
1,0.0711548998297448,0.0688113118235411,0.068881095741489,0.0640328695235237,0.0620025695677018,0.0,0.0349514563106796,0.0077669902912621,0.0757281553398058,-1.5139111055955323,0.0922488492732807,0.1619018105784278
0,0.0912461559614972,0.0836970101825518,0.0786197689508921,0.0766096185994092,0.0736299854740041,0.0155917788802267,0.0830380344909048,0.0147649421214268,0.0970942593905031,-1.1844778970888803,0.1239511926343534,0.1664637740700027
1,0.0589540407283208,0.0541249108839885,0.0503118926889419,0.0489972930764232,0.0480172678046735,0.0007660487206986,0.0180787498084878,0.004443082580052,0.0278841734334303,-1.1265318243657092,0.1135915800385736,0.1417384799458416
1,0.0846966909910213,0.0765750091136078,0.071830394726966,0.0692472334995998,0.071163450751539,0.0084033613445378,0.0601503759398496,0.0278637770897832,0.0925844021819254,-1.034256516809781,0.1299239599553641,0.1513241289864936
1,0.0933865220214948,0.0863723505389112,0.0828010136877169,0.0770407000967821,0.077753785693225,0.0162040750842291,0.1784052623134927,0.0705920102679287,0.2350393069148083,-1.3386030416426773,0.0952166491567993,0.1538420008620279
1,0.0822274133746037,0.0763662941922537,0.0725272275667931,0.0696075920159103,0.0670995851048855,0.0053221288515406,0.053781512605042,0.0310924369747899,0.1210084033613445,-1.3131744005966,0.0801382725343035,0.1361208151421942
1,0.0916188161073226,0.0828133063722179,0.0778700481678764,0.0743361288258649,0.0765563780761507,0.0054480556077399,0.0618072515498778,0.0281795979710689,0.1033251925605861,-1.2868654429151811,0.1170311022494292,0.1584280117130171
0,0.10647347302655,0.1002675484826835,0.0913211048604576,0.0909667728249294,0.085759362378473,0.0247524752475247,0.1096181046676096,0.0374823196605374,0.1753889674681754,-1.357125371420704,0.1275588180072852,0.1424633345514476
0,0.0882048284702518,0.0844645802792613,0.0799689393706743,0.0782239839953513,0.0743114127189566,0.0108368620459104,0.0917372409182081,0.022398038778694,0.1282036995765545,-1.5822417827529012,0.0610075873412178,0.171587970628376
1,0.0646440433728745,0.0574820392276054,0.0536850993224169,0.0515210493316836,0.0531051161510864,0.0003938558487593,0.0081725088617565,0.0031508467900748,0.0209728239464356,-1.282593528548707,0.1265920345131674,0.1404723332520058
1,0.0601013265782992,0.0566923714415788,0.0546562206897264,0.0537522175263636,0.0506978091076798,0.002017032720753,0.0271178843567906,0.007395786642761,0.0403406544150605,-0.8958516219987634,0.198707202730454,0.1400871950183403
1,0.0626751170227057,0.0591616090293192,0.0537530009659666,0.0526146701492878,0.0557278462557844,0.0025673940949935,0.0166880616174582,0.0102695763799743,0.0282413350449293,-1.0098493853531865,0.1481696684992225,0.1859864668223736
0,0.0961385734933841,0.0912318803995057,0.0830172170771225,0.080925876158665,0.0788396615339537,0.0130241423125794,0.0730622617534942,0.0231099110546378,0.1133259212198221,-1.3453275097302693,0.1098067202927017,0.1610454603701406
1,0.096609808822388,0.0906949197053291,0.0829199122179985,0.0806087892928766,0.0788436939665973,0.0113561190738699,0.070231532524807,0.0206174200661521,0.099779492833517,-0.9225928312255892,0.223986756797445,0.2162665530216447
1,0.0842096865774393,0.0750061927047545,0.0722913950148515,0.0725399559093359,0.0713030857200057,0.0054827901309777,0.0389887298202863,0.0085287846481876,0.0642704843131282,-1.0508340428854503,0.1557854535575596,0.1945685715338013
1,0.0886852861474947,0.0814412505725093,0.0777291312043923,0.0749315655131036,0.0719801243730553,0.0037365070578466,0.050235261555494,0.0131469692776086,0.0860780514807639,-1.3097893923760882,0.1021147172478906,0.147084083881536
1,0.0795410362416159,0.0736444999985376,0.0693301168464446,0.0650032569464891,0.0643785716197715,0.0107250755287009,0.04607250755287,0.0173716012084592,0.0865558912386706,-1.1995806183164968,0.1220128187078943,0.1718388425982151
1,0.0768527741703733,0.0702872181272288,0.0646675589933848,0.063346035639755,0.0626764397557279,0.0071786310517529,0.0373956594323873,0.030050083472454,0.0549248747913188,-1.3645442402597054,0.0599348483722355,0.1263476968791849
1,0.0893474516792942,0.0823782786107241,0.0736515440092984,0.0719307967228207,0.072209402678122,0.004165509580672,0.0410996945292974,0.0055540127742293,0.0469314079422382,-1.02669970208232,0.146604432674601,0.1803642111922368
1,0.1120118480789934,0.0985490779910913,0.0957825028533407,0.0875189397552766,0.0907027710276454,0.0276294165981922,0.2155916187345932,0.0699465899753492,0.2381881676253081,-1.1549481804635089,0.1012790571690932,0.2015579526933729
0,0.0930045343584842,0.0929372089649459,0.0848860137681674,0.0847074781800645,0.0789934867026983,0.0306721775070698,0.0828801392212312,0.0437241679356101,0.114639982597346,-1.2168604645645404,0.1317318421153845,0.158256630286502
1,0.0685942720510192,0.0633591493308725,0.0591459242111689,0.056324677947093,0.0570784817542806,0.0017191977077363,0.0409742120343839,0.0103151862464183,0.0346704871060171,-1.0397791889651895,0.1339448888181506,0.1659802885529174
0,0.0992501659998278,0.0990728185019513,0.0899430929389828,0.0875807720990496,0.0826740448924496,0.0126143330988039,0.0746306161423258,0.0212081616242838,0.1364458739571816,-1.412638231610594,0.0848482677264217,0.1724478540504325
1,0.0996129881708112,0.0936286836526279,0.0890978472713481,0.0838171000133784,0.0837626222855619,0.0212903225806451,0.1051612903225806,0.0554838709677419,0.2064516129032258,-1.1205551292273086,0.1451547705241201,0.1643525516737831
1,0.0742151557338001,0.0682513840832459,0.0635081556335309,0.061933610547449,0.0597385496330796,0.0009920634920634,0.0386904761904761,0.0109126984126984,0.0327380952380952,-1.034391216991126,0.1472060533729498,0.1730857732258305
1,0.0888621222308319,0.0840992037644346,0.0781332111496988,0.0750372382486662,0.0743283981051736,0.0058181818181818,0.0501818181818181,0.0167272727272727,0.0952727272727272,-0.915898617951771,0.2075525140219788,0.1710445577875844
1,0.0644087525487769,0.0606653982376628,0.0566044215506673,0.0556730987021462,0.0517732706573328,0.0056764427625354,0.0340586565752128,0.0151371807000946,0.0565752128666035,-1.2307664072810245,0.1225141922632915,0.1363211560848445
1,0.0885487141418343,0.0856129551529756,0.0786464550436578,0.0759127448797113,0.073636999570542,0.0098089829633453,0.1068662880743417,0.0314919979349509,0.1631388745482705,-1.0959314817458674,0.1609667966700304,0.1767009384979969
0,0.1040376310275972,0.083570184618811,0.0883994209870668,0.0779953497436491,0.0815248180651438,0.0070064414058085,0.0371793422985648,0.015707989603345,0.1755000565035597,-1.4658368961793586,0.0999272441817493,0.1675213218475555
1,0.1084649318681502,0.1019992796319597,0.0931539728419352,0.0891986350333893,0.0874486878219911,0.0097949588611727,0.0907666187802011,0.0398328327021026,0.1551521483609768,-1.2547434210987964,0.1361143845182092,0.1648330414655239
1,0.0984771563967459,0.0878934414081805,0.0824190090089485,0.0781912086949093,0.0804812243646601,0.0176790571169537,0.0961015412511332,0.0689029918404351,0.1291931097008159,-1.4442682094555954,0.1087178335282908,0.1587728764242972
1,0.0948891691013109,0.088385030606367,0.0835698301187346,0.0788403704141743,0.0776862916918652,0.021376085504342,0.1425072366956134,0.0944110443108439,0.2324649298597194,-1.208547538033388,0.1010212301525162,0.1354074909922306
1,0.0045643713885691,0.0041098488963574,0.003904067450568,0.0042703769255641,0.0032804280651325,0.0,0.0,0.000724112961622,0.003982621288921,-1.1773260421022371,0.111373525007529,0.148871483498672
1,0.0825079538284331,0.0788510566576575,0.0672222505824773,0.0671052470143662,0.0661155056534917,0.006788053026673,0.0387318319757227,0.011899057658521,0.0564606292924452,-1.8265207840284303,0.0271676672171697,0.0980293988320992
0,0.0867167859549369,0.0789293551701699,0.0749255499637767,0.0705579794416454,0.071524027441456,0.014643591915769,0.091008108435193,0.0445358828512646,0.145709790632942,-1.31008929078156,0.1015684973229352,0.1630013627298237
1,0.1194920492183649,0.1088872211795547,0.1062633743599907,0.0981836269097793,0.113314329806419,0.0,0.0,0.0,0.0,-1.182965091112529,0.1200885015810884,0.1255820160308348
1,0.101624097194275,0.0965745069798503,0.0895622631678429,0.0848077297580309,0.0840510056615361,0.0162276265447029,0.1104709969655657,0.0628435727164783,0.241435419323629,-1.3933327036512733,0.1074417781644269,0.1403648787794703
1,0.1054047421159447,0.0999408887783865,0.0927466795429062,0.0868393549462319,0.0869453726887631,0.0132578578876806,0.1370475197378221,0.0893788172203187,0.2440041710114703,-1.3000176279924962,0.1180804663858051,0.1492418512625915
0,0.0012050954923934,0.0016615964884311,0.0019576280807016,0.0018167778260453,0.0008150326788906,0.0,0.0,0.0,0.0,-1.1719153954355686,0.0980733879556529,0.1321542305704008
1,0.0131720418789491,0.0121214011312233,0.0122680449340794,0.0139860167191884,0.0095698055664685,0.0,0.0,0.0,0.0,-0.920221850174229,0.1500826862848705,0.1460091141661325
0,0.0841053449832155,0.0751531085672939,0.0702544140599063,0.0659044826555309,0.0679903658370165,0.0031215571061329,0.0431509364671318,0.0249724568490635,0.0749173705471906,-1.2133020860920096,0.1192049267881948,0.1557086141858315
1,0.0782615130398992,0.0739299658158274,0.068172892748982,0.0652910704187491,0.0665007190005113,0.0010235414534288,0.0440122824974411,0.0051177072671443,0.0291709314227226,-1.0425977636148445,0.1542689837200541,0.1826365701381666
1,0.0919315710082375,0.0890339611378946,0.0824654314256508,0.0794549698340281,0.0782799409459975,0.0756566241792197,0.2236867516415604,0.1555619930475087,0.347141753572808,-1.2961953459918347,0.1043191197421662,0.2583978121620507
1,0.0878950837646563,0.0874436840611714,0.077914825282187,0.0786708304551588,0.0687086199760645,0.0093896713615023,0.056338028169014,0.028169014084507,0.1502347417840375,-1.0895318366618705,0.1210955663310995,0.1178668943568145
1,0.0736756716965004,0.0665935651584227,0.0639747118742661,0.0608811873121826,0.0608437118932871,0.0105304212168486,0.0854134165366614,0.0401716068642745,0.1528861154446177,-1.0846952717398413,0.1410306417837214,0.1508918071236456
1,0.0812969189650483,0.0737428712654954,0.0703463298088175,0.0677399269390369,0.067746317196587,0.0044444444444444,0.045079365079365,0.0285714285714285,0.0768253968253968,-0.7446027459279643,0.277819808814904,0.1800931198198346
1,0.0719887610962428,0.0629364084467938,0.0630372193570092,0.0599759103049201,0.0590871252878529,0.0037576326914044,0.0140911225927665,0.0061061531235321,0.0577736026303428,-0.9821639258228232,0.1442435600647207,0.144946963929038
1,0.0700829211514852,0.0672095946456243,0.0633995565887561,0.06170692397721,0.0597095914457518,0.0059171597633136,0.0784023668639053,0.0165187376725838,0.0927021696252465,-1.4806121061298705,0.0520310349167897,0.2121113477543471
1,0.1020902285270615,0.0990177092963562,0.0909724557594879,0.0876918772436229,0.0870689337958996,0.0206753962784286,0.1254307374224672,0.0482425913163335,0.1691936595451413,-1.2197326488706357,0.1251867885593776,0.1737365396827685
1,0.103547026585882,0.0989322441361863,0.0929973624421779,0.0911819453738458,0.0870223274676816,0.0176919983916365,0.0739847205468435,0.018898271009248,0.129071170084439,-1.3061352561902644,0.1132001320304697,0.2148293542813651
1,0.1012644558379791,0.0984623707710722,0.0901904485948286,0.0875493595581218,0.0855942573078226,0.0201912858660998,0.1114316077121603,0.0441779262183087,0.1569758615454683,-1.297707777246907,0.1089890073900552,0.1527798108860799
1,0.0517064448432257,0.0475115597066212,0.0435776545308162,0.0427240004163542,0.04389561193595,0.0,0.0096618357487922,0.0,0.0289855072463768,-1.0785435712087954,0.1840949570124183,0.1605599649022883
1,0.0756889042099562,0.0725374794323685,0.0666006248857726,0.0642071102775672,0.0633114490906174,0.005242334322453,0.0406033630069238,0.0136003956478733,0.0625123639960435,-1.1267817772543602,0.10900609580361,0.1523753113588988
1,0.0968650529279305,0.0949771457838022,0.0842015642452238,0.0843600379275309,0.0774689828179382,0.007516339869281,0.0637254901960784,0.0122549019607843,0.0816993464052287,-1.389420705780168,0.0894085230837485,0.1760657235560191
1,0.0929974537957724,0.0805577734443453,0.0816532694374058,0.0769341836549457,0.0787152269421848,0.0054664205594207,0.0241374414312082,0.0123526906147948,0.0462161010932841,-0.8896111410982439,0.2527261909673912,0.13987996869812
1,0.0885993843335547,0.0795900821453973,0.0779944152184609,0.0720844237878456,0.0743920702399596,0.0078546882670594,0.0478645066273932,0.0213549337260677,0.1330387825233186,-1.0137656601300138,0.1508109653025855,0.2038836069017308
1,0.0835558224392037,0.0754424145307562,0.0701216166637133,0.067022515995054,0.0697823028134183,0.0089485458612975,0.0559284116331096,0.022051773729626,0.0878875039948865,-1.13391282152135,0.1318467040403687,0.1660628229519415
1,0.1017341066953508,0.0977767159359802,0.0902300283949001,0.0865399549551301,0.0844129838869417,0.0179523773754976,0.0790205062720649,0.026815894238714,0.1762938481183805,-1.1807414562989678,0.1984655130325985,0.1452710942150625
1,0.0907909817208607,0.0838632850262697,0.0783612684299461,0.0757756747737847,0.0772709585102319,0.0102971462194763,0.0653133274492497,0.0105913503971756,0.0676669608708443,-0.9784605160492744,0.2028234853971613,0.1962604066740706
1,0.0940562733994848,0.085186597560021,0.0812259690739538,0.0737694332641557,0.0780650960748723,0.0169753086419753,0.0817901234567901,0.0481481481481481,0.1879629629629629,-1.0953187031602782,0.1363856066492469,0.1992807806230065
1,0.0942868066700249,0.0909264538866839,0.0834544358494957,0.0804344320368573,0.0804425348131512,0.0196,0.0628,0.0288,0.1104,-0.8061877189650078,0.2851004704528342,0.1914158029215121
1,0.0825907009976862,0.0769171315982427,0.0729660645699554,0.0705374967740086,0.0680679124556343,0.0095361941915908,0.0630689206762028,0.0145210229735587,0.0788903337667967,-1.032673822913747,0.1829993402717621,0.1495083925902914
1,0.0842144643054516,0.0778761460112619,0.0732213933854641,0.0672674552238159,0.0692904058603412,0.0201005025125628,0.1012203876525484,0.0323043790380473,0.1184493898061737,-1.0426695587166086,0.2018827488060125,0.1488808323495584
1,0.1075775975727306,0.0975417574878046,0.0904726987195418,0.0857450669127711,0.090698146583711,0.0432835820895522,0.1504975124378109,0.1191542288557214,0.2661691542288557,-1.313054971210858,0.1358675963203335,0.1502884269186914
1,0.1070622437465474,0.0979103983165346,0.0930641741739576,0.0866992769703115,0.0900141872167741,0.0532188841201716,0.2793991416309013,0.1356223175965665,0.4510729613733905,-1.0580965768847177,0.1492119715699012,0.1902338207491313
1,0.0780648429792755,0.0741128640653746,0.0701504387356942,0.0676915830297884,0.0668824544312465,0.0075907590759075,0.0471947194719471,0.0158415841584158,0.0828382838283828,-1.300210494601315,0.0925884751281515,0.192399936548816
1,0.0988305472090635,0.0927172948055215,0.0843194560464017,0.0825758115845952,0.0798668922258079,0.0093942338840298,0.0770975056689342,0.0187884677680596,0.122772918691286,-1.0395505838060997,0.1751346381814917,0.1710535031833951
1,0.0918808639053974,0.0903827289251908,0.0803023401171573,0.075372063554231,0.0762320503595304,0.0029254022428083,0.0580204778156996,0.0180399804973183,0.0819112627986348,-0.9625163647000852,0.1989348795953445,0.142874035587366
1,0.0565382405188667,0.052261334439736,0.0497703307765104,0.0485584424540856,0.0468784270489006,0.0013379204892966,0.0204510703363914,0.007071865443425,0.0426223241590214,-1.5000977497945205,0.0697686527771114,0.1261677588086844
1,0.1020372854556126,0.0992638727946184,0.0891780399805486,0.0871846262271011,0.0848925886001805,0.0148514851485148,0.0811119573495811,0.0236100533130236,0.2235338918507235,-1.325691783688521,0.1139275036694122,0.1821964121078704
1,0.0977129642702258,0.0920265577024443,0.088150949688738,0.0822536393752294,0.0821071675677296,0.0111622715222547,0.0692060834379796,0.0280452071996651,0.1158085670433933,-0.8828944321091516,0.2258228398552281,0.2067428586542778
1,0.0778374304622682,0.0736143978271916,0.0685272586624204,0.065135098908244,0.0650279344046902,0.0061971830985915,0.072112676056338,0.012394366197183,0.0580281690140845,-1.1838398394645666,0.1174118994086379,0.2073090819715689
0,0.1024214590011408,0.0944421826269844,0.0888993390200845,0.0857676409017473,0.083498825067206,0.0185490919685345,0.1214431387782849,0.0376808779256094,0.1534427503156259,-1.093752447753146,0.0983260066637306,0.1675250251425958
1,0.0829234997478921,0.0773155802537254,0.0749364184163814,0.0701898382813406,0.0692462066580951,0.0086696562032884,0.0937717987045341,0.0209267563527653,0.1485799701046337,-0.9262328237912404,0.2463271925696367,0.1711148510639974
1,0.1008198931265031,0.0931646834032621,0.0843617997612862,0.0820398366646468,0.0839012028583746,0.0181373547992663,0.1080089667821479,0.0411656816792337,0.15304666802527,-1.1348772660309527,0.1569821693730756,0.1811844086678689
1,0.0934743073108524,0.0837906585831466,0.0796249991506938,0.0767845441198723,0.0737451791682931,0.0128667009778692,0.0813175501801338,0.05609881626351,0.1981471950591868,-1.2350345268430925,0.0920792398544457,0.1380318073668257
1,0.082974737164518,0.0728210505218081,0.0693983100571336,0.0664024129978929,0.065793713477792,0.004954582989265,0.0363336085879438,0.0206440957886044,0.0778970547756675,-1.0634862891129864,0.1817713419567413,0.1803929385006337
1,0.0812464056636137,0.0754337143130723,0.0714580917100348,0.0706333505696683,0.063688550675478,0.0014513788098693,0.02322206095791,0.0101596516690856,0.0377358490566037,-1.274397032210386,0.116239573491294,0.1513227980232127
0,0.0899858737581947,0.0835790934499964,0.0780551587651099,0.0747036274735821,0.0764672811020936,0.0087941372418387,0.0834110592938041,0.0245169886742171,0.0966022651565623,-1.2667487349960158,0.0880623019186516,0.1678410948823236
0,0.1005692689622692,0.0929987731623313,0.0869665700465453,0.0834155342937608,0.0827420220697744,0.01028536855904,0.1014419683371987,0.0223858021579106,0.1252394877483109,-1.158714447032693,0.0969488074385376,0.191926145783717
1,0.1095288537122177,0.100694405786185,0.0930648445728173,0.0902673383670027,0.0906164540058761,0.0197092880019709,0.1079904738441323,0.0365443048369877,0.1770551038843721,-1.3771274187547782,0.0998725217134667,0.1620136875587379
1,0.0938896573766677,0.0910454571716591,0.0841884553449386,0.0839142447135699,0.0780598639039949,0.0377452197665756,0.1278867643407002,0.0717655823193444,0.2401291283834119,-1.1435982795520048,0.1896421926817475,0.1805172476461984
1,0.1019690507870229,0.0955418231519942,0.0869901401238632,0.0835742945627438,0.0858793116688586,0.009802997454991,0.0509944386841361,0.0251673107738712,0.1139598454142709,-1.1464819483488369,0.1442083096023995,0.1527741900005722
1,0.0769548228900642,0.0699402483251978,0.0650268037715293,0.0626921497643218,0.0645003984988152,0.0050136736554238,0.0476754785779398,0.0139471285323609,0.0463081130355515,-1.1184207179826149,0.1418103144526571,0.1705513271596702
1,0.0796817738375794,0.074892862049998,0.0684981730172395,0.0718024335496441,0.0627247133483335,0.005711384693489,0.0454372382282015,0.0149765198629267,0.0695519736007107,-1.709294803064953,0.0480123147110243,0.1096562174013124
0,0.0535459798712948,0.0495536313772976,0.0472141751281681,0.0438131425648157,0.0438726943485586,0.0033090668431502,0.0119126406353408,0.0119126406353408,0.1072137657180675,-1.216164391531772,0.1047541151743047,0.1415710190920263
0,0.0906673865877718,0.0859807330083383,0.0789139723688836,0.0762859676358881,0.0730638121170966,0.0055515901340312,0.0701879609802522,0.0215718930922357,0.0836703941628995,-1.1275095357098324,0.1612518493775294,0.121196270216149
1,0.0886985041395842,0.0856117803998663,0.0794568903652008,0.0784098033411886,0.0758001952604276,0.0098265895953757,0.0965317919075144,0.0127167630057803,0.1289017341040462,-1.2480387785823157,0.1253616926712478,0.2193288801772397
1,0.1028004231758478,0.0994284871051959,0.090015117701741,0.0860151186446687,0.0881582522403005,0.0171342180413237,0.1149000503947589,0.0413237023349571,0.1444649756425332,-1.204596117789098,0.1431460028359751,0.1907699466459397
1,0.0768377249450273,0.0704084005248416,0.0648507879277114,0.0647013410581909,0.0626977636961727,0.0035818222520707,0.0311170808148645,0.0094022834116856,0.0472352809491828,-1.2247220373896677,0.1229698525389965,0.1598499800394086
1,0.0884720093613491,0.0887774820965053,0.0798523579465407,0.0783275324320934,0.0758311203657192,0.015072893501359,0.0961205831480108,0.0884605880899431,0.1430689399555226,-0.9924774910107804,0.1284093119697415,0.1495518404911253
1,0.0821569308873319,0.0781842110391418,0.0740718484377011,0.069022911337475,0.0709598733627978,0.0046518840130252,0.0783067142192588,0.0200031012560086,0.1313381919677469,-1.20851118273354,0.1313404025162649,0.1747264929666045
1,0.0839322581615321,0.0799812054796955,0.0740566877146593,0.0725941200925496,0.0685528649186328,0.0071711177052423,0.0311572700296735,0.0239861523244312,0.0932245301681503,-1.2686768900022698,0.1206028841209854,0.1308898037790886
1,0.0817813977646385,0.0754108570435321,0.071641199110711,0.0694229978585438,0.0655161623448055,0.0069771827267584,0.037337356213464,0.0222515557231755,0.0856119177823873,-1.0667294418657682,0.1833188629904451,0.1653715794792184
1,0.101577528155415,0.1013800165751004,0.0927849564167206,0.089356093064822,0.0890486073354234,0.0214176440591534,0.1220951409630655,0.048808916733445,0.1913746630727762,-0.9628837585947098,0.2433379366375647,0.1565650341361451
1,0.1139129122797329,0.1101532486872904,0.1004624039744513,0.0973683118441985,0.0953178459121018,0.0352078239608801,0.1334963325183374,0.0596577017114914,0.2337408312958435,-1.209579991279124,0.1467333248638387,0.1783611099292437
1,0.1045737206730593,0.0998932204469778,0.0921525983052944,0.0901085318104194,0.0874868243060012,0.032918012613444,0.1536686663590216,0.0599907706506691,0.2950315336102138,-1.1760875746418131,0.1026197923011386,0.1566648847245957
1,0.0918813389770532,0.0873163994129181,0.0810463528960167,0.0792950592107142,0.0750196822029836,0.0094226142742582,0.0459101844426623,0.0196471531676022,0.1042502004811547,-0.8964704613642619,0.2328212222536965,0.1835298956031277
1,0.0576947758019943,0.0534736134744884,0.0489103098662362,0.0493909902290133,0.0459921943034454,0.0015365274479675,0.0136890627182567,0.0061461097918703,0.0270987568096102,-1.1805381381771165,0.1158387984034348,0.1814795629283306
1,0.0658513926293138,0.0602925311252559,0.0571342491067691,0.0562871057497603,0.0537002226049994,0.0039093041438623,0.0314698983580922,0.0078186082877247,0.0439796716184519,-1.1416827723156642,0.1244870562353718,0.1495324272982476
1,0.0885582231310146,0.0831813907449372,0.0753357719057979,0.0733730741156819,0.0724930135024436,0.0106826472120896,0.0674830640958832,0.0203230849400729,0.0823345492443981,-1.147932267952068,0.166857829473141,0.1538914535540386
1,0.0648596050326663,0.0591189716080784,0.057587128797256,0.0538082436681603,0.0532160303155866,0.0053590568060021,0.0369774919614147,0.007502679528403,0.0412647374062165,-1.198628493333323,0.0973763791503135,0.1290373835125411
1,0.0826807645750838,0.0783159083164479,0.0728144449142231,0.0689881647062515,0.0712187814026603,0.0060264385692068,0.0673276308968377,0.0223561430793157,0.1007646448937273,-1.1168963240755465,0.1609025256411661,0.1631872657177836
1,0.0991214105399235,0.0960655565717861,0.0871272307611794,0.0846988249430543,0.0812763357791175,0.008860249697946,0.0579943616592831,0.0273862263391059,0.1196133709222714,-1.0585780123967348,0.1873180682993178,0.1901300037456831
0,0.0664702129236078,0.0630359124185003,0.0595576844587366,0.0560009232630392,0.0566291134674237,0.0023341113704568,0.0423474491497165,0.0103367789263087,0.0403467822607535,-1.118109920585063,0.1552276042633958,0.172568920815926
1,0.0686162644414242,0.0622017053821391,0.0582200272998883,0.0572196411453068,0.0563069915382556,0.0032620825821958,0.033650957163705,0.0090994935187569,0.0492746158468538,-1.1213902623463714,0.0894770170690743,0.1449580975293474
1,0.0997768544760882,0.0954543315262547,0.0900727957717265,0.0886951486641366,0.0836284637666841,0.0223887334115735,0.1824501218741536,0.0654509343685113,0.3288796605579128,-1.4405035368784644,0.0658674587798803,0.1547753785036122
1,0.0852067122990073,0.0820498596840113,0.073951004198769,0.0738712093637795,0.0710044680524128,0.0016366612111292,0.030823786142935,0.0141843971631205,0.0518276050190943,-1.2346092360269407,0.1170880052524572,0.1675566670930387
1,0.0962386259019591,0.0926321686468701,0.0821963271124654,0.0813154196989697,0.0813829216075922,0.0099403578528827,0.0815109343936381,0.0124964498721953,0.0866231184322635,-0.9424505472420536,0.2480165556215139,0.1987082061405823
1,0.1036182058814977,0.0984494106446292,0.0896158349457579,0.0862475397887671,0.0863245117703563,0.0132634176434299,0.0801357186921653,0.0293028994447871,0.1458359037631092,-1.121259058692391,0.1591454263676165,0.1766150212275298
0,0.0800359852955081,0.0711071339944186,0.0657831332546938,0.0631128994954165,0.064526439820184,0.0043878273177636,0.0297239915074309,0.0087756546355272,0.048832271762208,-1.1043221625187107,0.1300004103967174,0.1596228521925918
1,0.0775232781122182,0.0728161970436545,0.0673109056436086,0.0650657670306712,0.0671405644414869,0.0035087719298245,0.0596491228070175,0.0122807017543859,0.0497076023391812,-1.0622257660129055,0.122892567436334,0.1693441785892941
1,0.0946986971602021,0.0905802822502446,0.084070025342023,0.0812331058533239,0.0797959764763134,0.0107171209314633,0.0646996559936491,0.0332098438740407,0.1204022228102672,-1.3755207514558732,0.0975858496495664,0.1492142396990705
1,0.0599202279400909,0.0560661708840685,0.0529940462294695,0.0511973852721742,0.0498219078349628,0.0054618855378769,0.0501068629779149,0.0136547138446924,0.0617430539064355,-0.9462441873671844,0.2068297151952086,0.1105326811481394
1,0.0781079419916689,0.0729063031642836,0.0669303728355529,0.0644694220329661,0.0608898287204466,0.0087386018237082,0.0417933130699088,0.0121580547112462,0.0718085106382978,-1.2863544628908838,0.1023723224481228,0.2661955978542394
1,0.0989206373162921,0.0944879883219172,0.085822429727372,0.0834074307600284,0.0825580909265714,0.0063063063063063,0.0929729729729729,0.034054054054054,0.1281081081081081,-1.283887626865263,0.1122458345502829,0.1336017759381178
1,0.0904484874543262,0.078815649866164,0.0741005860147978,0.071153842475041,0.071836617665317,0.0066454781854955,0.0528748916498121,0.0158913608783588,0.1034383126264085,-1.1838091646435969,0.1361146852692091,0.1660461526243128
1,0.089716966019441,0.0789599676726537,0.0762203452343985,0.0768897456049251,0.0668709866172012,0.0038918338589545,0.0326108837146883,0.0073139636314835,0.0518016506743608,-1.0970311049460726,0.1885513192941971,0.1572798362408993
1,0.1072969084161445,0.1062234121686725,0.090370588249306,0.0911421367335542,0.0870850827707372,0.0142048735419794,0.2754359625822843,0.0868460561265735,0.263425337798822,-1.2446584209136855,0.1492925229179365,0.1492486508121567
1,0.1061169091240461,0.0935373897216644,0.0887362009810611,0.0822368802008775,0.0880738955509427,0.0247386759581881,0.1303135888501742,0.0926829268292682,0.1735191637630662,-1.1300411627802331,0.1421990379893026,0.1835157357691334
1,0.0835727205858836,0.078780172542165,0.073471899022011,0.0705702978907317,0.0711686956279099,0.0042405981475281,0.0405088717777033,0.0088159803593348,0.0512219618346166,-0.9182522737471112,0.2394681304685165,0.1881725467836645
1,0.0851658258802049,0.0763548638086571,0.0712617666890846,0.0698687514378189,0.0712171071839603,0.0049701789264413,0.0403827037773359,0.0159045725646123,0.0642395626242544,-1.1321763455553344,0.1549222066542226,0.2017683221723526
1,0.1111712532938544,0.1030566241175759,0.093037846228371,0.0890565825259827,0.0895957454778841,0.0236318407960199,0.1654228855721393,0.0335820895522388,0.2468905472636816,-1.0222614421644345,0.2028012237567236,0.1784082128795993
1,0.0963507037435501,0.0892681102680177,0.0818919152611846,0.0808246582331608,0.0792616129136147,0.0083179297597042,0.0607670979667282,0.0281885397412199,0.1037430683918669,-0.8497612169000124,0.2484106059024376,0.2235771982806547
1,0.0768157418456184,0.071606583932189,0.0680762511143006,0.0637798846102873,0.065039154907591,0.0051924251679902,0.0497861942577886,0.0201588271227855,0.0855222968845449,-1.1818030691600028,0.118211970905886,0.1616149789257921
1,0.1088656857821855,0.1062584801152333,0.096141291993455,0.0941552521152355,0.0910752663191102,0.0447216097023153,0.2620589856670341,0.0817943770672546,0.3094680264608599,-1.314625818255859,0.120008091796751,0.1743712389904831
1,0.0980577734892573,0.0872403644786373,0.0846150606453985,0.0781131250132997,0.0807309566561261,0.0219873150105708,0.1096546863988724,0.0575052854122621,0.2272022551092318,-1.2306161590070834,0.126479007252351,0.1441680444817926
1,0.073990985684239,0.0714742178140544,0.0671654774979472,0.0645245432523438,0.0636073335416328,0.0014919806042521,0.0384185005594927,0.0078328981723237,0.0451324132786273,-1.1075784311748262,0.1288408334030601,0.1680010867630768
1,0.0855999241678593,0.0796467757130446,0.0752553830742702,0.0718754776142837,0.0702767676402267,0.0036500050694514,0.0470445097840413,0.0108486261786474,0.049376457467302,-1.1329567014723614,0.1521546574636172,0.1677596313882811
1,0.0963156549440869,0.0856139505388765,0.0797066553811671,0.0766580146856373,0.0797343577852456,0.0088685015290519,0.0859327217125382,0.0220183486238532,0.1110091743119266,-1.059125988327928,0.1540282735734569,0.1622040810416743
1,0.0703785589188539,0.0641882417115343,0.0612283426908632,0.0571311580230963,0.0586571245910513,0.0024630541871921,0.0369458128078817,0.0073891625615763,0.0389162561576354,-1.0711650070972596,0.1339604340508464,0.1623683520279399
0,0.0967303727556187,0.0899339435456819,0.0859882143025867,0.0831322645588246,0.0800464426945892,0.0115344285214959,0.0555749737853897,0.0090877315623907,0.0761971338692764,-1.1333657396438552,0.1544201090778361,0.1557466642212882
1,0.1024718783924557,0.0978182049917282,0.0903221830235493,0.087368909774923,0.084034254055012,0.0148895292987512,0.0826128722382324,0.036743515850144,0.164505283381364,-1.3022430225383863,0.1486835463288167,0.170695530638336
1,0.0906074690463763,0.0854016467617216,0.0790118322565492,0.0741917026785224,0.0781633766209824,0.0050993493933532,0.1254439950764902,0.0453314577105679,0.1246351327589238,-1.1144508819612833,0.1010170006009648,0.1685265374086044
1,0.0783548185667359,0.0772557497500942,0.0709881864121552,0.0673961881732804,0.0658300763678004,0.0032945310784098,0.0507357786075115,0.0094443224247748,0.0880737974961563,-1.065184431576278,0.0639393056176442,0.1318150700882936
1,0.0790848379382832,0.0735495253187497,0.0660388391722229,0.0659527153007658,0.0632842498685918,0.0055363949900163,0.0356235251406788,0.0095298602287166,0.0462425122526774,-0.9114496364603756,0.1438240733868524,0.1536059736078756
1,0.0848955504630441,0.0766323261789126,0.0713578248681331,0.0690469326591942,0.0699444929818854,0.0111188974538659,0.0799345947208596,0.0339640270964727,0.1173557580004671,-1.196243939238942,0.1179483459992976,0.1397758587373496
1,0.0829158850852763,0.0752712233569753,0.0698846631363895,0.0687053434581754,0.0671141344395417,0.0048737261852015,0.0469649977846699,0.0101905183872397,0.0571555161719096,-1.062521123483911,0.1496106401773375,0.1563865073562775
1,0.1027441000186669,0.0962406452016862,0.0900355927525115,0.0881551502169276,0.0854567424172274,0.0187210769877997,0.1127471602860748,0.0504838031131678,0.1710138830458561,-0.8858018665645333,0.2461825725033441,0.1858203257947081
1,0.0737205354253415,0.0645191842045056,0.0619720903758138,0.0612891214021943,0.0574174133123722,0.0013203498927215,0.026076910381251,0.0047862683611156,0.0367222313913187,-1.2442997216101166,0.1110361477238761,0.1432176747887111
0,0.0953692807425246,0.0896225686245996,0.0834251262792397,0.0801943364823874,0.0787818473736509,0.0104311543810848,0.055091948694174,0.0259619842373667,0.0967392984082831,-1.3416735522735452,0.1060873600761336,0.1686791433375865
1,0.1069896790852944,0.1039767952070852,0.0979262467423301,0.0956113800807523,0.0907334971293164,0.0182944997318395,0.1307133067159287,0.0331923008163995,0.1536857159883201,-1.324028011409506,0.1139438867641984,0.1756235697332669
1,0.0780075069600786,0.0774958875391443,0.0703070964196861,0.0675452444317544,0.0665353837269264,0.0072562358276643,0.0505215419501133,0.0165079365079365,0.0636734693877551,-1.0669867786881573,0.1548379917636127,0.1810780237223155
1,0.0877038187053991,0.0804322723201871,0.0772505159018197,0.0741462128092416,0.0692146199553633,0.0026455026455026,0.0461073318216175,0.0264550264550264,0.1179138321995464,-0.9298519794395734,0.1158586027635555,0.1422566022272572
1,0.0833059346853848,0.0762125240337292,0.0709952250931826,0.0689595548951333,0.0695149990418224,0.0089503661513425,0.0772986167615947,0.0235964198535394,0.0756712774613506,-1.03123000091721,0.1759087506406759,0.1900932714211947
1,0.1111808167879308,0.0947613188204706,0.0915158984422068,0.0869474419432594,0.0867105386206798,0.0018796992481203,0.3270676691729323,0.0390977443609022,0.3003759398496241,-1.1879247374724593,0.1427788991564819,0.1373792340960699
0,0.0970673313331878,0.0935718657869963,0.0872200328278707,0.0850832582355924,0.0819193136435876,0.0078988941548183,0.0774091627172195,0.0236966824644549,0.0710900473933649,-0.9489027035022044,0.2235109273871968,0.193355293496479
1,0.1027118276912964,0.0920587606957921,0.0819405075986616,0.0801330115561967,0.0821305188534571,0.0043321965158079,0.0648907733431652,0.013088763941377,0.0668264356161858,-1.1906791355106603,0.101711053782799,0.1828116948381422
1,0.0851128273353086,0.0829814461304883,0.1002750228799029,0.1084615134010976,0.0675741233962254,0.0162970346374283,0.0864689758285571,0.0046100174433092,0.0817842013456267,-1.1098618642445333,0.1234116521224437,0.1573332422361361
1,0.0694320357435031,0.0648347434772588,0.0602212997235746,0.0592068871336044,0.0600914908142259,0.0063198833252309,0.0656295576081672,0.0126397666504618,0.0661157024793388,-1.1754719677361647,0.1230448038407985,0.1874198471928604
1,0.0959370382174804,0.088817037458537,0.0836823221785612,0.0795850362737683,0.0784185449680143,0.0119569549621363,0.0669589477879633,0.0290952570745316,0.137106416899163,-1.254257021263817,0.1403767969946367,0.1775446528479344
1,0.0731607683010229,0.0672983583818884,0.0621266726136989,0.059684136996451,0.0611638982728779,0.0050031269543464,0.0396080883885761,0.0093808630393996,0.0506566604127579,-1.2739898468208832,0.1143826897196057,0.2263911519591823
1,0.093799908193539,0.0885772218300949,0.086037003274556,0.0806363318945579,0.0787056862020637,0.0178384050367261,0.0650577124868835,0.0230849947534102,0.0909408884225253,-1.3386220510373066,0.1037899058048951,0.1839529436189595
1,0.0834193269660835,0.0794210660635778,0.0703258414880593,0.067307605726722,0.0701036066425383,0.0047943477163764,0.0305324249306081,0.0108503658844309,0.0658591975775927,-0.8655506595382325,0.2310886525352517,0.2327485114974029
1,0.0965487274660665,0.0838722157083407,0.0786183379547278,0.0754504880414485,0.0755886585351529,0.0175508575987235,0.0682090147586757,0.0297167929796569,0.0989230155564419,-1.0536057112421295,0.1942431799891331,0.1383767860238232
1,0.0943801972263813,0.0869648500806847,0.0811661838837248,0.0754636518941134,0.0825969407323976,0.0193475815523059,0.1046119235095613,0.0512935883014623,0.166029246344207,-1.1820405365299462,0.1074770043559573,0.1913690259754196
1,0.0779010783867759,0.0721071470078061,0.0648032812974737,0.0633987695822044,0.0634435572995775,0.0044866042815023,0.0328163056018459,0.015254454557108,0.0565312139469298,-1.165990795464899,0.1252137136225978,0.1536498930223771
1,0.1128806732323969,0.1024059940221076,0.0928518454260179,0.0871243488687402,0.0920258401202538,0.0244596962616822,0.2044392523364486,0.0763726635514018,0.2384637850467289,-0.7299929014630815,0.3038770544903563,0.198387506102755
1,0.0736306081543293,0.068229868880737,0.0626584510454623,0.0606587218820034,0.0622384794549724,0.0036815462494247,0.0377358490566037,0.0181776346065347,0.0740911182696732,-1.3126782002967627,0.1186717060430064,0.1577303588153079
1,0.08535949606414,0.0802406717650195,0.0747344404570473,0.0718295415706955,0.0722686144236252,0.0147313691507798,0.0817446562680531,0.0264298093587521,0.1338821490467937,-0.8040814667009153,0.2586797940752997,0.2239963006625503
1,0.0812121698017874,0.0750075892966157,0.0685981718921912,0.0659316500779217,0.0670141520100647,0.0058831577507182,0.0504400966844529,0.0113558626351074,0.0548638664660008,-1.0265394329111264,0.1653149084594983,0.1518555807826882
1,0.0886891256357749,0.0848817511050754,0.0769217778957821,0.0725507935573409,0.0736947018366887,0.0056338028169014,0.0604068857589984,0.0125195618153364,0.1164319248826291,-1.177372490508222,0.0972079550556506,0.157696279442085
1,0.0758617150263442,0.1064082848643495,0.0548419600841508,0.0702273630680301,0.0530208719259463,0.0,0.0003734827264239,0.0,0.0001867413632119,-1.3242985082430123,0.09002939876811,0.1327837757433279
1,0.1008093692433117,0.0936105576633512,0.0846806027306948,0.081256711066919,0.0808047176035167,0.0061925689172992,0.0459448661606072,0.0177786656012784,0.0904414702357171,-1.294236482574065,0.1281558439171785,0.1628667529912608
1,0.0904708540996818,0.082436422539618,0.0759427717019585,0.0746286587601636,0.0759469654315416,0.008477212630269,0.0615958936070928,0.015048996733551,0.0581350132213408,-1.0163698720849086,0.1673788662580896,0.168604126064978
1,0.0906781290969163,0.0860592204026379,0.075694069730763,0.0748178588228121,0.0763639326280219,0.0034064802344925,0.0406401014022023,0.0069714014101243,0.0476907232828963,-0.8241388486852727,0.246854215783776,0.2270670682778866
1,0.0968859480423654,0.098818285516549,0.0866130555498194,0.0835976848159318,0.0834757264717076,0.0110132158590308,0.0773861967694566,0.0286343612334801,0.1500734214390602,-1.308589792982901,0.12895320896699,0.1659242192912225
1,0.0856766503696861,0.0799829215488145,0.0763880351997962,0.0704972963405054,0.0713861737331136,0.0055000561230216,0.0644292288696823,0.0417555281176338,0.1713997081602873,-1.193674932440777,0.1177158551174043,0.1416031018649317
1,0.0943804433505914,0.09029104323669,0.081486375208149,0.0810459188193414,0.0769362025277347,0.0108536922287563,0.068121719224849,0.0270355606425385,0.1111023404507242,-0.9066657192880404,0.2626797324385615,0.1638925627572168
1,0.0962494980615609,0.0869673021924393,0.0797734948688941,0.0764566920283504,0.0789899203634067,0.0032786885245901,0.0629296668429402,0.0192490745637229,0.0808038075092543,-1.1077433319393657,0.1559882167226132,0.1797958075689277
1,0.0736192458756103,0.0704020719780211,0.0689014097857236,0.0662414388295447,0.0633445017118035,0.0068027210884353,0.0453514739229024,0.0134164777021919,0.0555555555555555,-1.2446200632380555,0.1253097244992332,0.1823105678612009
1,0.0730231836177066,0.0669875162623156,0.0623190174014291,0.0606467550131942,0.061350384307271,0.0024772914946325,0.0206440957886044,0.0100743187448389,0.059289843104872,-1.089284630380218,0.0896097027738649,0.1322854532614391
1,0.0925250158907496,0.0822101114633874,0.0775577215623177,0.0779839769296345,0.0694762218775665,0.0035058775005155,0.0369148277995463,0.007630439265828,0.0505258816250773,-1.055634988040918,0.1891557091730643,0.1724083052898984
1,0.1001178350364625,0.0901968067441968,0.0835985428207567,0.0805270375467517,0.0829448689145107,0.0144861928474422,0.0950656405613399,0.0384789497510185,0.1398822996831145,-1.2584492853915126,0.1445919265675277,0.1735062012384632
1,0.0844647184762766,0.0764707176469211,0.0908862685036631,0.1100152292101116,0.0705020092219321,0.0,0.0,0.0,0.0,-1.3512639796200536,0.0736520363622786,0.1302057642470233
1,0.1053121900864761,0.0961694733632198,0.0865495323476759,0.0839575968537394,0.0848147094314297,0.0193063194522393,0.1112358289370299,0.0502862274104837,0.1434504433718711,-1.1045240751286962,0.1869538615251263,0.1742385211087469
1,0.0893220195359027,0.0853790428723344,0.0739278684812379,0.0890242269356979,0.057050198657895,0.0,0.0,0.0,0.0,-0.9078012042647808,0.2669345151395333,0.1674786253796343
1,0.0899558143197531,0.0870070176028866,0.0807920132935559,0.0775516056335464,0.0759467591603731,0.0070397433612546,0.0415255747638567,0.0218321154874353,0.0754767421137052,-0.5414353040530744,0.390609087425358,0.1989246879301833
1,0.1033620496715067,0.0991010130012129,0.0903173370160191,0.0868972090375448,0.0885042229645501,0.0123384253819036,0.1019388954171562,0.0214453584018801,0.1345475910693302,-1.0033745996115226,0.2104894592437879,0.184829070234601
1,0.1024082014836385,0.0981223456760052,0.0908007217652972,0.0851906738030369,0.084584023169565,0.0204285555678916,0.0829354946152992,0.0497390918174752,0.2834462085044965,-0.8840634136523955,0.2236539152869607,0.1632813803387869
0,0.0975983420357967,0.0929063342771156,0.0873828946599209,0.0829107918685584,0.0805856848839253,0.0070422535211267,0.0845070422535211,0.0508607198748043,0.1721439749608763,-1.6092431229365352,0.0475337065519071,0.0953585342061242
0,0.0983420601057215,0.1040706995205279,0.0902362091338428,0.0868472911014991,0.0794376080518676,0.0080645161290322,0.0262096774193548,0.0181451612903225,0.1350806451612903,-0.985809645944078,0.0697054040116296,0.080629103463716
0,0.0953489744529476,0.0892532975849965,0.0828752452956373,0.0789453962997186,0.0750913958629442,0.007125890736342,0.1235154394299287,0.0665083135391924,0.4085510688836104,-1.485670719626388,0.0464514738225832,0.0909331729110004
0,0.0886078138398645,0.0983747052525325,0.0883932852285187,0.0925525794434677,0.0756951884075164,0.0,0.1333333333333333,0.0,0.25,-1.637305699481865,0.0673575129533678,0.0856365330041469
0,0.0898582322723643,0.0849876958462454,0.0772152199252067,0.0758676374749528,0.0734776480408326,0.0032154340836012,0.0249196141479099,0.0056270096463022,0.062700964630225,-1.331171781160076,0.107796873799107,0.1508286058030628
0,0.0982782123230771,0.0953729755224665,0.0864325390463811,0.0839721877547822,0.0798196969897445,0.0105871029836381,0.0442733397497593,0.0375360923965351,0.1626564003849855,-1.4476125690000563,0.0874597758945403,0.0938449661581824
0,0.1031694218665336,0.0986317547630121,0.0898296126121206,0.0889815555844323,0.0824370786203337,0.0078947368421052,0.0758771929824561,0.0320175438596491,0.2263157894736842,-1.3705454129068957,0.1132408689096008,0.117945610892644
0,0.0700409656893684,0.064499875523742,0.060907886877912,0.0576862356940422,0.0580142490461896,0.0034422330704718,0.016022030291651,0.0074477406433846,0.0565152084115659,-1.4779680168578673,0.046400852425105,0.0898740586666862
0,0.0973100760556224,0.0840907846690821,0.0796995608036049,0.079595787412186,0.0742322621546078,0.0172413793103448,0.0603448275862069,0.0344827586206896,0.0948275862068965,-1.2519952887891714,0.089739213341894,0.1375580572375681
0,0.0884756312353426,0.0834826543784397,0.0832615404207538,0.0795810976279847,0.0713982324166241,0.0096685082872928,0.0469613259668508,0.0607734806629834,0.1602209944751381,-1.352969264827836,0.0861267896600603,0.0975115857444583
0,0.0950033972645045,0.0913529485297614,0.0869748596834734,0.0831456958191351,0.0781044029247457,0.023508137432188,0.0994575045207956,0.081374321880651,0.298372513562387,-1.630368597207009,0.0512805302363588,0.1377617563909446
0,0.1039223429043494,0.0979710038867198,0.0925087414232847,0.0874737632216884,0.0851585643491233,0.0348542458808618,0.1856780735107731,0.1666666666666666,0.4746514575411913,-1.2721398482212378,0.1006371403012858,0.1474319595587223
0,0.0963865744114857,0.0993311336934544,0.0897388003047887,0.0898794086451269,0.0784413677136024,0.0048192771084337,0.0626506024096385,0.0409638554216867,0.4409638554216867,-1.586327049177919,0.0689279789018249,0.0965492215357794
0,0.0984728130660876,0.1029849208843983,0.0956872655470294,0.0933697068209649,0.080283072251145,0.0412660256410256,0.0985576923076923,0.0813301282051282,0.2479967948717948,-1.002016729147521,0.0587324379718969,0.1309699860749143
0,0.0979066884174271,0.1068749812281678,0.0933189828852338,0.0911468240353907,0.0807305504580965,0.0101010101010101,0.037037037037037,0.0303030303030303,0.1447811447811448,-1.705660885991823,0.0611277739734951,0.1093328861891636
0,0.0893913027067622,0.0923347884798274,0.083988530733101,0.0835309577775867,0.0746739037037175,0.0057306590257879,0.0859598853868194,0.0229226361031518,0.154727793696275,-1.7006222929230483,0.0363882452721598,0.09127370804057
0,0.0985198265971475,0.1007283241275007,0.0914236793445512,0.0906772432974519,0.0839271139770898,0.0321951219512195,0.1289305816135084,0.0613883677298311,0.2283677298311444,-1.441433981890225,0.0649592749492712,0.1320612217614507
0,0.1038620525431538,0.1015594323292815,0.0908407223228318,0.0908598177503045,0.0849034756594677,0.0215975317106616,0.0737058621871786,0.0438806993486458,0.1943777853959547,-1.55345386708447,0.0657818904002833,0.1441717190115704
0,0.0989585470178541,0.0998192299714993,0.09092854989912,0.0892364688290319,0.0827834210028453,0.0512820512820512,0.2649572649572649,0.0854700854700854,0.3333333333333333,-1.4084677267105272,0.0863423192171383,0.1207453203170298
0,0.0882119868395128,0.0879873598637739,0.0798204405969105,0.0823077725613764,0.0705837607085959,0.0125,0.05,0.075,0.325,-1.4114019366194088,0.067021914851764,0.1006803127372975
0,0.0949001774119994,0.090297377715082,0.0838084678192732,0.0833606372401959,0.0759734815347062,0.0064820271066588,0.0721862109605185,0.0241602828520919,0.1137301119622863,-1.4414544521836716,0.0654429133509609,0.1114986713666266
0,0.0926149894599503,0.0930665535606273,0.0865846652277255,0.0809247519401219,0.0783813391014682,0.0084210526315789,0.0637593984962406,0.0378947368421052,0.158796992481203,-1.3424006422825916,0.0626660935735785,0.1525352016095897
0,0.0978428341438055,0.0993593203443966,0.0892888926650056,0.0859514907241298,0.0831848596289426,0.0503978779840848,0.169761273209549,0.1193633952254641,0.3978779840848806,-1.3945506563429482,0.0650568490662499,0.0884411660158547
0,0.0959192946575791,0.0941638109218498,0.088105182588512,0.0833433630734443,0.0810661193010847,0.0215085444902769,0.0760164997053624,0.0400707130229817,0.2009428403064231,-1.3608652643615182,0.0679982638460005,0.1342588068038132
0,0.0973415522087939,0.1016381686406871,0.0924380860814835,0.0895204032894648,0.0839027429425286,0.0263979193758127,0.1289986996098829,0.0693107932379713,0.359297789336801,-1.0677500847503534,0.1093356266095066,0.1231400690422633
0,0.0984931452009871,0.0967132296990921,0.0899042177729588,0.0882536077502284,0.0835502994301114,0.034090909090909,0.1266233766233766,0.0787337662337662,0.2495941558441558,-1.4697591436255888,0.0770916015253756,0.1070662567347405
0,0.1001021042093023,0.0887501447960938,0.0832854482306715,0.0821674890712875,0.0807651076856731,0.0141843971631205,0.0709219858156028,0.0460992907801418,0.1914893617021276,-1.5343922197019415,0.0569351764017896,0.1180313217836047
0,0.0965425380477741,0.0966185935593764,0.0868294697984663,0.0837982560791077,0.080553766037215,0.0144339197113216,0.0572846188543076,0.0374379792512404,0.2016238159675236,-1.575836719416429,0.0480053250115476,0.1206741637864313
0,0.0924183858459934,0.0936709354807339,0.0826917579158825,0.0846667122902922,0.0779128134445096,0.0053667262969588,0.0214669051878354,0.0107334525939177,0.1243291592128801,-1.5150931732664137,0.0349565872405644,0.0852462859812128
0,0.1070139482952634,0.1012056966516232,0.0905988326785716,0.0894188691844313,0.083125797786256,0.018348623853211,0.0770642201834862,0.0220183486238532,0.1486238532110091,-1.2516969502346742,0.1050591378732533,0.1367101423976378
0,0.0933699831440176,0.1020728815040214,0.0927655703454008,0.0921208585775619,0.0750045889513533,0.0152199762187871,0.0913198573127229,0.0418549346016646,0.1961950059453032,-1.894391131541268,0.0098902966323438,0.1165882404904324
0,0.0950552017966351,0.0905933403758679,0.0863573073608146,0.0814516834722281,0.0783726990103399,0.0122324159021406,0.1070336391437308,0.0642201834862385,0.290519877675841,-1.5290860552737886,0.0499078900792776,0.1155274649384347
0,0.109256306135824,0.1071377120263286,0.0965487917166204,0.0972860679693487,0.0852640089981568,0.0337186897880539,0.1435452793834296,0.0423892100192678,0.1396917148362235,-1.4463495916408535,0.0911714431901666,0.1459365319012517
0,0.1038129274693707,0.097015992825337,0.0885373993820661,0.0885224191079405,0.0794997304672586,0.0226415094339622,0.090566037735849,0.0716981132075471,0.2452830188679245,-1.458401130016568,0.0833787020381728,0.1284268915748273
0,0.0949968661052307,0.0997445831907709,0.0929672586328461,0.0880813029914385,0.0824942731143951,0.0839363241678726,0.2503617945007236,0.0781476121562952,0.4819102749638205,-1.5001496895051136,0.0652276126946078,0.1260832291999103
0,0.1076056157135527,0.1062332974730569,0.0964282865830563,0.0922241586156371,0.0863404575855065,0.0171232876712328,0.0993150684931506,0.0582191780821917,0.3561643835616438,-1.493585556744478,0.0743058558078057,0.1297703254706454
0,0.0834590217036863,0.0840878291988799,0.0812895339108632,0.0743277474735134,0.0816225992026973,0.0,0.031578947368421,0.0105263157894736,0.0736842105263157,-1.2268736538306984,0.0987907183828805,0.1304327031331383
0,0.1018132035041053,0.1013583768764606,0.093354711415905,0.0906723646872645,0.0869464504331285,0.0495251017639077,0.1926729986431479,0.0868385345997286,0.3527815468113975,-1.4013956499772038,0.0962724461718664,0.1366875536979686
0,0.0911982217876809,0.0890548297533602,0.0823894224637131,0.0785960833587654,0.0759868816444595,0.0105548423905291,0.0591926971901297,0.0653259164170589,0.120239623448866,-1.5862035921313586,0.060554862788663,0.137790833226751
0,0.1098390220284584,0.1162712060992532,0.1023121114341354,0.1031513347939515,0.097782887601791,0.0961754780652418,0.3312710911136108,0.0961754780652418,0.438132733408324,-1.4887232643829948,0.0633158764958545,0.1333619816737542
0,0.0996618404253092,0.0939431673562084,0.0926720539314684,0.0895882273468174,0.0846393787152993,0.0248062015503875,0.1162790697674418,0.0124031007751937,0.1550387596899224,-1.4154546017089893,0.0215856199912156,0.1247345623023196
0,0.0994375138461276,0.09656857877674,0.0887106045431168,0.0877550935723238,0.0820484423152148,0.0431630604505911,0.1219049743475351,0.051193397278608,0.277715815302253,-1.522427256738855,0.041222389339401,0.1239236369796684
0,0.1004844479033284,0.1060661390544498,0.0942961215518963,0.0937417793132187,0.0861101777603915,0.045,0.125,0.11,0.325,-1.5285047416776725,0.0654745657382702,0.1370263067466909
0,0.0821581224721309,0.0894577597791651,0.0772008265300843,0.0761401124952831,0.0751480990054892,0.0,0.0588235294117647,0.0168067226890756,0.0378151260504201,-1.4268148409011518,0.0929221150070922,0.1472409147461424
0,0.0986822708782135,0.0957707243448334,0.0875304945627372,0.0847096619331954,0.0796793593649027,0.02,0.0266666666666666,0.0466666666666666,0.0866666666666666,-1.5145720263656453,0.0841207936242304,0.1208593313718245
0,0.0887694626758585,0.0907242270013305,0.0828982332314524,0.0782302864904223,0.0747922398896991,0.0072727272727272,0.029090909090909,0.0127272727272727,0.0963636363636363,-1.0398234056476432,0.0516577457150527,0.1117419930793971
0,0.0973947303990591,0.0970491285151037,0.0858627342717674,0.0884148370716298,0.0775805522220323,0.0151869158878504,0.0478971962616822,0.0116822429906542,0.1635514018691588,-1.505437378789647,0.0662025707974661,0.1299038598640621
0,0.0459199063897226,0.0448617944678614,0.0417281746821961,0.0427969587728468,0.036224494632645,0.0074906367041198,0.0337078651685393,0.0149812734082397,0.046816479400749,-1.2803608115902412,0.1176287055326798,0.1188445626022153
0,0.0812582054459349,0.0799832629437302,0.0763352396611607,0.075630097828628,0.0682365055374894,0.006951871657754,0.045187165775401,0.0216577540106951,0.0946524064171123,-1.4160917247438092,0.0748760797787111,0.140038017789883
0,0.0924044026192002,0.0924010241149144,0.0841221154709876,0.0869768191525423,0.0761470900511355,0.0,0.0462962962962962,0.0185185185185185,0.0833333333333333,-1.4764115027163145,0.0601028885250504,0.1121008459279822
0,0.0989061558232417,0.0964989713565997,0.0931580243082519,0.0906238568369863,0.0816157856476333,0.0097560975609756,0.1268292682926829,0.0439024390243902,0.2341463414634146,-1.0419068109908034,0.0617944642721225,0.1354141412454414
0,0.0994434090890783,0.1170542930123294,0.1070750865457149,0.1069429270757073,0.0870118341367186,0.0,0.4166666666666667,0.0,0.3333333333333333,-1.5211688473005918,0.0656647211577887,0.158267936734375
0,0.0898596890004595,0.0869732999027337,0.0822408920039355,0.0780905320540353,0.0752169870095511,0.0042016806722689,0.0378151260504201,0.0168067226890756,0.1302521008403361,-1.495942673461108,0.0733755921876305,0.1440783548908012
0,0.0971287684747484,0.1098587487041596,0.0963890032288051,0.100208461678587,0.0817387143822554,0.1311475409836065,0.1967213114754098,0.0655737704918032,0.5081967213114754,-1.5844912859161566,0.0922633066415449,0.1064884681610734
0,0.1100196425584271,0.108930361367181,0.0957092437663089,0.0913134731645735,0.0961861072279175,0.0193548387096774,0.3483870967741935,0.1161290322580645,0.3419354838709677,-0.99678886826182,0.2326388079210602,0.1523165346134133
0,0.0926548320141797,0.0880153556634081,0.0820907727526247,0.0786717117083572,0.0758625047020364,0.0053471005808057,0.0468332257767124,0.021388402323223,0.1319258781229833,-1.7402625364748503,0.0236093710363903,0.1113476957551329
0,0.0981623473886728,0.0967424973986963,0.0888662504004612,0.0863032748749365,0.0829245149955047,0.044776119402985,0.194815396700707,0.216025137470542,0.4556166535742341,-1.3978676397145524,0.0977773486373194,0.1058698079211487
0,0.0948604551129009,0.0884624622649548,0.0837680090086322,0.0807064081501884,0.0772623307810422,0.0036297640653357,0.0562613430127041,0.0653357531760435,0.1778584392014519,-1.313718029366186,0.126326701507586,0.1499670138751772
0,0.0952813108152409,0.0945637450332344,0.0831378164589821,0.0827527105396602,0.0779741984027552,0.0144230769230769,0.0537587412587412,0.0305944055944055,0.1700174825174825,-1.5667978842693333,0.0713439054342618,0.0908572015590495
0,0.0928888841353726,0.0915442225321838,0.0865189596968771,0.0876897407314527,0.0783421529608497,0.0096916299559471,0.066079295154185,0.0281938325991189,0.1832599118942731,-1.5353813126003346,0.0732888915956351,0.1034226099642463
0,0.0816633618373244,0.0809750313717272,0.0764314862087386,0.0733820683071127,0.06898546346251,0.0112994350282485,0.0508474576271186,0.0150659133709981,0.1468926553672316,-1.580467666331655,0.0461493747791112,0.0980505846829501
0,0.0842915479884678,0.074816999749723,0.0733102380395142,0.0706957405484461,0.0677149389807436,0.0085470085470085,0.0384615384615384,0.032051282051282,0.126068376068376,-1.5452054899320238,0.0680280963535476,0.1333395529176027
0,0.0928484454264208,0.0915779021311482,0.0837299533238848,0.0805785908819904,0.0745263042530883,0.0093896713615023,0.0422535211267605,0.0610328638497652,0.1924882629107981,-1.5635910651067668,0.072002059801062,0.1035076492436062
0,0.0922033638926219,0.0846606259039271,0.0780938012865895,0.0769569978133347,0.0733312146818715,0.0146520146520146,0.0366300366300366,0.0512820512820512,0.1282051282051282,-1.3578858192395975,0.1125301882126532,0.1429004691348788
0,0.1051440042023408,0.1036806761434687,0.0928274528224368,0.0914913620676272,0.0881955257552127,0.0670995670995671,0.2820037105751391,0.1796536796536796,0.4826839826839826,-1.4815701193961517,0.0754239847336455,0.1475530291664178
0,0.0893039990028072,0.1161412209427489,0.0941376166830342,0.0972663260813083,0.0823439802359111,0.0088183421516754,0.1657848324514991,0.6931216931216931,0.109347442680776,-1.6407270136331735,0.0665477533404625,0.0639479864398517
0,0.0954781333490634,0.1094180222459662,0.090517858838322,0.0988162078269036,0.082197504925715,0.119281045751634,0.2091503267973856,0.1078431372549019,0.5882352941176471,-1.708039439861588,0.0358976667950594,0.1169738284645153
0,0.1029905707709806,0.0966338604781416,0.0876222273601262,0.0845010903950278,0.0824346256506164,0.0097087378640776,0.0574433656957928,0.0218446601941747,0.1723300970873786,-1.375684881528031,0.0999298878342076,0.1383378767310458
0,0.0962773987208581,0.0925568165082149,0.0843283953242842,0.0788682717504637,0.0770854098202856,0.0074786324786324,0.0619658119658119,0.0754273504273504,0.2358974358974359,-1.4052947782162206,0.0640077912676903,0.0774311481426497
0,0.082016670341682,0.0754368120234036,0.0715880128001082,0.0674519259793342,0.0682409549022616,0.0106578042631217,0.0728856291542516,0.0406830162732065,0.137520055008022,-1.265695939175722,0.1091302288005403,0.1249287825691975
0,0.1004679977917765,0.1048835620345145,0.0941809528221157,0.0939678879185957,0.0858489430964128,0.0147895335608646,0.0773606370875995,0.0500568828213879,0.2127417519908987,-1.067697820080248,0.0591510538624164,0.1083839796524779
0,0.1027106465725553,0.0990492247923029,0.0899591133447134,0.0875616397156734,0.0823938717055502,0.0234657039711191,0.1245487364620938,0.0613718411552346,0.3501805054151624,-1.349820053649353,0.1280861495310442,0.1339172742708164
0,0.0863422108818506,0.07630941874838,0.0759127615552222,0.0716014954230083,0.0693066502671965,0.0021114864864864,0.0244932432432432,0.0291385135135135,0.1440033783783783,-1.4103110342939096,0.0876388463070821,0.1105173873986908
0,0.1001071503269673,0.1027178877660294,0.0931555338651599,0.0904860778295061,0.0828970001220336,0.0446927374301676,0.1117318435754189,0.0558659217877094,0.3910614525139664,-1.5451267271466689,0.0572409586216884,0.1163298522965261
0,0.0954550654350428,0.0963070045577288,0.087146908199778,0.0848407165143145,0.0804061473514371,0.0160116448326055,0.0917030567685589,0.0349344978165938,0.2518195050946142,-1.537766492776959,0.0475043316640855,0.1209003940541473
0,0.0962920169062136,0.0978838540091362,0.0883741856211884,0.0878830287269702,0.0815034746629185,0.0274691628029043,0.1235237512028693,0.0463651474061761,0.2082057562767912,-1.4944335450721593,0.0490932768048295,0.1207386278750722
0,0.1017159442319867,0.1039941896123696,0.0921919219441511,0.0910253822705925,0.0849878676379974,0.0196509550638999,0.1253263707571801,0.0430122303146901,0.2646695066648344,-1.5766977036032457,0.0506189329441496,0.1157278700883977
0,0.1028026599024315,0.0959914855422804,0.0879489082376712,0.085989036278114,0.0821137882098996,0.0157433000841245,0.0891719745222929,0.0359331811080399,0.1897608460521572,-1.4285482952132809,0.0942578419649851,0.1343966830315912
0,0.0983032367616286,0.0948941102592426,0.0902122628698038,0.0878959925026433,0.0807719708749135,0.0236686390532544,0.0946745562130177,0.1242603550295858,0.3313609467455621,-1.5562201447658028,0.0314020000579406,0.0815085782599483
0,0.1021741022522404,0.1022156342518147,0.0912570192379782,0.0875401462412456,0.0829845943277257,0.0145454545454545,0.0536363636363636,0.0454545454545454,0.1690909090909091,-1.4570006974286,0.0665214433576159,0.1229045464167244
0,0.1026397177941794,0.1055986212755709,0.0912864012414638,0.0952247137296099,0.0803112204291715,0.0419580419580419,0.0909090909090909,0.0209790209790209,0.2832167832167832,-1.6712590276495642,0.05211450954051,0.1106009570998606
0,0.0998995603791334,0.0961200651051147,0.0891299279029276,0.0859524435183535,0.0835497757265834,0.0314192849404117,0.1327193932827735,0.0671722643553629,0.1868905742145178,-1.4218941099121325,0.0684964499298929,0.1549144044778635
0,0.1013402151503492,0.0940162672708983,0.0847555417887067,0.0812693217695757,0.0778904947518733,0.0203045685279187,0.0609137055837563,0.0406091370558375,0.1776649746192893,-1.3825755000005262,0.1224096362529672,0.1216362525240014
0,0.0939776197919103,0.0968698471703909,0.0871729983347505,0.0858884104335041,0.0787950268981645,0.0095729805313542,0.0665806174034634,0.0169947294826288,0.1124018500591588,-1.5612263030667022,0.0539783094662929,0.1346812526396502
0,0.0963989979158989,0.1050519199244255,0.0861502271521279,0.0885638212498993,0.0766707134952885,0.0130450987700335,0.0592620201267238,0.0130450987700335,0.1285874021617592,-1.559605181702448,0.0507624402898467,0.0914288633823266
0,0.1050218466405018,0.108896458254539,0.0955261524680725,0.0945457738085154,0.0886129976819738,0.0130718954248366,0.0893246187363834,0.037037037037037,0.2178649237472767,-1.4791569206243889,0.0728480726657621,0.1249820259025095
0,0.0885686219139177,0.0830437942429885,0.0879420699232223,0.0895083439571939,0.0572292653949239,0.0123456790123456,0.074074074074074,0.0493827160493827,0.2098765432098765,-1.4350546840460343,0.0636408156221729,0.0981577313277873
0,0.0864859870032679,0.0848223363643827,0.0762693901177574,0.0737818679122525,0.070081649710322,0.0048899755501222,0.0195599022004889,0.0097799511002444,0.097799511002445,-1.4842505609415706,0.0722899185213284,0.1107045958587249
0,0.0904836786484869,0.0934290420509298,0.0865078377023909,0.083271080436764,0.0806270199611034,0.0350877192982456,0.1578947368421052,0.0350877192982456,0.912280701754386,-1.670796034078002,0.0364821614779239,0.1268025734735735
0,0.0878976009441965,0.0871608060544599,0.0880115565981899,0.1027456263986593,0.0732429909696499,0.0006765785423115,0.0032306625395375,0.001995906699819,0.0061568647350349,-1.2867299021889698,0.0733733761575533,0.0528926571964551
0,0.0830146101995198,0.0898485905107248,0.0781063039607952,0.0787677533885033,0.0715454864204458,0.0084269662921348,0.0393258426966292,0.0449438202247191,0.148876404494382,-1.419269212062702,0.0402647068638503,0.078414461297149
0,0.0965614622118561,0.1032019618023947,0.0925458390930605,0.0903830438792721,0.0826193775508769,0.0237154150197628,0.0948616600790513,0.0474308300395256,0.2648221343873518,-1.0259830631425515,0.0628313526962374,0.104050731972094
0,0.0933320513009997,0.1039290697529203,0.0917875020265131,0.0941651525922976,0.0805400216998705,0.0419031719532554,0.1180300500834724,0.0664440734557596,0.2435726210350584,-1.7782925634607676,0.0337202899723243,0.1298897018607328
0,0.1001219839399838,0.0965770575718037,0.0897008895531378,0.0871247601961998,0.0796981988209745,0.0109090909090909,0.08,0.0503030303030303,0.3309090909090909,-1.290543101166567,0.0899359482267398,0.1280837330795638
0,0.0925009484756389,0.0937104013552914,0.0800929140412074,0.0730714276781932,0.0677129591085444,0.06,0.016,0.016,0.128,-1.1284420747594572,0.1658531157855772,0.1335667004396199
0,0.1070310646335743,0.1045904719583442,0.0937251576736434,0.0883062048280851,0.0873860220708054,0.0198019801980198,0.1492764661081492,0.1035795887281035,0.2886519421172887,-1.2117927004069986,0.1840450742315882,0.1283348051480872
0,0.1022879437852835,0.1012069160325571,0.0917360718639352,0.089495660532615,0.084717562015615,0.0138858276394093,0.0960987436632135,0.0219307912717654,0.138197046506502,-1.3451635269668123,0.11072307418853,0.161988597072236
0,0.1133790748531951,0.1089052588153485,0.0977260029193443,0.0990911928912534,0.0900022196757793,0.0285459411239964,0.1650312221231043,0.0561998215878679,0.3015165031222123,-1.6757394951385465,0.0447317637999873,0.1345619238977232
0,0.0896301909174791,0.0878130378239112,0.0853318285895919,0.0813458692359501,0.0754581071159028,0.0056242969628796,0.0517435320584926,0.0433070866141732,0.1602924634420697,-1.590869783026741,0.0344074201587494,0.1367792690676441
0,0.0830849388495252,0.0867855072325799,0.0796828807778294,0.0790948676187759,0.0683345270478935,0.0095291479820627,0.0353139013452914,0.0291479820627802,0.1003363228699551,-1.5151900474422155,0.0651377952786153,0.1232380005108654
0,0.0960932500458055,0.0876749601159869,0.0827696663186778,0.0799663532370526,0.0750048883180119,0.0081180811808118,0.0619926199261992,0.0228782287822878,0.1365313653136531,-1.550191393813075,0.0653558349524063,0.1495783048747276
0,0.1027723526797133,0.0991208700003341,0.08979485887173,0.0843340875662239,0.0844848647853918,0.0110344827586206,0.0662068965517241,0.0434482758620689,0.1641379310344827,-1.602822616326412,0.061739797165956,0.1580984834887492
0,0.0960118161829951,0.0878935293518929,0.0862876082712351,0.0834121512626586,0.0749621811849689,0.0103092783505154,0.0309278350515463,0.0515463917525773,0.1804123711340206,-1.27547643665682,0.0421863620410814,0.0955556115806594
0,0.1018126048254325,0.08857384833443,0.0860345858884517,0.0940275027049459,0.0687904238014399,0.0,0.0258064516129032,0.032258064516129,0.1032258064516129,-1.7254631578240045,0.0362565008227283,0.0685450025613279
0,0.0315156422211287,0.0316030281623014,0.0264019880998532,0.0298838999677619,0.0270941608616352,0.0,0.0111940298507462,0.003731343283582,0.0149253731343283,-1.5681870609401647,0.0312205866523793,0.2367646293650148
0,0.1043670290993651,0.102116643409959,0.0958700995993486,0.0943293297235633,0.084431319596176,0.0310734463276836,0.1468926553672316,0.0564971751412429,0.2344632768361582,-1.1753671623256807,0.111481792138278,0.1286025885879784
0,0.0911929693934456,0.0903965727122152,0.0832519532626869,0.0789758378551861,0.0745717793950983,0.0045317220543806,0.0649546827794562,0.0574018126888217,0.2447129909365558,-1.4984803723959457,0.056089524355706,0.1078486431683994
0,0.0941988502827259,0.0903223255174595,0.0849875841165971,0.0857822879122669,0.0705904132009763,0.0093109869646182,0.0428305400372439,0.0204841713221601,0.1098696461824953,-1.3572100432950165,0.10396544937078,0.102157199209013
0,0.1017013117873741,0.0980318863413061,0.089359532837313,0.0858475698603111,0.0867283527542983,0.0298804780876494,0.0981075697211155,0.0692231075697211,0.2435258964143426,-1.3867310168138616,0.0836198207813613,0.1403207101040555
0,0.0903522953252452,0.0901184660548974,0.0864017207310852,0.0839767780263629,0.0756003173134153,0.0045871559633027,0.1146788990825688,0.0688073394495412,0.1651376146788991,-1.324248794626628,0.0924609606251665,0.1123621082557315
0,0.1055657956351756,0.1026916482216046,0.0950132293127742,0.0913480488727637,0.0855721076668782,0.0394736842105263,0.2434210526315789,0.1118421052631579,0.2960526315789473,-1.4838064219481673,0.0602238124562804,0.1645403232441846
0,0.0992238924985711,0.1058157844367952,0.0910388179255707,0.0955298348232061,0.0797307926322618,0.0472440944881889,0.1653543307086614,0.0393700787401574,0.1850393700787401,-1.7243559241885391,0.0299483069873682,0.1180838895990124
0,0.1103481114200332,0.1135084136385304,0.1010022218726138,0.0986935858015884,0.0904561144878215,0.0745597602098164,0.2330460846759086,0.0693143499437991,0.4833270887973023,-1.476304132655594,0.0674551283605116,0.1334726765998109
0,0.095461735741085,0.0923034311174152,0.0863323365010608,0.0818547412298237,0.0736070633652234,0.0118343195266272,0.0355029585798816,0.0650887573964497,0.2189349112426035,-1.4042458283782415,0.0082200633451768,0.107629256031289
0,0.101031321311093,0.0958753705422865,0.0884158595487223,0.0848986510332599,0.0814057269520759,0.0221313447197498,0.1178734664421457,0.0353620399326437,0.176088525378879,-1.483558998101035,0.0786681522817581,0.1342282143741184
0,0.0909301696469288,0.0848303682827099,0.081017755262091,0.0783867068645656,0.0727681910207831,0.0145903479236812,0.0415263748597081,0.0347923681257014,0.0976430976430976,-1.8245436757647824,0.017280336577453,0.1323855365032255
0,0.112160207223685,0.1070678389212197,0.0969278365775937,0.0923241525775167,0.091677089724652,0.0806174957118353,0.3499142367066895,0.1852487135506003,0.7598627787307033,-1.5063677299892977,0.0503945021201094,0.108381586594818
0,0.1086762548993229,0.1038854288898006,0.092012522021489,0.0899322823466324,0.0854203493169296,0.0038461538461538,0.0923076923076923,0.0307692307692307,0.1961538461538461,-1.413938954045481,0.0969348435037857,0.1282619354147222
0,0.0812017888308577,0.0795435424221683,0.0790374449716533,0.0726768019997657,0.0705301048828907,0.0091012514220705,0.0386803185437997,0.0216154721274175,0.1808873720136518,-1.3299571002424622,0.1123935475294591,0.1505275689432702
0,0.0997943358962012,0.0978976712782132,0.0866853317100306,0.0884302366421163,0.078179853505211,0.0373626373626373,0.0549450549450549,0.1142857142857142,0.3637362637362637,-1.7166321419819357,0.038637169241906,0.0888636076621532
0,0.0925280212955653,0.087001510256249,0.083059159875687,0.0791361329755265,0.0755103357945268,0.0087732799753732,0.0664922271817762,0.0390949669078036,0.1711559181160535,-1.516118119066235,0.0598979654090508,0.1493841431256644
0,0.0997068871157814,0.0882850565266875,0.0838611465471517,0.0797648243429994,0.0788700809058645,0.0105008077544426,0.0732748672974844,0.0276944380336949,0.1434341103161781,-1.576129600778187,0.0596499966656191,0.119239553640424
0,0.1061544685445219,0.1108801783217601,0.0976544857033253,0.0917404337999218,0.0843833269915164,0.0141752577319587,0.0876288659793814,0.0335051546391752,0.1894329896907216,-1.637305699481865,0.0673575129533678,0.1506603900409259
0,0.0897646697742418,0.083608726965873,0.0804024286003455,0.0782124782314774,0.0723647394981404,0.0069252077562326,0.0609418282548476,0.0346260387811634,0.1204986149584487,-1.5725927798704746,0.055190207986907,0.1305512048973069
0,0.0861324165436101,0.086312629832081,0.0819824273693631,0.0818788372408643,0.0703748231501198,0.0139776357827476,0.0623003194888178,0.0435303514376996,0.2236421725239616,-0.4650258997630684,0.1129103326751938,0.1057001182473983
0,0.0959094323122291,0.0959610552550401,0.0872675116658057,0.0861842513513838,0.075279364555933,0.0138217000691085,0.0739460953697304,0.0794747753973738,0.2121630960608155,-1.607428644465445,0.0413132965955679,0.0887317622911558
0,0.1037513763008353,0.0983632350382661,0.0893857565210792,0.0843846708336965,0.0831113543756021,0.0021925453458241,0.0436515846123181,0.0193342635040861,0.170221247757624,-1.514846940870728,0.0676068549202837,0.1395599999908648
0,0.1009322862298384,0.0962272182616135,0.0889257847309085,0.0848401007913426,0.0845682805091888,0.0386243386243386,0.1629629629629629,0.074074074074074,0.3126984126984127,-1.414110547536755,0.0833869617278287,0.1242907522624575
0,0.0878391513036321,0.0831218816517459,0.0831310185971945,0.0735240796109524,0.0666846276582553,0.0052356020942408,0.0261780104712041,0.0471204188481675,0.2617801047120419,-1.4509249935640531,0.0516187760643459,0.162428437801083
0,0.0961875407295436,0.0911879228550061,0.0849030179662373,0.0804852327780929,0.0808840032328781,0.007934218118869,0.0532313906520484,0.0362088863242931,0.1291834968263127,-1.4099092992390163,0.0810343511615521,0.1166197504086087
0,,,,,,,,,,,,
0,0.104483662647822,0.1090515614677221,0.0946017194744575,0.0969846172749534,0.0875215504625205,0.0164874551971326,0.0838709677419354,0.0258064516129032,0.1598566308243727,-1.321587149574018,0.0980658020740549,0.1564100693251206
0,0.0827873883274871,0.076791621461444,0.0795307144818204,0.0784748450693299,0.073565060872311,0.0091743119266055,0.0458715596330275,0.0458715596330275,0.1559633027522936,-1.2475280632487986,0.0588394916472042,0.1283824718167792
0,0.1063550468957461,0.1089987855503396,0.0905126945199674,0.0887895708202136,0.0810177932361193,0.0130653266331658,0.0907035175879397,0.0314070351758793,0.2552763819095477,-1.7521163718144563,0.0644585321383489,0.0873852525989334
0,0.0978893642580712,0.096522001738705,0.0838260176092943,0.086548423677727,0.0791331487066206,0.0337078651685393,0.1423220973782771,0.0411985018726591,0.1722846441947565,-1.567166757756574,0.0756288317010862,0.1112678695728652
0,0.0971686541845699,0.0870748277768927,0.084432496738431,0.0812224625819655,0.0823852309646751,0.0071428571428571,0.1,0.0071428571428571,0.0428571428571428,-1.242239646927844,0.09771597361196,0.1168875071614005
0,0.1048623656114265,0.1001683954358792,0.090878425139281,0.0893670979652713,0.0852130113818431,0.024293568597366,0.1415420023014959,0.0652090525508247,0.2631377061756809,-1.7523351333911623,0.0397971696117884,0.1281676983809781
0,0.097597163441735,0.0994132453780027,0.0942205301137364,0.0947232757259304,0.0789817714743874,0.0570293884034948,0.0962668784749801,0.0562351072279587,0.2540111199364575,-0.8349830887989211,0.0570327762391603,0.1431020390700277
0,0.0947476450159869,0.0905405570381557,0.0858697966739468,0.0837091202900352,0.081656755751414,0.0038910505836575,0.0583657587548638,0.0544747081712062,0.311284046692607,-1.4985631093156075,0.0557068408747122,0.1312214533099925
0,0.1051910139118412,0.1072532440005427,0.0926357243975588,0.0941010668890706,0.0856409401679401,0.0404914828260262,0.1103043842502094,0.0410499860374197,0.2161407428092711,-1.4849387738383557,0.0565592147656042,0.1305839377434811
0,0.0968328303620859,0.0962547461422303,0.0851143320086184,0.0854729446283541,0.0817363173620529,0.0071017923571187,0.0443016570848833,0.0185999323638823,0.105850524179912,-1.5504614477928031,0.0594580026127773,0.1396925640024748
0,0.0981810591788878,0.0947796669279725,0.0892911716864191,0.0877870673256957,0.0818102051773227,0.0219907407407407,0.081886574074074,0.0451388888888888,0.1750578703703703,-1.396084760762843,0.0682725595017424,0.1180855164423125
0,0.098058094917596,0.1002248023118127,0.089434346867003,0.0890324779378452,0.0809509201521225,0.0113741162004303,0.0651706117430064,0.0624039348293882,0.3095604057792807,-1.32540471706864,0.0459536518424073,0.0854973753609637
0,0.0959402845166027,0.0894906550989232,0.0838065383081097,0.0825730555791172,0.0754236358362048,0.0157790927021696,0.0769230769230769,0.0276134122287968,0.1242603550295858,-1.5205047751359095,0.0718525837780634,0.1263821126352279
0,0.0943221909732073,0.0993052881220583,0.0911600626789598,0.0927861904026661,0.0760366371451381,0.0357142857142857,0.0909090909090909,0.1233766233766233,0.3376623376623376,-1.1784155588990468,0.0820874052256478,0.0729912713831156
0,0.0833426052485265,0.0796925092933821,0.0703815769059972,0.0706973736064385,0.0690330054705462,0.0029154518950437,0.0174927113702623,0.0087463556851311,0.0349854227405247,-1.3633537802427314,0.0742393169385887,0.1383125178728509
0,0.1055557174458187,0.1055361358359379,0.0924881156626964,0.0888217819103195,0.0854208451952247,0.0444444444444444,0.1244444444444444,0.0444444444444444,0.1933333333333333,-1.643401946298982,0.0564986176996349,0.1614274232657915
0,0.1037971162469435,0.104080146088601,0.0972006588270728,0.092818537789327,0.0875760147423937,0.0284785289830698,0.1375714766229397,0.0900325148559255,0.2980154725866129,-1.51648658974337,0.0617050429365524,0.1413599416191038
0,0.0944069628203177,0.0911403317840632,0.0848610520178364,0.0836952438041303,0.0765256033629545,0.0141242937853107,0.0480225988700565,0.0564971751412429,0.1242937853107344,-1.4893400708066409,0.0580294742095484,0.1193686516014025
0,0.1042658973264518,0.1100523053567389,0.0925585561073073,0.0923634266488106,0.0843975934370288,0.0338983050847457,0.1906779661016949,0.0805084745762711,0.2330508474576271,-1.4300664756255124,0.0648237747516574,0.1186319493658934
0,0.094952057818497,0.0935444646581894,0.0876940286906712,0.0840098816221059,0.0815273840375106,0.0308641975308641,0.1658436213991769,0.0662551440329218,0.2374485596707819,-1.3814722595823188,0.0892103005321683,0.1532450692818247
0,0.0885666921615771,0.0793010994439537,0.0775971626684039,0.0732265651682373,0.0712334578512984,0.0063157894736842,0.051578947368421,0.0231578947368421,0.1252631578947368,-1.4487809162721867,0.0664562789310228,0.1360845839798577
0,0.0969864617316161,0.0925396577459944,0.0858655351017095,0.080421753176486,0.0786141297128112,0.0088300220750551,0.108167770419426,0.0849889624724061,0.3278145695364238,-1.3060677130179974,0.1262249309977121,0.1369886342660611
0,0.1044479648711599,0.103225841791345,0.0936084128273211,0.0923980158811264,0.0857667069643635,0.039526921879863,0.1157796451914099,0.0454403983815748,0.1938997821350762,-1.4781826888622691,0.071505865032666,0.1342924288841449
0,0.1030921669325383,0.0968963495835912,0.0869446716691384,0.0846586793773604,0.0836364333254652,0.0352673492605233,0.2207053469852104,0.0824800910125142,0.4112627986348123,-1.325747915596625,0.1084128355107354,0.1110034081708263
0,0.1038453288005496,0.1019406270856232,0.0923232149535381,0.0907968024885338,0.0807325231382651,0.0380116959064327,0.1549707602339181,0.0649122807017543,0.4011695906432748,-1.4504377679035492,0.0571017019886049,0.11090440218688
0,0.0946912791936595,0.0950327627876106,0.0845109666915348,0.0838111745935426,0.0777517843678695,0.023728813559322,0.1016949152542373,0.1016949152542373,0.2,-1.517263041276639,0.06562020133372,0.1210659899970789
0,0.0900657751441752,0.0950199026640926,0.0862167023560758,0.0851395517680787,0.0785084220462674,0.0142264933107216,0.070944036178632,0.0296777840587902,0.1331260599208592,-1.344753192524122,0.1001948655401815,0.138297801901556
0,0.0941722824393572,0.0912954233590289,0.0847093511724151,0.0823326867747176,0.0769419325562466,0.0159436410826844,0.0819428995179829,0.0452354467927326,0.1675936225435669,-1.5941309662096346,0.0661581552420651,0.1306531893460164
0,0.0983714799539205,0.0970271371242647,0.0893323374147886,0.0858451751851,0.0824233415880731,0.0221945654428541,0.1140842148931756,0.0453225471893797,0.2965152457996266,-1.0761554805139844,0.189466199303896,0.1285804661918544
0,0.0947561141035149,0.099972944298043,0.0861969984930846,0.0829333990855597,0.0870654519426196,0.0,0.125,0.0416666666666666,0.2083333333333333,-0.9623379896075164,0.2405971857447403,0.1354220131049874
0,0.0959205253783138,0.0910230900527424,0.0856419298342197,0.080223197663779,0.0782631925170259,0.012119226989846,0.0773010153946937,0.0471667212577792,0.1768752047166721,-1.3451102305768492,0.0632296397801579,0.1450903304186896
0,0.0986332353695104,0.100764103216923,0.0919079987923513,0.090455770185213,0.0823749764900633,0.0123042505592841,0.0718680089485458,0.035234899328859,0.154082774049217,-1.669224656083345,0.0512417991231724,0.1079836605449515
0,0.1003961245122091,0.1052779892136597,0.0927502162298908,0.0941197221435059,0.0842826716674655,0.0249791840133222,0.20233139050791,0.0741049125728559,0.3771856786011657,-1.5144615245288664,0.0838812982196218,0.12496108430907
0,0.1098421043058325,0.0975961306086243,0.0940537404131152,0.0991365339816943,0.0783361838618938,0.0075528700906344,0.059667673716012,0.0287009063444108,0.0906344410876132,-1.1809719599916004,0.1472154767604373,0.1099290303241252
0,0.0956931557225246,0.0924524479354948,0.0873008611445299,0.0856428213498319,0.0788477359848753,0.0181912681912681,0.0897435897435897,0.0427927927927927,0.2091129591129591,-1.4208059212987767,0.0597484655141787,0.1257885685894048
0,0.1026568950869927,0.0977430017854315,0.0915663600744397,0.0909368438388766,0.0836540493515537,0.0213805742211362,0.0849114233353695,0.093463653023824,0.1918142944410507,-1.3074067118400745,0.068498395003151,0.1268144151993879
0,0.0878223072498733,0.0856256489009208,0.0838300815911349,0.0842712092935346,0.0642539767236898,0.0048076923076923,0.0576923076923076,0.0384615384615384,0.2259615384615384,-1.4947090190070371,0.0492580537108079,0.0862845381455152
0,0.086168342342446,0.0791834267548889,0.0733458641260232,0.0712795837041363,0.0661567963669131,0.0055555555555555,0.0833333333333333,0.0444444444444444,0.1777777777777777,-0.9286688548568948,0.0752318161764498,0.1074786301369192
0,0.1127240606422855,0.1026428591726488,0.0923598773359833,0.0931376739784726,0.0875680078387763,0.0284552845528455,0.1097560975609756,0.032520325203252,0.1666666666666666,-1.4573680888324951,0.0644222191312485,0.1618439005558647
0,0.0979511289133763,0.0956609000489356,0.085230496964811,0.0825036614007584,0.0821969607774645,0.0471204188481675,0.0994764397905759,0.0418848167539267,0.0837696335078534,-1.2468556295028466,0.0727328320090652,0.1633519016833247
0,0.0978459595198772,0.0896456794231527,0.0859918833598322,0.0823638332886561,0.0764194537121635,0.0163487738419618,0.0381471389645776,0.0653950953678474,0.1335149863760218,-1.4926483323581687,0.0850721331902934,0.1117626438067715
0,0.0907590887437043,0.0903326432102262,0.0883494556795691,0.0801884624463202,0.0796433590966841,0.0174013921113689,0.1133023975251353,0.0945475638051044,0.2861562258313998,-1.2198985084265528,0.124374220751847,0.1842813004152504
0,0.1012228013895295,0.102974794276381,0.0902813061170146,0.0906480578261376,0.0833187455940398,0.015420200462606,0.0871241326137239,0.0555127216653816,0.266769468003084,-1.2692950474723974,0.0335471650958723,0.0806781591560443
0,0.1046755824353492,0.1074958666947149,0.0988880377395852,0.0957867600171232,0.0884077058267096,0.0195895522388059,0.1063432835820895,0.0279850746268656,0.1772388059701492,-1.520750646759325,0.067702578312154,0.147883460417585
0,0.0719954945567596,0.0745197747324109,0.0750547893615421,0.0725403752395065,0.0586627878669219,0.0,0.0289017341040462,0.0057803468208092,0.0520231213872832,-1.4628420719212192,0.0863660005657157,0.1410458306226893
0,0.0928477420067241,0.0906027823640659,0.0789460525404518,0.0803323608552114,0.0775569167183419,0.009090909090909,0.0545454545454545,0.0454545454545454,0.2181818181818181,-1.4187454099592691,0.0967855027502749,0.1376348574536544
0,0.1009581068677096,0.1030943785801354,0.0938036643873205,0.0910334017688053,0.0856387276283151,0.0325581395348837,0.1511627906976744,0.1023255813953488,0.2558139534883721,-1.5581328460805992,0.0489025293795215,0.0975202264370709
0,0.1031827463833498,0.1029234104764334,0.0916739291396603,0.0917100498532066,0.0854027275538446,0.0457458841271836,0.183611914037954,0.090360688701772,0.3124293075279628,-1.2655037783805445,0.1254834471964372,0.1205362711343282
0,0.0867200391328962,0.0837399350533696,0.0789700868406096,0.0751726041224119,0.072910519960741,0.0042137946329563,0.058327788866711,0.0507873142603681,0.1204258150365934,-1.4908704820781822,0.0724307679757448,0.1200610880850688
0,0.0926336302325373,0.0866529832453435,0.0822969267796636,0.0771304767565465,0.0745906717899233,0.0044186688760011,0.0381110190555095,0.0165700082850041,0.1129522231427782,-1.5903399108211258,0.0552410900125119,0.1449067567125508
0,0.1125848065350699,0.0895932698942449,0.0929111576101334,0.077944266617983,0.0843704001004736,0.0444444444444444,0.1481481481481481,0.1703703703703703,0.7185185185185186,-1.034501672044762,0.1732046587978826,0.1286034188772131
0,0.0934803717118994,0.0905476958706338,0.0818525201356302,0.0783697330339683,0.0741753467220427,0.0046082949308755,0.0702764976958525,0.0552995391705069,0.195852534562212,-1.6790738724343908,0.0353292142058329,0.1110909190214168
0,0.0908999660261396,0.0931508634852575,0.0883967996661622,0.0891872521762608,0.0807140141710326,0.036840106342575,0.2734523357387011,0.1883782757311052,0.2639574629699962,-1.6739991051209755,0.0483951724220891,0.106533893388202
0,0.0938972928960145,0.0836487667209595,0.0797053100836118,0.0779837879712557,0.0764187764604948,0.0075187969924812,0.0300751879699248,0.0451127819548872,0.1278195488721804,-1.2654123957125485,0.1403021051264111,0.1411459242435667
0,0.0920466394629026,0.0941209206406914,0.0854624705236283,0.0826642564711964,0.0759416773382971,0.0080482897384305,0.0744466800804829,0.0251509054325955,0.0895372233400402,-1.3172278525050656,0.0773377937461741,0.1820808887350151
0,0.0987980242133495,0.094509346981561,0.0885821218006584,0.083965396953142,0.0804913153887825,0.016135705419942,0.0666115018618121,0.0848158874637981,0.2470004137360364,-1.4477771947763092,0.0635755100656833,0.1001526120067053
0,0.0931347554398668,0.0920898899384362,0.0845001515890614,0.0808997639721957,0.0789015987166088,0.0259815242494226,0.1010392609699769,0.0831408775981524,0.1830254041570438,-1.2890688763537113,0.121792204285899,0.1670899360643707
0,0.0927631898397713,0.0928804164337439,0.0868846859237009,0.0808445800794748,0.0797777648367962,0.0305343511450381,0.0916030534351145,0.0305343511450381,0.1068702290076335,-1.5998871305851492,0.0454055469972586,0.1136255389532346
0,0.0932043539012454,0.0905376959471466,0.0816486078185805,0.0797408600076599,0.076843178672382,0.0114523030455575,0.0700981625975333,0.02617669267556,0.1376793355147244,-1.6507849719275256,0.0418621548607633,0.13622569359762
0,0.0918569328740364,0.086536929262584,0.0790941333733566,0.0789169712308791,0.0741851074385843,0.0492610837438423,0.1724137931034483,0.0197044334975369,0.1379310344827586,-1.2713562358022936,0.1003114579453788,0.1666295245791248
0,0.0884824752080007,0.086194846173656,0.0816760517836893,0.0789152787169994,0.0714584146955247,0.0123697916666666,0.1188151041666666,0.0279947916666666,0.2265625,-1.7567660571197488,0.0263829166862204,0.139930544859231
0,0.10605808248121,0.1048859462660361,0.0921575088600809,0.0941860519666841,0.0848953055149853,0.0403341976375684,0.1552866609046384,0.0475367329299913,0.3180639585133967,-1.4903272505391427,0.0777969532203828,0.1429983345521602
0,0.0974948314745019,0.1008607842622415,0.0908532761839072,0.0935069103287859,0.0744446967004321,0.0125,0.05,0.05,0.1375,-1.5640646891570915,0.0696414990116391,0.1151885380441801
0,0.0958571066865764,0.0921101589727811,0.0842981096298459,0.0824709240263846,0.0801253795270377,0.0127795527156549,0.0894568690095846,0.047923322683706,0.2236421725239616,-1.392428604441757,0.0576117805783378,0.1401755708227084
0,0.0940799501846715,0.09314607230123,0.086484080242789,0.0845360531341805,0.0806707906443991,0.036078431372549,0.1254901960784313,0.0811764705882353,0.2992156862745098,-1.326880378005176,0.0837674789810774,0.1298867191417349
0,0.0989958345999728,0.1060386757620498,0.0921834807148269,0.0904376351127988,0.0847654818267862,0.0730337078651685,0.2696629213483146,0.2078651685393258,0.7808988764044944,-1.6373352499887377,0.0527828791708857,0.0987702777568106
0,0.0987186720343314,0.1000145878755488,0.0896147095890844,0.0891962917374834,0.0828775419344099,0.1020942408376963,0.2408376963350785,0.1151832460732984,0.6335078534031413,-1.46675145738237,0.082922603934908,0.1141211135760363
0,0.0984703343154304,0.0966193246131151,0.0873082427891712,0.0862040273196299,0.0824733620748322,0.0069444444444444,0.0486111111111111,0.0405092592592592,0.1157407407407407,-1.3997071043233489,0.0828371798004362,0.1378446702810687
0,0.1037014635807001,0.0922621610146293,0.0836964137187203,0.0850235492133565,0.0790053055998227,0.0232558139534883,0.0930232558139534,0.0930232558139534,0.6046511627906976,-1.659602472110351,0.0380304886724275,0.1449679696267982
0,0.1050440474069562,0.1095470213165761,0.0919727876045036,0.0918046543903628,0.0825465346428804,0.0,0.1162790697674418,0.0232558139534883,0.3255813953488372,-1.6394809138498727,0.066341516666254,0.0695420819436031
0,0.0944737691184998,0.0876795303496277,0.0831712773192339,0.0790911866922735,0.0742269456091717,0.0029509406123201,0.067687200295094,0.034120250829952,0.1291036517890077,-1.7257731175949882,0.0296465827028371,0.1028909638503002
0,0.0997572049496093,0.0940593100866327,0.0867617006490172,0.0828215965409348,0.0813450889481011,0.022635814889336,0.0955734406438631,0.1398390342052314,0.2334004024144869,-1.443519069093941,0.0602256326171063,0.1402151929249412
0,0.0794556627434347,0.077476880530463,0.0701242486898055,0.0687249418574543,0.0647355163687577,0.0151936997852199,0.0434332988624612,0.028319147243656,0.148039137697876,-1.3543373639201273,0.106496558860118,0.1244097317100367
0,0.0942727024625185,0.0926364332604894,0.0858792006019062,0.0812044740742234,0.0791261327262663,0.012429663223314,0.0763416477702191,0.0330897791215251,0.1519274376417233,-1.6544759316502329,0.0476440732518169,0.1414607103283402
0,0.0963348381486853,0.1031448696534889,0.0931670578466795,0.0977669678357833,0.0790105683231361,0.0192164179104477,0.0860074626865671,0.0408582089552238,0.1718283582089552,-1.5245376984246242,0.0923125748924001,0.1341137154262213
0,0.0942592001327906,0.0972704095794756,0.0893638397409919,0.0861780292531532,0.0784772049974298,0.0088300220750551,0.0949227373068432,0.0816777041942604,0.2516556291390728,-1.3226361869586991,0.0928457350709004,0.1074931252426408
0,0.0976686174716897,0.0990579534219531,0.0914197306933118,0.0855513435378676,0.0825630255368312,0.0100613496932515,0.1060122699386503,0.0441717791411042,0.2066257668711656,-1.3088077385141332,0.1694303421659816,0.1501265276244041
0,0.0991454012049192,0.1026593242245558,0.0902926588625086,0.0938746887404434,0.0803528084146605,0.0224719101123595,0.0674157303370786,0.0786516853932584,0.3370786516853932,-1.793573853891045,0.0256452104239081,0.0862373863563609
0,0.0947971049671365,0.0985463601428832,0.0889051411056808,0.0895408311087124,0.080304250193104,0.0401234567901234,0.095679012345679,0.037037037037037,0.2407407407407407,-1.8106703112650808,0.0232471456595698,0.0823710719784987
0,0.0931119763045393,0.0930123456109403,0.0854648415425705,0.0835187888199478,0.0762576479564639,0.0140597539543057,0.0650263620386643,0.0351493848857645,0.1634446397188049,-1.5335233210707973,0.070519858969618,0.1306109065345227
0,0.1006986048405115,0.096602966099435,0.0896037431360304,0.0845294090226694,0.0838527388969665,0.0361691288843606,0.1504191173065345,0.1256425693511786,0.3112119668411059,-1.7508098553461546,0.0217443322245123,0.1564491549383489
0,0.1003897396944875,0.1026160180264949,0.0926296762110751,0.0891570557350039,0.0816289754008383,0.0,0.391304347826087,0.0652173913043478,0.1956521739130435,-1.6795414907664434,0.0520396401177411,0.0816489000506932
0,0.090681307004111,0.0881668142485321,0.0798937835025393,0.0776954115180016,0.0758721931311223,0.0056497175141242,0.0437853107344632,0.0190677966101694,0.1151129943502824,-1.3978521524247147,0.0897144910298357,0.1103862524428143
0,0.0983311521047504,0.0940185294791787,0.0869301121508805,0.0854186482499045,0.0790345533488824,0.0069860279441117,0.1167664670658682,0.0538922155688622,0.2724550898203592,-1.0232769025903727,0.0715873538806988,0.1057663150588913
0,0.0929206970746454,0.0924500926241788,0.0837879806105715,0.0813113492415078,0.0743370373725262,0.0041958041958041,0.0209790209790209,0.0139860139860139,0.1846153846153846,-1.582476602084725,0.0419613289731252,0.0770806411271789
0,0.1000774489341514,0.0991260617563856,0.086857359153767,0.0886361803768115,0.0822131507411436,0.0247747747747747,0.1058558558558558,0.0427927927927927,0.1869369369369369,-1.6092601004349316,0.0590372286318773,0.1186404300411287
0,0.0958835349795574,0.0969547163143629,0.0901367008789859,0.0928910731828344,0.0788045753639839,0.0,0.0353982300884955,0.0265486725663716,0.2212389380530973,-1.4399815817502155,0.0816287899278137,0.1502896846393475
0,0.1024069489698204,0.1053331037874719,0.0949365342654968,0.0933606079150246,0.0878697937284321,0.0522161505768063,0.2935640558591378,0.0731633272616879,0.3318154219793564,-1.5166315749708257,0.0645791440607853,0.1303834661693494
0,0.1044746435792001,0.0997455629389672,0.08648928578585,0.0846323991877757,0.0834296755145109,0.0315533980582524,0.0794902912621359,0.0436893203883495,0.2178398058252427,-1.5574075850192903,0.0591818938682795,0.1240907717004307
0,0.0938029318676945,0.0970078448012034,0.0893955259684528,0.0899333944497652,0.0768401720663495,0.0,0.075,0.1833333333333333,0.3166666666666666,-1.6759078129372778,0.0284055335564404,0.1115791815721436
0,0.0967228853112751,0.0966997061977705,0.089101099670101,0.0879787253999718,0.0797719394233069,0.0268548020027309,0.1338188438780155,0.0705507510241238,0.324988620846609,-1.5614066663032409,0.0594236532491963,0.1288252252058739
0,0.0983955818668214,0.1014410174549769,0.0930359754994741,0.0911338325305226,0.0854187397038784,0.049159984726995,0.3233104238258877,0.0674875906834669,0.3988163421153112,-1.4578694036984776,0.0659466607951906,0.2538489587265488
0,0.1041995686863621,0.1036268609657522,0.0942803633048973,0.0926594710526157,0.0853356148249204,0.0169491525423728,0.1186440677966101,0.1016949152542373,0.3474576271186441,-1.70902760767149,0.0417074055915492,0.0874839925933502
0,0.1020249168646992,0.101550270212466,0.092413100326792,0.0911952951903865,0.0840979544519377,0.0422569614069369,0.1985832926233512,0.0908646800195407,0.41133365901319,-1.4983218910147522,0.0710914514784531,0.1419198525015574
0,0.0952767756250723,0.092749582768088,0.083774373589048,0.0833265275839914,0.0795377097642684,0.0142630744849445,0.0792393026941362,0.0253565768621236,0.1505546751188589,-1.3100322420407828,0.1585514510606391,0.1486688099792525
0,0.0983130363957602,0.0930850019521263,0.089285211944512,0.0843591917436876,0.0811490728845876,0.0127388535031847,0.1273885350318471,0.0471337579617834,0.2165605095541401,-1.2572193113096777,0.0730784540226147,0.1268150731559062
0,0.0973741114312397,0.0897043765944516,0.085845367636579,0.0843002608636989,0.0769691278763074,0.0200617283950617,0.0570987654320987,0.0270061728395061,0.1172839506172839,-1.1276463668736516,0.1190691211638113,0.1307332192173786
0,0.0860368196078442,0.0785389250816269,0.0743033958612207,0.0720577381380783,0.0652650233419444,0.0185185185185185,0.0925925925925925,0.0,0.1481481481481481,-1.5079407219460013,0.0829708160118058,0.1288097644364542
0,0.103018957305889,0.0999286264356042,0.0912896876295926,0.0867436295660418,0.0839879925118319,0.027852998065764,0.1125725338491295,0.0781431334622824,0.3640232108317214,-1.4937546510169335,0.0671173313055633,0.1128225635930652
0,0.0783702870833609,0.0774660622278755,0.0736717092463608,0.0682579900110398,0.0640457866730333,0.0024639878695981,0.0350644427596664,0.019901440485216,0.1065200909780136,-1.3356896676645444,0.1027572845997829,0.1437758498338064
0,0.1016947167425885,0.0989242307891259,0.092384900620612,0.0887470111930042,0.0807035536240332,0.0,0.0894039735099337,0.0364238410596026,0.2450331125827814,-1.3947047407142792,0.0880795857448357,0.1176566343405022
0,0.1042660181993125,0.1006668498186294,0.0913122622997422,0.0893042896823273,0.0844455226833922,0.0294828419526341,0.1048815853069115,0.0449492508458192,0.2063798936684388,-1.4514062399462906,0.0782443016082523,0.1266370817357651
0,0.0949491377618544,0.0987834979688245,0.0885938479988794,0.0876179909350512,0.0807411812128204,0.0148883374689826,0.0806451612903225,0.0415632754342431,0.2642679900744417,-1.375171805800902,0.0751351623262751,0.0729080025463387
0,0.0930352574788759,0.0920699384038377,0.0851645161231334,0.086645501161094,0.0816921384191965,0.0110410094637223,0.1175078864353312,0.0347003154574132,0.1458990536277602,-1.207630892539465,0.0792850230824654,0.1533242712476918
0,0.0992440949781336,0.0875784481373764,0.0878180982345308,0.0868933967978248,0.0739002150568882,0.0098119378577269,0.0318887980376124,0.0915780866721177,0.2591986917416189,-1.2673024312665129,0.0937763116093474,0.1003208355296037
0,0.1081816767758554,0.11486754112502,0.0990103803010031,0.0942871173578882,0.084806822409114,0.0224719101123595,0.0861423220973782,0.1161048689138576,0.4307116104868914,-1.4630287120809111,0.0799948123039746,0.1302436344927117
0,0.0985506253386837,0.0937301659693161,0.0860289251272975,0.0833884850658857,0.0754047828007177,0.0197368421052631,0.0131578947368421,0.0526315789473684,0.1118421052631579,-1.7464679630816915,0.048460753317145,0.109541794387806
0,0.0912415423834223,0.0991345455867026,0.0880191778425217,0.0879227894307128,0.0767151705857589,0.0425531914893617,0.0957446808510638,0.0460992907801418,0.25177304964539,-1.502835529039681,0.0698964337066543,0.1627720137778974
0,0.0856317806529204,0.0826911675332963,0.0763657551527203,0.0762214760436167,0.074338017331783,0.0111111111111111,0.0777777777777777,0.0407407407407407,0.1259259259259259,-1.3291488227283106,0.0579167701994819,0.1425211317919424
0,0.1019130660167749,0.0999340645228184,0.0916577578235887,0.0912530582517183,0.0877352697300742,0.0627615062761506,0.1464435146443514,0.0627615062761506,0.2175732217573222,-1.6610526140919912,0.0333953490229176,0.1082609257725672
0,0.1052458625088379,0.1002176276804362,0.0923071324901649,0.0896431422414838,0.0863968037747261,0.0327542995419583,0.1670555699593812,0.0958430559156511,0.2771584132745657,-1.3631904225968785,0.054665227699579,0.1323311065422729
0,0.0987251341987917,0.0985050563326432,0.087731875741549,0.084312354777755,0.0852617843274222,0.0090415913200723,0.0849909584086799,0.0361663652802893,0.1193490054249547,-1.1748181005383376,0.1129258253391511,0.15389239489209
0,0.0995689050617736,0.1008259841177491,0.0894535071190844,0.0876502267958523,0.0814672365302303,0.03472571716155,0.1685958731756416,0.0588827377956718,0.3663814796175138,-1.5613960697043348,0.0598787097478958,0.1265603382305349
0,0.1019637385384797,0.0969471337498355,0.0884216488481072,0.0847703366714234,0.0832216112244806,0.0206584893479664,0.0880137723262319,0.0570260383042823,0.2220787604906391,-1.194334670335233,0.1207804542578526,0.1448997889112608
0,0.0976508242233718,0.0936687760256684,0.0831748479541342,0.0812204781790851,0.0782349285179868,0.0084985835694051,0.0679886685552408,0.0509915014164305,0.1912181303116147,-1.85506903730518,0.0232394010519384,0.1046644919851312
0,0.1069620964948123,0.1099766317611162,0.0940992918578891,0.091332381690835,0.0877847231775147,0.0398009950248756,0.1840796019900497,0.0348258706467661,0.2985074626865671,-1.670729206727985,0.0381310641226291,0.1180882726090624
0,0.1045000330016446,0.1019717204975812,0.0880299519081295,0.0885615765742148,0.0855710915751785,0.0273684210526315,0.0578947368421052,0.0305263157894736,0.1631578947368421,-1.378325295029568,0.1125226742642227,0.1328164036709446
0,0.0839371741267036,0.0794726716631031,0.0760403404913602,0.0742728868218279,0.0682924400337005,0.0048076923076923,0.0769230769230769,0.015625,0.0925480769230769,-1.45618141606535,0.0452262259710941,0.1352481978409091
0,0.1106036826847298,0.1040901792553729,0.0926406917671784,0.0907871832418294,0.0870799453410876,0.0246006076644124,0.1320199941193766,0.082916789179653,0.3253944918161325,-1.3831202491761994,0.1093795879212063,0.1419418894413923
0,0.1026155253049099,0.0876979591132779,0.0877909288921666,0.07876131804095,0.0817397208822766,0.0153452685421994,0.0383631713554987,0.0409207161125319,0.1329923273657289,-1.5209726740237577,0.0495665689877486,0.1179543396644247
0,0.0953812157903905,0.0990897565471286,0.0874057742788482,0.0890794224643121,0.0802964277874801,0.0097991180793728,0.03968642822146,0.0298873101420872,0.1523762861342479,-1.4503462957097804,0.0647955953727848,0.1105000143210916
0,0.0965331769734998,0.1023237365598377,0.0913982197313527,0.0927625575952741,0.081265022903883,0.0078895463510848,0.1301775147928994,0.0769230769230769,0.3234714003944773,-1.5801709950959324,0.0742808658972333,0.0943086573254538
0,0.0983839111202147,0.1003342967679291,0.0926087960341176,0.0920148784498774,0.0863045794641541,0.0,0.0,0.0625,0.3333333333333333,-1.3413178727071629,0.1289013647459817,0.10016380948687
0,0.107569848918891,0.1001378595525748,0.0916468420251238,0.0903568946285027,0.0866425628782504,0.0189125295508274,0.0982776089159067,0.039175954069571,0.2259371833839919,-1.4532617969320427,0.09017383799681,0.1433531390337583
0,0.0886431778478964,0.0839090130906707,0.0799413082674385,0.0757486229684457,0.0733234063733709,0.0055468885422083,0.0518287398162593,0.031894609117698,0.1461258450338013,-1.6645167032514163,0.0389146035165525,0.1169598422856563
0,0.0884495847154673,0.0956264005502174,0.0915543212805364,0.0906984457021864,0.074274654072364,0.0,0.0897435897435897,0.1025641025641025,0.1794871794871795,-1.549418351885226,0.0660764813242809,0.1223397785029401
0,0.102221280838719,0.1029975805622331,0.0929022632403947,0.0907475101837537,0.0860288439206853,0.034399086497288,0.1700685127033971,0.0545246931201827,0.366257493576934,-1.3778122148589622,0.1126813959794589,0.1569871665593959
0,0.1009092737018362,0.0983578693629497,0.0901953477007711,0.0870461437672809,0.0823002252670265,0.0061388653683319,0.0611769686706181,0.023285351397121,0.1132514817950889,-1.518428133249062,0.0637831520399188,0.1511630264551831
0,0.0862312359049758,0.0805983996652471,0.0788916846578259,0.0740568673318216,0.0727934072467017,0.0102827763496143,0.0462724935732647,0.0308483290488431,0.1568123393316195,-1.5284296977937175,0.0580498837222096,0.1143173054573584
0,0.0854218999933691,0.0820484402138386,0.0727626745042241,0.0699611824574848,0.0607009731010283,0.0198019801980198,0.0594059405940594,0.0495049504950495,0.1485148514851485,-1.398538106524457,0.0802657039936634,0.1006780206668331
0,0.0857462891385554,0.0804594632462903,0.0747759455147112,0.0732920900637111,0.0700353171972024,0.0103189493433395,0.0333020637898686,0.0253283302063789,0.0975609756097561,-1.429750490548933,0.0770804780666333,0.1182050124205881
0,0.0905102881135821,0.0868631647129024,0.0820737784624485,0.0813331434551157,0.0737655978052622,0.0117994100294985,0.0442477876106194,0.0294985250737463,0.2330383480825958,-1.6548210356609765,0.0442773949367773,0.1007423529500001
0,0.1037723174927805,0.0968248181601654,0.086948713080765,0.0926417493725715,0.0851022299441775,0.09375,0.1875,0.21875,0.21875,-1.4560730805962967,0.0853751776210107,0.1463011058293748
0,0.0970440867349437,0.0954221595313205,0.0897381644945047,0.0856001068250868,0.078831220548504,0.0096266044340723,0.0889731621936989,0.043173862310385,0.234247374562427,-1.6262442857720514,0.0384541016346236,0.0998853894802733
0,0.0938367612424399,0.0953559320470401,0.0864124008693837,0.0853686583166625,0.0798575374707328,0.0162875596742488,0.1035289712627539,0.0299541327342506,0.1713938032387906,-1.453785443858602,0.0569396928225633,0.1596843393594723
0,0.1070803065996855,0.109926787495779,0.0961448452240922,0.0944481258446761,0.0891893214157614,0.1150442477876106,0.1256637168141593,0.0867256637168141,0.3256637168141593,-1.6025352566812343,0.0639733714638855,0.1198864061320461
0,0.0980818502937231,0.0974921178411843,0.0896392193385745,0.087323545315771,0.0808072132427288,0.0138339920948616,0.067193675889328,0.075098814229249,0.2608695652173913,-1.4499636179939088,0.0452279384206642,0.0885496385930261
0,0.1017021804506878,0.094097588762198,0.0922498309828273,0.0859800574213948,0.0860250050762101,0.0352564102564102,0.1666666666666666,0.1121794871794871,0.3814102564102564,-1.3907870842776615,0.0621094776404643,0.1449906644493856
0,0.1065222118787592,0.0968317336003325,0.0905437173140703,0.0908761240063749,0.0816097658814822,0.0093429158110882,0.0601642710472279,0.034394250513347,0.1382956878850102,-1.5221402042046337,0.0763832711434301,0.1459670525630923
0,0.0861743301745093,0.1131380380832618,0.0928405853493749,0.0945545644532165,0.0814498866618411,0.0448484848484848,0.0412121212121212,0.4515151515151515,0.1763636363636363,-1.7741507360556688,0.0322476931752283,0.0826481934407781
0,0.1047639594126091,0.1067938474658261,0.0935971419789606,0.0923433265611322,0.0838293350880243,0.0174005681818181,0.12890625,0.0426136363636363,0.2024147727272727,-1.1692296151314714,0.1949295094324101,0.1035065164693099
0,0.0969062324767103,0.0931339587358362,0.0868667700129708,0.0876725176017242,0.0771649355041684,0.0171966255678131,0.0837118754055808,0.0389357560025957,0.1842959117456197,-1.5346854046409524,0.0627592310587778,0.1192394304773983
0,0.095681112643477,0.0967652762802995,0.0876189810030474,0.0862406937172401,0.0777990765223693,0.010752688172043,0.053763440860215,0.03584229390681,0.2258064516129032,-1.3512514938540432,0.0624565405708174,0.0932622108257584
0,0.097696505318569,0.10261071876083,0.0927274472481384,0.0922560359971215,0.0821255275078506,0.0423728813559322,0.126412429378531,0.0564971751412429,0.2711864406779661,-1.5041179231849189,0.0710488758491637,0.1217458458979403
0,0.1067812563940069,0.1026593498719835,0.0904306682356036,0.0874320928160891,0.0837328357890215,0.0160987981034292,0.0968133201014444,0.0400264637777042,0.2314477891719042,-1.4793048553271229,0.087717021311216,0.1199280150311558
0,0.1012965610060269,0.109952601580069,0.0962512346868227,0.095975138754772,0.085945095857653,0.020605550883095,0.1299411269974768,0.0496215306980656,0.2535744322960471,-1.4934811071379794,0.0656668433540606,0.1268997150825381
0,0.1016516435306787,0.1016991865393338,0.0880349688544216,0.0858111075462786,0.0790015393556665,0.0073875083948959,0.0537273337810611,0.0443250503693754,0.1974479516453996,-1.5746985516041656,0.0707762163890158,0.1053365287813904
0,0.1038368767659599,0.0982172779631296,0.0892124702188614,0.0886654553353272,0.0812977787476795,0.0125,0.0754629629629629,0.0379629629629629,0.1921296296296296,-1.4495961404197943,0.0548582295958267,0.1288057340224108
0,0.1012389960480697,0.1072139540952616,0.0933978743013983,0.0937086387805558,0.0845223799054202,0.0184663889201666,0.0766805539916676,0.0430131741920954,0.1869158878504672,-1.729793789764689,0.0298143543443578,0.1120565770626479
0,0.0898173295223987,0.0890476176864778,0.0840864760651838,0.076042496250733,0.0733295912888594,0.0048701298701298,0.0503246753246753,0.0405844155844155,0.1964285714285714,-1.5228640632513688,0.0503025999244209,0.0896835787544213
0,0.1029573238151537,0.0987059637278518,0.0932138759594693,0.0903463187179711,0.0880878823902337,0.0119047619047619,0.0833333333333333,0.0714285714285714,0.238095238095238,-1.4929304916451187,0.0708554390598471,0.1433881663723126
0,0.0934051514764792,0.0871332347474343,0.0811967542649436,0.0791665077198297,0.0758367412489083,0.0072463768115942,0.0429208472686733,0.0334448160535117,0.1711259754738015,-1.1908696920063513,0.0923614675980488,0.1321873753441835
0,0.0916317953060683,0.0905710872516768,0.084413037911091,0.0852740306828201,0.0738539106366864,0.0136986301369863,0.0328767123287671,0.0273972602739726,0.2301369863013698,-1.6855797730085336,0.0398780598060716,0.0969133891928582
0,0.0769384165698965,0.0793572276519885,0.0694044617140263,0.0662947233065044,0.066117849973347,0.0,0.0112359550561797,0.0224719101123595,0.1235955056179775,-1.4503812429710634,0.1059783110648316,0.1231346536825096
0,0.1025582631497272,0.0981494193121307,0.089581533018278,0.0885107471583559,0.0807788123272616,0.0079155672823219,0.0738786279683377,0.0263852242744063,0.20844327176781,-1.6855380461836775,0.0413411116751254,0.092734381055069
0,0.0950825028751212,0.0929261777550527,0.0850523178947034,0.0825844268850966,0.0753514953958437,0.0116959064327485,0.0643274853801169,0.0409356725146198,0.2105263157894736,-1.4224206653212663,0.0600855959875352,0.094465253462596
0,0.0976399156128771,0.102982726206536,0.0943588010084924,0.0907356924295131,0.0846254844087312,0.037037037037037,0.1666666666666666,0.1358024691358024,0.4012345679012346,-1.7574205734478785,0.0220591659639407,0.1065765557782146
0,0.0994106574050104,0.0950652536175476,0.087193698878596,0.0841157462542515,0.0818293672966738,0.0224870699347874,0.1029907803013267,0.0555430627389251,0.2954800989431077,-1.2827165057656076,0.0790371254521863,0.1172945360449595
0,0.0988556110425836,0.0920574304949189,0.0932398814273884,0.0869590710784672,0.0769747234879326,0.015625,0.109375,0.28125,0.6015625,-1.3840261814900223,0.0924371851759514,0.140055914251319
0,0.0838317272798906,0.1120641487336464,0.0905828978852982,0.0923953951627568,0.0801404537656794,0.0257132793237055,0.0424445227192673,0.6415991546319126,0.083656216977809,-1.6401170744545277,0.0652852392664477,0.0845461590000603
0,0.0843751342099991,0.0818297591928576,0.0774173579581694,0.0732852550535289,0.0721305469063979,0.025390625,0.048828125,0.02734375,0.158203125,-1.2549023600120313,0.0584740963617483,0.1318153540704905
0,0.0942776910993445,0.0947020211273584,0.0872055444004036,0.0854242845561967,0.0762311547732802,0.0300546448087431,0.1393442622950819,0.1010928961748633,0.2786885245901639,-1.6017602074260966,0.0584340005135883,0.1260721113794855
0,0.1023762123181234,0.1026268558642898,0.0900918794963856,0.0914514801739392,0.0843086507939477,0.0242290748898678,0.066079295154185,0.05359765051395,0.1762114537444934,-1.2618300622559333,0.0451390235621738,0.0875760617284306
0,0.0880173769451655,0.087998266219203,0.0834171750463163,0.0817743167607707,0.0718326365212731,0.0076481835564053,0.0376035691523263,0.0312300828553218,0.1956660293180369,-1.6493480675761067,0.0451936844410573,0.0963066005450384
0,0.0950867948703924,0.0967656211308435,0.0877961042903855,0.0859281906567943,0.0810514036834013,0.0323065364387678,0.1179564237415477,0.067618332081142,0.2584522915101427,-1.4146516596958418,0.0501838400213378,0.0902382399538453
0,0.1058714570285435,0.0979135572331251,0.0918220923379263,0.0873452700204919,0.0852801606250611,0.030723944439334,0.1081777205408886,0.0923558090332076,0.3983074234201085,-1.602148836535777,0.038427944166032,0.1323564426551197
0,0.0981739444780354,0.0996221922588819,0.0899373209982519,0.0891881541679267,0.0834973196814047,0.0119047619047619,0.0912698412698412,0.0555555555555555,0.1785714285714285,-1.57280424639946,0.0735413115712525,0.1029938139216449
0,0.081071616383787,0.0787734162242204,0.0786053580599747,0.0788073958941649,0.0639489674699582,0.0289855072463768,0.0579710144927536,0.0144927536231884,0.144927536231884,-1.313977774011471,0.1030496699934081,0.1023055404023709
0,0.0923995544187164,0.0876591522796346,0.0792097430113868,0.08311704588038,0.0666320957417252,0.0044247787610619,0.0309734513274336,0.0309734513274336,0.1039823008849557,-1.6938400428306186,0.0343252697253361,0.1197926840511505
0,0.1043968835437307,0.0973874618426793,0.0922820064566581,0.0875061948613606,0.0885264223899395,0.05223315669947,0.3020439061317184,0.0953822861468584,0.3353520060560181,-1.2933696114664304,0.1043427112952695,0.1789424251777565
0,0.0871665147795931,0.083801102149774,0.077537189292196,0.0726874857739994,0.0729512803237397,0.0095785440613026,0.0517241379310344,0.0114942528735632,0.0804597701149425,-1.7545420576488049,0.027676612014967,0.1459596676202066
0,0.0963459773385933,0.09419503405219,0.0863497796482055,0.0810322334397678,0.0825509964580008,0.0045592705167173,0.0407294832826747,0.0371833839918946,0.1341438703140831,-1.5536165406796616,0.0344785745826628,0.1087096812239613
0,0.0969845636635673,0.0995697454638323,0.0896371753941781,0.0892932816950504,0.0786434567283878,0.0236966824644549,0.0568720379146919,0.0521327014218009,0.2417061611374407,-1.5103923676450988,0.0835152966610736,0.1097843257397161
0,0.1044103191168514,0.0943669370837907,0.0852209341440672,0.0822932547751687,0.0791332388711178,0.0,0.0413669064748201,0.0449640287769784,0.1888489208633093,-1.6560219196125023,0.0887629756355306,0.1306075220071608
0,0.0974792787602323,0.1028966503155725,0.0907854399880929,0.0894835205696514,0.0844061166550513,0.0218579234972677,0.0810564663023679,0.0646630236794171,0.2158469945355191,-1.478048561188584,0.1147297424142945,0.1499287579539931
0,0.1013959567434934,0.1014735444671241,0.092039570805638,0.0921072104996377,0.0850267443916747,0.039882697947214,0.1390029325513196,0.0410557184750733,0.3519061583577713,-1.4751620029292878,0.0791606253110485,0.1528892230915302
0,0.0998882793329279,0.0981884952486795,0.0917469461813228,0.0899625061949159,0.0807983333408417,0.0412698412698412,0.0835978835978836,0.0888888888888888,0.308994708994709,-1.5407635500368744,0.0537849968351575,0.1191483410654002
0,0.1020121441916837,0.076628190382536,0.0868916143544697,0.0776537396813242,0.0693601403003927,0.0064935064935064,0.0174825174825174,0.0214785214785214,0.1488511488511488,-1.5480726405349392,0.0605845898314969,0.0809341570241827
0,0.1129645583433273,0.1136706662935732,0.097368902901358,0.0982150002829623,0.0947054827737969,0.0464495461825947,0.1073144687666844,0.0592632140950347,0.196476241324079,-1.5512047909908446,0.0753107513664382,0.152003785681623
0,0.0977435080538909,0.0891568184282978,0.0837257333353719,0.082547810061821,0.0757840441421904,0.0034163006344558,0.022938018545632,0.0209858467545143,0.1244509516837481,-1.7390355654208245,0.0237466879200642,0.0848636233294418
0,0.0783024046925197,0.0773788514357551,0.074152397052159,0.070652377800244,0.0697061895078377,0.0129870129870129,0.0714285714285714,0.0324675324675324,0.1948051948051948,-0.7652273724919376,0.3075786481782157,0.1240535881524856
0,0.0983450807356785,0.0961576923587939,0.0876483564501806,0.0843542382261037,0.0800327513897461,0.0177580466148723,0.0876803551609323,0.0876803551609323,0.2508324084350721,-1.5686991653737936,0.0445270298546016,0.0950904948142247
0,0.0954908199818606,0.0909510427678242,0.0830617162780335,0.0824398464902834,0.0788835980114143,0.0267857142857142,0.1375,0.0660714285714285,0.2589285714285714,-1.372948328409317,0.0522991946574735,0.1370148335862985
0,0.1038880186015764,0.1046907851444141,0.0930637157265873,0.0926398608005042,0.0843243492918415,0.0166999002991026,0.0615653040877367,0.0236789631106679,0.146061814556331,-1.447548632445233,0.1013574928098005,0.1472316706239336
0,0.0902486638068067,0.0802413764413861,0.0774851999050385,0.0740675337497267,0.0726136764663644,0.0060331825037707,0.0165912518853695,0.0165912518853695,0.0874811463046757,-1.231409262185068,0.1208737388321148,0.1246489291465558
0,0.0871542524016767,0.0867819288415695,0.0836715838441444,0.0818618674623382,0.0735475465253894,0.025,0.0,0.05,0.125,-1.3957541687386676,0.0357714125478057,0.1226528843427183
0,0.09858295101213,0.0976845253726749,0.0907677525880662,0.0888284889713737,0.0826739576958845,0.0383386581469648,0.0830670926517571,0.0926517571884984,0.2971246006389776,-1.6119781654213043,0.0630325138764038,0.1094611919159711
0,0.1142919312251176,0.1062160605066646,0.0944358455737575,0.0966169921833204,0.0905674549751242,0.0279427174292699,0.1924554662940971,0.1117708697170799,0.3915473279776458,-1.3974726344832449,0.050093818785679,0.1106325020983247
0,0.0907722197746344,0.0924713569362377,0.0806470789216593,0.0778817514784778,0.0757797172924635,0.0,0.0434782608695652,0.0434782608695652,0.2318840579710145,-1.295111731520514,0.12559110335243,0.0956081445118458
0,0.0955962527439861,0.0940216897759148,0.0876303320541086,0.0858999278116813,0.0794903673332171,0.0376404494382022,0.095505617977528,0.0674157303370786,0.249438202247191,-1.4572311920541046,0.0514849197479535,0.1255470184531238
0,0.1058622574808421,0.1050371361835612,0.0943159079207605,0.0938390611862667,0.0887472714222437,0.0424514200298953,0.0902840059790732,0.0292974588938714,0.1518684603886397,-1.3896823614310374,0.0847778218614461,0.12248033026328
0,0.1008265504047102,0.0931346682045319,0.0926792787895162,0.0823807265922417,0.0799594175292494,0.0,0.1212121212121212,0.1212121212121212,0.4848484848484848,-1.543220476361289,0.0545890471509287,0.1077676282305734
0,0.0966484733306878,0.0969428002665575,0.0873993384896828,0.0846651812713364,0.0781145268073843,0.0138888888888888,0.0300925925925925,0.0856481481481481,0.2268518518518518,-1.436365786120677,0.0695383551802912,0.0993561308634115
0,0.0928791631838366,0.1028953429905347,0.0902377949099878,0.0899405896705381,0.0801123899276101,0.0276781137878011,0.097385955920041,0.0369041517170681,0.2419272168118913,-1.3010612867273683,0.0623155042951479,0.0968987187174544
0,0.1033379027704697,0.0985272589792359,0.0897631085454842,0.0859105236809215,0.0846359564868777,0.0156424581005586,0.1307262569832402,0.1195530726256983,0.3966480446927374,-1.4707069843913867,0.0638946899608914,0.0912814153337132
0,0.0976000662434927,0.1027509846782854,0.0900690392765256,0.0880710283068283,0.0817681491286383,0.0377358490566037,0.1415094339622641,0.0566037735849056,0.2264150943396226,-1.3876890383637652,0.1110960171346858,0.167296898481519
0,0.0938388307371644,0.0972643580769098,0.0903469977570747,0.0909989094132415,0.0777156352376617,0.0156739811912225,0.109717868338558,0.0438871473354232,0.3636363636363636,-1.6410968852020626,0.0594484658225641,0.0974526472705971
0,0.1024171324120449,0.095614406220802,0.0853727967873532,0.0842240922750119,0.0819105462048954,0.0087101882808375,0.0534048917825092,0.0280661622382544,0.1556396269575928,-1.3468379189378026,0.055411126048602,0.0985636841781145
0,0.1028031195173386,0.0987803492238596,0.0879755420348151,0.094302169516875,0.0785985108954823,0.0454545454545454,0.1136363636363636,0.1363636363636363,0.4090909090909091,-1.2587107754788986,0.0907824734610185,0.1249909688404889
0,0.094380029490105,0.0900848652926364,0.0841984759971921,0.0791057680531967,0.080694419558447,0.0054626152270399,0.0792079207920792,0.0344827586206896,0.1300785250938887,-1.290929337126603,0.1017715729363732,0.1793957219512803
0,0.0974598182545229,0.0938418090192809,0.0869078724834844,0.0841683166298098,0.0800811060507928,0.0193027083645069,0.0824480023941343,0.0353134819691755,0.1526260661379619,-1.3360637345292536,0.0944226632156972,0.1306514108404914
0,0.0970130940636614,0.0908974510212802,0.0869980256138014,0.0823919241366571,0.0774581859497485,0.0043821209465381,0.0854513584574934,0.0841367221735319,0.2822085889570552,-1.4274883262200506,0.0855865188290519,0.1039566714231835
0,0.1034827586106672,0.1063125643563329,0.0930151277010576,0.0909279226522357,0.0861104519048551,0.0394444444444444,0.0844444444444444,0.0294444444444444,0.2327777777777777,-1.61887017983723,0.0389503989605536,0.1586814745948024
0,0.1011116556261847,0.0960935328988212,0.0877743498876875,0.0852061814659632,0.0801588233030623,0.0105820105820105,0.0758377425044091,0.0317460317460317,0.1622574955908289,-1.331661782749691,0.0998095314506249,0.1244874965634736
0,0.0996191265680086,0.0903006154322235,0.0877688266009119,0.0923285086921355,0.0679812703038477,0.0282404055032585,0.0883417813178855,0.1078928312816799,0.278059377262853,-1.335953562138429,0.0823675716720269,0.0869454373766022
0,0.1008326233423225,0.0960518382293498,0.0904739909065637,0.0869577534869307,0.0822964575990009,0.0189018901890189,0.1224122412241224,0.0558055805580558,0.2484248424842484,-1.4916094333096257,0.0633394667713641,0.1550231102369082
0,0.0940870271643327,0.0873756594664044,0.0813927873857096,0.0804146214237717,0.0793837665686339,0.0046403712296983,0.0502706883217324,0.0146945088940448,0.0788863109048723,-1.4504649197535564,0.0855450887170786,0.1263984067743011
0,0.0972698671105834,0.0908058074080151,0.0843663318174861,0.0826941596627462,0.0784953605468604,0.0223534862172805,0.0733148019457956,0.0148251100301135,0.1286773222145008,-1.549109876465577,0.0369105186031838,0.1187506116105408
0,0.0869059082837329,0.0828182356872811,0.0740378460442575,0.0738734685622191,0.0682179429726583,0.0035320712065555,0.0237355185080531,0.0120090421022887,0.0587736648770839,-1.6653798845263923,0.0382968053437379,0.1047768200870418
0,0.0988298135081242,0.1102208675666902,0.0900124731334205,0.089444094010984,0.0827665277333464,0.0,0.0280701754385964,0.0385964912280701,0.1614035087719298,-1.6136333289908351,0.0241481050493649,0.0684296703425414
0,0.102315204370111,0.0987866180916003,0.0910156593784966,0.0890902352696542,0.0850426780386834,0.0204081632653061,0.1374149659863945,0.0544217687074829,0.2231292517006802,-1.4402163905166576,0.0759185724998194,0.1498573316623039
0,0.0885355374582165,0.0828345776968057,0.0765088402471441,0.076821668069568,0.0688830748193781,0.0027932960893854,0.0307262569832402,0.0167597765363128,0.0558659217877094,-1.5302445063544126,0.0849287839081708,0.107007514077918
0,0.080426338159776,0.0763942148779638,0.0759961165801211,0.0701512114098288,0.066868161724329,0.0,0.0039840637450199,0.0278884462151394,0.0876494023904382,-1.4814586212534508,0.0708176212973484,0.0924593665762295
0,0.0915067882523807,0.0937722073379709,0.0846740676094095,0.0834350444891023,0.0748268086167616,0.0124481327800829,0.0663900414937759,0.0124481327800829,0.1825726141078838,-1.408519576196873,0.0640662639183681,0.0962730511276687
0,0.1119969285390556,0.1222310554568097,0.0991533825705589,0.0984727558202035,0.0927050694082186,0.054054054054054,0.054054054054054,0.1081081081081081,0.2702702702702703,-1.6224110505313516,0.0693449684481627,0.072538725884525
0,0.0943938000211972,0.0998883051432808,0.0896923299158759,0.089632239257234,0.080446374723025,0.0132890365448504,0.0764119601328903,0.0265780730897009,0.2458471760797342,-1.4292485370711518,0.048268513446583,0.1039688811061671
0,0.1045507165680102,0.0973745708755346,0.0894158725888907,0.0848282764141754,0.0850015542472698,0.0244578920827029,0.1122037317196167,0.1235501765002521,0.2672718103883005,-1.3560217251263882,0.0917576185697571,0.1037245542642171
0,0.1017815181958865,0.0982890084200663,0.0886321503135393,0.0881798136729426,0.0817234579365205,0.0064641241111829,0.0614091790562378,0.0239172592113768,0.1635423400129282,-1.367624710215222,0.1090492365163019,0.1489187009365931
0,0.0914012638550151,0.0944700686981773,0.0840031961941575,0.0841056766508027,0.0764940485363739,0.0119712689545091,0.0446927374301676,0.0263367916999201,0.1213088587390263,-1.499362145287798,0.0663098620648126,0.1463667242387246
0,0.1019415194707289,0.0969255138484006,0.091752310003907,0.0868732226658939,0.0827620207172456,0.027898866608544,0.1455972101133391,0.1089799476896251,0.3400174367916303,-1.4158373205361812,0.0711221409437105,0.1547177591073656
0,0.0896619536158412,0.0971167795536969,0.0885505700661354,0.0887544742708075,0.0743392087745839,0.0171272868820552,0.0502140910860256,0.0381471389645776,0.2183729077462047,-1.4734351155188807,0.0761563766793597,0.0944898266201028
0,0.1024200023767319,0.1054845720243401,0.093323894600259,0.0923107596815228,0.0836560790844296,0.0280269058295964,0.1614349775784753,0.0594170403587443,0.3497757847533632,-1.503230906583123,0.0669082478949696,0.1328433328485178
0,0.093469728921619,0.0908428301843436,0.081892139445365,0.0785754340781016,0.0778603890781805,0.0178041543026706,0.049455984174085,0.0346191889218595,0.1088031651829871,-1.634261740254966,0.0632039498652909,0.1017988485882999
0,0.0797517690511695,0.073060487574984,0.0700067572386934,0.0674740190440568,0.0665115596652829,0.0034013605442176,0.0136054421768707,0.010204081632653,0.1020408163265306,-1.2086346666396064,0.1196986701357234,0.1427904072535869
0,0.0910716712453108,0.1005341201893405,0.0884388999435278,0.0872141493018422,0.0774462085820111,0.0402298850574712,0.1896551724137931,0.0632183908045977,0.5057471264367817,-1.4648290474269507,0.0632496003968523,0.1153623991405988
0,0.0956326559415134,0.0935066367601829,0.0864405496942929,0.0843301321282401,0.0790952951374363,0.0217391304347826,0.1144927536231884,0.0550724637681159,0.2731884057971014,-1.44568117875014,0.0787089314552405,0.1861116856353965
0,0.0940998572406633,0.093778040597755,0.0842141855381887,0.0820714812394481,0.0794030300154489,0.0259067357512953,0.0582901554404145,0.0375647668393782,0.1204663212435233,-1.5094160699475858,0.059655265350173,0.1432762802583741
0,0.0997314035002917,0.0966374018949681,0.0886509856257887,0.0861302853957004,0.0803201959451186,0.0130381303813038,0.0691266912669126,0.0329643296432964,0.1488314883148831,-1.8522346111098784,0.0182499428614452,0.1026507452800683
0,0.0976327357812214,0.0967169265085624,0.0910079072784086,0.0905158695413222,0.0803242228664433,0.0202702702702702,0.0608108108108108,0.027027027027027,0.152027027027027,-1.1378686398683795,0.1189090348299183,0.1429299014821883
0,0.0957398156809504,0.0988089440986043,0.0848273036656033,0.0838507353846905,0.0758754278681063,0.0094786729857819,0.0521327014218009,0.0521327014218009,0.2559241706161137,-1.577876765461253,0.0653072273186887,0.0885753894482132
0,0.1007032699523046,0.0972713284818218,0.0931087171631001,0.0903747407333362,0.0811272972583087,0.0279146141215106,0.257799671592775,0.1773399014778325,0.3842364532019704,-1.5580760627151111,0.0699385200975315,0.1346416523621128
0,0.0975958022174099,0.0944807378785828,0.0894544482145147,0.0843484239673204,0.0844197969472372,0.0192307692307692,0.0673076923076923,0.173076923076923,0.25,-1.4460500179164268,0.0479685062099815,0.0962841071338366
0,0.1045394319139805,0.1014567916939534,0.0939657155956946,0.0896816224769779,0.089805481659085,0.0425420168067226,0.2951680672268907,0.1827731092436974,0.4842436974789916,-1.4033534034074366,0.0794543601654094,0.1583087531785654
0,0.1043308979179478,0.1000920347882874,0.0943463319063236,0.0893812701274222,0.0867966528424925,0.0306981350057765,0.1868295098201023,0.1599273807559003,0.4989272157121637,-1.0502840540221263,0.1411147592030693,0.1495036172162815
0,0.0972559486546369,0.0960680344222674,0.0883092440260477,0.0832468595028838,0.0806717644331473,0.0,0.0962566844919786,0.0106951871657754,0.1443850267379679,-1.7260592554477665,0.0370107000797558,0.118630724285221
0,0.0964006265987883,0.0993173031767795,0.0869840978663028,0.0852664498463455,0.0815928049133227,0.0158730158730158,0.1015873015873015,0.0444444444444444,0.2603174603174603,-1.252731604954319,0.0989750642879528,0.127903278011323
0,0.1022352455261817,0.0958570770896646,0.0869542942401961,0.0878779671684954,0.0813636746112318,0.0061425061425061,0.0675675675675675,0.0233415233415233,0.1019656019656019,-1.4713620029077357,0.0939211935373131,0.1187248905289616
0,0.0989458408608047,0.0946429949525519,0.0871360419295018,0.0836748099309074,0.0807141314409677,0.0099594868332207,0.0795070898041863,0.0391627278865631,0.2422349763673194,-1.3481066340297283,0.0688887802618219,0.1114205143909586
0,0.093569727936499,0.0954357479065592,0.0855365497123461,0.0837685391018393,0.0753007397475629,0.0108303249097472,0.1052088705518308,0.0464156781846312,0.2640536358947911,-1.413208587077759,0.0426627180017811,0.1046622119878668
0,0.1136199546129989,0.116114643604219,0.1013200572121774,0.100857730093828,0.0970241240615425,0.0741857659831121,0.2876960193003618,0.0597104945717732,0.3848009650180941,-1.502016041144312,0.0778287237077392,0.1506281999242158
0,0.0958883607880325,0.1006504981722481,0.0894757004404303,0.092370633336601,0.0829413890061573,0.0675675675675675,0.1891891891891892,0.0945945945945946,0.4189189189189189,-1.4917516140018892,0.0647191046271486,0.0813645146041682
0,0.088834397798171,0.0863751028961131,0.0792830824913514,0.0768719333216227,0.0716052401105865,0.0060468631897203,0.0287226001511715,0.0158730158730158,0.0944822373393802,-1.3514553207804232,0.0925926966578096,0.1222302201791525
0,0.0936765949686317,0.0913234821845505,0.0839665620887202,0.0814153561493987,0.0749741269307423,0.0115163147792706,0.054565396216068,0.0219358376748012,0.1338086098162873,-1.008945906040185,0.1196129317538306,0.1314390756778034
0,0.097475101596455,0.0985543632784567,0.0888620141139639,0.0871079894539281,0.084356683622272,0.0298804780876494,0.1354581673306772,0.099601593625498,0.3227091633466135,-1.5186911471013256,0.0661268535248152,0.0976345985946758
0,0.0829509013739089,0.078436815608009,0.0744690726464459,0.0712145348683266,0.0679002978341201,0.0038878089419605,0.0344348792002221,0.0197167453485143,0.0883088031102471,-1.3927349539547604,0.0690967954107975,0.1203295936520694
0,0.0944615310134566,0.0951361098902478,0.0865012939771956,0.0826152549487223,0.076851958675669,0.0129870129870129,0.0899100899100899,0.0349650349650349,0.1898101898101898,-1.516344353560404,0.0357885795725225,0.1254991020588254
0,0.0953925978170834,0.0983385600567679,0.0895419456736785,0.0885378939161529,0.082108063062141,0.0259001895135818,0.1825647504737839,0.0934933670246367,0.4485154769425142,-1.3184469551385785,0.0695894995213108,0.1111170153564941
0,0.0816558556538378,0.0851105306781912,0.0790692192809311,0.0761823560296733,0.0712936346255276,0.0023501762632197,0.0329024676850763,0.0078339208773991,0.0658049353701527,-1.468974521458038,0.0831062730381172,0.139466015784044
0,0.099296240433903,0.0940951015713934,0.0917079737692707,0.0876582094960623,0.0839786459857605,0.0427350427350427,0.0854700854700854,0.0683760683760683,0.2564102564102564,-1.5874948941846123,0.0413480313447706,0.1033074845614242
0,0.0942150332712613,0.1002384780333338,0.0913647813841708,0.0905655770850482,0.082344521575623,0.0387096774193548,0.1870967741935484,0.0677419354838709,0.2225806451612903,-1.7458045784808935,0.03697120583795,0.0948023346261656
0,0.1006915311374677,0.0975966255997123,0.0918617845130525,0.0913018402880746,0.082105959438421,0.0371155110688974,0.1582523562504566,0.0406955505223935,0.3213268064586834,-1.412142112972513,0.0750106555957938,0.1319191605051255
0,0.1017125065961841,0.0975501461074405,0.0894828788824662,0.0862947527308998,0.0845384745448569,0.0169018992855898,0.1573444851019341,0.0613347273044084,0.1798222686879247,-1.3474171827490269,0.0827880294691846,0.1282900126587977
0,0.0893025436413197,0.0863229925625585,0.079586534934153,0.0786992491100364,0.0740631603205607,0.0057803468208092,0.0346820809248554,0.0404624277456647,0.1560693641618497,-1.341521379992967,0.0443236989804912,0.1068431247709062
0,0.092014761395928,0.0900275275633117,0.0849558862626465,0.0801153494860047,0.0782460602901235,0.0299077314667515,0.1202672605790645,0.0836780146356983,0.289532293986637,-1.7221248380991665,0.014047162324592,0.1133005220132144
0,0.0999563780629063,0.0985564257718109,0.08852580157096,0.0918730646514993,0.0829325956907054,0.0152129817444219,0.0547667342799188,0.0395537525354969,0.2028397565922921,-1.2785913337423018,0.0379160296279974,0.0745583091479309
0,0.0988676902410423,0.0962438919178846,0.0917234626145373,0.0895114403033069,0.0889174068410394,0.0,0.1428571428571428,0.1428571428571428,0.1428571428571428,-1.1385135135135136,0.054054054054054,0.1537285717466748
0,0.0917946382110899,0.1082813730892108,0.0907820600066197,0.0939345742645959,0.0788256191839644,0.0,0.0975609756097561,0.4512195121951219,0.2560975609756097,-1.635817655252894,0.0653676765981787,0.0818680929550442
0,0.0967163419256865,0.0910794131051901,0.0861663793206121,0.0824866807629555,0.0798010362192984,0.0092903463183553,0.0706894172837235,0.0386331233040518,0.1514510417145748,-1.5216289546830313,0.0567098972760911,0.1193145469371445
0,0.1006729414853431,0.1033638375639925,0.0927919324794027,0.091324167124438,0.0859457087946985,0.0232558139534883,0.2159468438538206,0.0863787375415282,0.4451827242524916,-1.476405543726215,0.0711925165302643,0.1153946540753018
0,0.1044664118687581,0.0981700816558515,0.0906996289002795,0.0895284174152881,0.0811880498298814,0.0092088740058601,0.0745081624110506,0.0259522812892423,0.112599413980745,-1.4110469481043868,0.0696450645599463,0.1183016711878324
0,0.101668008827155,0.1003455025109187,0.0885956986352154,0.0886123113946545,0.0838392528258188,0.0151515151515151,0.0555555555555555,0.0454545454545454,0.1489898989898989,-1.5019874098043853,0.0742094456945195,0.1193919517515696
0,0.1019970130800465,0.1010370790908448,0.0865253959406529,0.0915001977276683,0.0787911153185615,0.0,0.0769230769230769,0.2307692307692307,0.0,-1.637305699481865,0.0673575129533678,0.0667058001360921
0,0.107853597745376,0.1060950349813128,0.0941669122245248,0.0954507796690697,0.0873225166989512,0.0264765784114052,0.2016293279022403,0.0746775288526816,0.3469110658520027,-1.470793656383562,0.0559886646768274,0.1231180691239407
0,0.0568858080531384,0.0508107040607216,0.0496472913421769,0.0493355482598723,0.0412898616144846,0.0,0.0714285714285714,0.0714285714285714,0.0714285714285714,-1.572176985983892,0.1146034666536928,0.1658172164467193
0,0.1095978751482824,0.1030915037556839,0.0933545907622805,0.0910307226876659,0.0882793747159471,0.0470356056245374,0.2388783817120302,0.0962914234026807,0.5118000164460159,-1.3431230624454242,0.1029958364495472,0.1461099422972043
0,0.1037014275677805,0.1024096406726407,0.0908405207283345,0.0905737256805476,0.0836931538073634,0.0173453996983408,0.0546757164404223,0.0369532428355957,0.1380090497737556,-1.279025437808222,0.1316244896657978,0.1498548036398106
0,0.1033082782644922,0.1060161693375065,0.0980192040023509,0.0899352262055861,0.0879866068655981,0.0526315789473684,0.1842105263157894,0.0894736842105263,0.3526315789473684,-1.5807735284835822,0.061846020865591,0.1129579309569092
0,0.1015316606393356,0.1029545150566291,0.0945417419752133,0.0902486021019406,0.0850944174394527,0.0117130307467057,0.2020497803806735,0.1024890190336749,0.2679355783308931,-1.5223438645667784,0.0382415065409012,0.1205822022336592
0,0.0985174067951995,0.09576809993881,0.0882607127579177,0.0867714032098837,0.081193253986037,0.0232841007819287,0.1138140747176368,0.0491746307558644,0.2258905299739357,-1.5265418157420902,0.0630754593480872,0.1302767727477969
0,0.1078822725616167,0.1012466182879432,0.0897602650015123,0.0869951794423224,0.0844723241265982,0.0531561461794019,0.1109634551495016,0.0691029900332226,0.3508305647840531,-1.7018999452194872,0.0470065491627755,0.1416360452130153
0,0.1003685421999645,0.0987172493120631,0.0907311648406167,0.087553778480114,0.082410013398464,0.0199593420809462,0.0997967104047311,0.0772500462021807,0.2095730918499353,-1.497222928746157,0.0659859532463549,0.132828701178224
0,0.0985863061745323,0.0991074703907711,0.0904777500266783,0.0881610317573718,0.0833004523203549,0.0276129402756508,0.1493108728943338,0.0535030627871362,0.2503349923430321,-1.4618424220295654,0.0739989523043857,0.1569099253338659
0,0.1023155220731128,0.1062419486628552,0.0911938718623513,0.0920648691135574,0.083460627605714,0.1035353535353535,0.0505050505050505,0.0505050505050505,0.2272727272727272,-1.5701457388298194,0.0653859433498095,0.1195857090480907
0,0.0968740696773032,0.093719912870509,0.0862561008129823,0.0823697249871726,0.0761236703034026,0.014367816091954,0.0632183908045977,0.0316091954022988,0.1436781609195402,-1.276069996715074,0.112137897725306,0.137722416696092
0,0.0998686574245569,0.0981464743857767,0.0939114312132288,0.0912653168932762,0.0848827517648467,0.0433212996389891,0.1155234657039711,0.1010830324909747,0.4945848375451263,-1.3035666753180737,0.0365822524667003,0.095418740009197
0,0.101598201345884,0.1004273476990638,0.091050638168216,0.0879488772587042,0.0828059672373295,0.0148040638606676,0.1265602322206095,0.0341074020319303,0.2168359941944847,-1.585361504295947,0.0717562185253084,0.1624882830955607
0,0.0882983021478948,0.0807456649876022,0.0784316495152774,0.0720615711247823,0.0699217482548723,0.0,0.032051282051282,0.0192307692307692,0.1025641025641025,-1.3873454412604926,0.0954976193381945,0.1160973445869691
0,0.0999835454357669,0.1029316815946438,0.0940854109366109,0.0907143601265174,0.0855207846646005,0.0281023050205241,0.1288285443637511,0.0704136406694032,0.2567098200189454,-1.518524196266069,0.0670277396478786,0.1622447094080379
0,0.0983085383711748,0.0984743766586049,0.0919103218537849,0.0884713586234864,0.0839984896293798,0.041871921182266,0.2216748768472906,0.1736453201970443,0.6133004926108374,-1.4840187525437494,0.0479586863245933,0.1178715615214673
0,0.0981884616488227,0.1112155459744608,0.0806100331484642,0.0745822893169718,0.0752132213307621,0.0,0.0,0.027027027027027,0.1621621621621621,-1.844643513836536,0.0620431874597775,0.070422653063232
0,0.0996711862345645,0.0990924421379012,0.0877548426745867,0.0864138168260016,0.0828247374271533,0.0109176748303334,0.0646208321038654,0.0271466509294777,0.1088816760106226,-1.4916796600505466,0.0799182271468627,0.110471590340666
0,0.0971256543066625,0.0943507499096463,0.082051673688348,0.0798441563521822,0.0750182448898106,0.0068002205476934,0.0385039514795074,0.0210439257489432,0.1306745083624333,-1.636969454359011,0.0504280475344147,0.0728433656928345
0,0.1019054906409491,0.0985926460491248,0.0913274477689565,0.0885183668641029,0.0830286867200283,0.0362520268705119,0.1781329627055825,0.0713458420199212,0.3047255038220987,-1.5009129294893764,0.0773967972297396,0.1426707572899256
0,0.1115170978292667,0.0999931049588721,0.0906694661538594,0.0901585789030229,0.0842556573637892,0.0249252243270189,0.1375872382851445,0.0428713858424725,0.2362911266201395,-1.3601465122260292,0.0776134062477021,0.1439987796967677
0,0.0999615456936949,0.0983003891147012,0.0872617296127914,0.0861945212679041,0.0812428500283991,0.0190088255261371,0.1255940257976917,0.0502376103190767,0.285132382892057,-1.7072001460901116,0.0457102024348922,0.1299522776133719
0,0.1028183229252851,0.10368644340343,0.0923032291273329,0.0908493300910696,0.0848410551143691,0.0327723649247121,0.1071744906997342,0.0589016829052258,0.2595217006200177,-1.3859852080308976,0.0977024153942713,0.1481374474592437
0,0.0898783945270504,0.0915503994870368,0.0832234230775,0.0824290354246959,0.0760930862445478,0.0072697899838449,0.0581583198707592,0.0177705977382875,0.0953150242326332,-1.5363737900188523,0.0696986877530244,0.1407288740085273
0,0.0876167439455107,0.0820162541604656,0.0788567566070134,0.0770670349810456,0.069844213914149,0.0202020202020202,0.0606060606060606,0.101010101010101,0.2323232323232323,-1.664030454794056,0.039891048602185,0.0970536632094734
0,0.1069529450590811,0.108402149017188,0.0921711384213936,0.0936367617885333,0.0862241435911081,0.0039011703511053,0.1092327698309492,0.0182054616384915,0.2106631989596879,-1.4128338648179353,0.0666593812364132,0.0978336877107867
0,0.0846732392383702,0.0879816392048174,0.0767869570971814,0.0809573045060609,0.0690519368868349,0.010752688172043,0.043010752688172,0.010752688172043,0.1505376344086021,-1.52750136146172,0.0618086856205833,0.1122805105846467
0,0.0958273274556387,0.0948309061759304,0.0862511630291374,0.0827783818538965,0.0788233336027132,0.0305892937471884,0.1111111111111111,0.0337381916329284,0.2190733243364822,-1.512197951402603,0.0658371114660262,0.1158196415436775
0,0.0963539387997548,0.096025076482587,0.0872905211391201,0.0852551128078854,0.0809886053053147,0.0122371246809027,0.092264678471575,0.0224482353417885,0.127152639896268,-1.6339145952552894,0.0351803064263755,0.157240292687258
0,0.0664200054166764,0.0640031038524813,0.0695297728948757,0.0608763554731665,0.0545012629854123,0.0,0.008695652173913,0.008695652173913,0.0869565217391304,-1.39733990011831,0.0406366666024802,0.1109736028055989
0,0.0968399768181874,0.0926568552265157,0.0834133012435333,0.0850188209965979,0.075660972505678,0.0313253012048192,0.1069879518072289,0.036144578313253,0.2057831325301204,-1.6465456202761162,0.0683232699550397,0.1440345247323153
0,0.0931394303288146,0.0932329381748928,0.0847169005447968,0.0832460411292417,0.0786511112656062,0.0079541839007317,0.0744511613108495,0.0330894050270442,0.1364937957365574,-1.2898329369828796,0.0706794105086849,0.1175927108100451
0,0.1021155808437646,0.0981759113020828,0.087149189514705,0.08361951666066,0.0822751320433287,0.009501187648456,0.0890736342042755,0.0617577197149643,0.2323832145684877,-1.3321143034801992,0.0774728683634006,0.0914190786315453
0,0.0927912436840073,0.0889945579045466,0.0830662390747104,0.0785512332375577,0.0764789945107402,0.0099809885931558,0.0826996197718631,0.0746197718631178,0.2157794676806083,-1.4439779662940964,0.0385658100882621,0.0970550980599047
0,0.1013629404633475,0.0994222423137806,0.08784835318302,0.0871709489401475,0.0803448493309507,0.0091655858192823,0.0690012970168612,0.0229139645482057,0.1561608300907911,-1.4848828651683572,0.0628968377021877,0.0990342620811816
0,0.1045589001651181,0.101330434677761,0.0941798911808586,0.0986856485911059,0.0820097883412659,0.0,0.0,0.0,0.1818181818181818,-1.637305699481865,0.0673575129533678,0.1162862691764872
0,0.0985820024332751,0.0944346441337015,0.0841544823789424,0.0843855311816437,0.076632536647542,0.0026975384961222,0.0376531415083736,0.0082050129257052,0.0756434753287625,-1.5287238974881707,0.0397651215638202,0.1190864702913975
0,0.0983631174397856,0.1019725034542845,0.0918374906331953,0.0923148473038343,0.0818543416410342,0.0248500428449014,0.1251071122536418,0.0556983718937446,0.3350471293916024,-1.512563331756441,0.068088972042525,0.1493043461357802
0,0.103589344460354,0.1031074894042059,0.0928981829898485,0.0940475025267827,0.0842951777969863,0.051528878822197,0.1698754246885617,0.0973952434881087,0.2831257078142695,-1.49914306362302,0.0716989129338071,0.1340005596650734
0,,,,,,,,,,,,
0,0.0934604301775898,0.0865956866194391,0.0789531388605284,0.0767171814673568,0.0726170963087005,0.0078431372549019,0.0549019607843137,0.0215686274509803,0.1254901960784313,-1.3120607074526789,0.109751125843937,0.1386011103101954
0,,,,,,,,,,,,
0,0.1056771549614936,0.1026235947378054,0.0977035472197759,0.0880884133030994,0.0809255497867139,0.0,0.1052631578947368,0.1052631578947368,0.5263157894736842,-1.0796372029676105,0.1368185187450743,0.114694325972664
0,0.0702068717098739,0.071206018829423,0.0696504701287381,0.0690217986549545,0.050907439090041,0.0,0.027027027027027,0.0,0.0,-1.6982940019738555,0.0252370106107874,0.0966444605963333
0,0.0909842804975268,0.0963326535266576,0.0845189560107669,0.0840005997330946,0.0765452690393587,0.0070627336933942,0.0394682176983797,0.0099709181553801,0.0706273369339426,-1.639480064997726,0.0432420721199485,0.1111697032765742
0,0.0856849704121259,0.0812433516096597,0.0816645440078743,0.0810164037754781,0.0730876342070241,0.0,0.0416666666666666,0.0,0.0833333333333333,-1.4699604881027168,0.0580785742004968,0.1724808602499581
0,,,,,,,,,,,,
0,0.1061115924156898,0.1039896073630507,0.095431289223113,0.0921580742393454,0.0873508461430781,0.0284745762711864,0.2223728813559322,0.0711864406779661,0.2806779661016949,-1.4246511435433238,0.1000967945931341,0.1471846311908711
0,0.075317835381356,0.0682501600734584,0.0669803998308166,0.0606551087376358,0.0665776215027691,0.0,0.0210526315789473,0.0526315789473684,0.1578947368421052,-1.176640113108096,0.1104923852059599,0.1500578014825395
0,0.0785729215907501,0.0864478222306978,0.080284782005468,0.082070036450115,0.0639763341670996,0.0,0.2727272727272727,0.3636363636363636,0.7272727272727273,-1.3551816269620176,0.067920610817119,0.0844183292955724
0,0.0888081985893304,0.0589677337424574,0.0736832403334826,0.0560158647771528,0.0696369267330618,0.0,0.0,0.0,0.1470588235294117,-1.11134394590131,0.1391854182489976,0.1489821469160314
0,0.1056375193885973,0.1081627370441304,0.0941309148658331,0.0872201032651106,0.0860502607322728,0.0,0.0545454545454545,0.0,0.0545454545454545,-0.6484603146444655,0.336714753905287,0.1384588748972287
0,0.0974597714789684,0.1441675082140412,0.1126708224395112,0.0834105434569048,0.0846949962606064,0.0,0.0,0.0,0.0,-1.6805555555555556,0.0138888888888888,0.0673721145194805
0,0.0782265751157422,0.066773868962376,0.0543758156847939,0.0596719278000844,0.0621706076985297,0.0,0.0,0.0416666666666666,0.0416666666666666,-1.1745446232157832,0.0401543547844289,0.0985151518572107
0,0.0945011487724539,0.093802753488082,0.08783233489035,0.0861633842087487,0.0839022929821836,0.0,0.0408163265306122,0.0204081632653061,0.3061224489795918,-1.5782938720835074,0.0596669024258244,0.121191927070162
0,0.0980533126310792,0.0921776908523465,0.08773939307618,0.0937646438616185,0.0806628975253779,0.0,0.0,0.05,0.4,-1.2989690721649485,0.2164948453608247,0.0945897603378818
0,0.0709762058230235,0.0724614700378723,0.0662255430581495,0.0652840994722456,0.0624176658399134,0.0238095238095238,0.0714285714285714,0.0,0.119047619047619,-1.284717006768274,0.0507995850429887,0.1123395869739003
0,,,,,,,,,,,,
0,0.1012543779216033,0.0965101807122306,0.087587863526883,0.0851606693097564,0.081053080428293,0.0434782608695652,0.0434782608695652,0.0217391304347826,0.2391304347826087,-1.389389514155162,0.0340655148903516,0.089735664288717
0,0.1060979154418116,0.0992735343997369,0.0954259709256326,0.0908910022963727,0.0918770074749989,0.0081537565521258,0.1013395457192778,0.0215492137449039,0.1380314502038439,-0.8947821989336434,0.2257498804688397,0.1865655387059421
0,0.0829193186580585,0.0947380211146188,0.0734369321281159,0.084135545402047,0.0773467808009786,0.0,0.0,0.0,0.0714285714285714,-1.0330103461480813,0.1795302075255624,0.1277664340720764
0,0.1121174537087432,0.1061058317344228,0.0858151106695331,0.0863083674288471,0.08318241252952,0.0,0.1,0.0,0.0,-1.130619816143166,0.1457312132441058,0.118028979550738
0,0.1017261878997183,0.0867687358979114,0.0764084041821253,0.0714974579255406,0.0803011698457535,0.0,0.0909090909090909,0.2727272727272727,0.2727272727272727,-1.0720795628043969,0.2205609497075386,0.1490824638585832
0,0.0972483306965532,0.098799042750159,0.0953927201012156,0.0920072412805281,0.0885088923169562,0.0,0.1111111111111111,0.1111111111111111,0.4444444444444444,-1.550323315156079,0.0353468392100958,0.1197057168731607
0,,,,,,,,,,,,
0,0.0964136744726981,0.0695502995834667,0.0766525433272339,0.0646295195321414,0.0730682064906014,0.0,0.0215827338129496,0.014388489208633,0.014388489208633,-1.34501536636561,0.0858688419699932,0.0920191414351977
0,0.0941572972342292,0.0847415954470218,0.0828728089241312,0.0819320455876908,0.0726864325602973,0.0075187969924812,0.0526315789473684,0.0526315789473684,0.1052631578947368,-1.3936961077599987,0.078175391543405,0.1082417878100515
0,0.0977373205674015,0.1003015324905546,0.0920025185414871,0.0905571228030614,0.0862828890588183,0.0275590551181102,0.125,0.0433070866141732,0.1466535433070866,-1.5637877177711723,0.0489728248113848,0.1509724803639454
0,,,,,,,,,,,,
0,0.077728501167031,0.072383286134834,0.068400597113878,0.0679967265095101,0.0596432861595598,0.019047619047619,0.0380952380952381,0.0285714285714285,0.1047619047619047,-1.552986664383058,0.0801572541085307,0.1032217724315827
0,,,,,,,,,,,,
0,0.1130567801213312,0.0880457806174114,0.0881441927789826,0.0908350455549508,0.0793480211388689,0.0,0.1,0.0,0.2,-1.1350661750542173,0.2109334230862121,0.1108450830164844
0,0.0700067160724936,0.0664648285656762,0.0580601874153148,0.0568485849875081,0.0541784958527867,0.024390243902439,0.024390243902439,0.0,0.073170731707317,-1.2121294825255202,0.0833279908235169,0.1381812915541037
0,0.0836313135465975,0.0841039750337325,0.0744884739134043,0.0742210757573507,0.0658111084155899,0.0,0.0,0.0099009900990099,0.1485148514851485,-1.3750813450753312,0.082438502443203,0.1102100452191695
0,0.0934466681275629,0.0939455828266308,0.0845991850929037,0.0782898175906794,0.0757588872907482,0.0,0.072463768115942,0.0579710144927536,0.2028985507246377,-1.1947635193957564,0.1549815998975581,0.1360752351649273
0,0.1077673643268243,0.0975605140586059,0.0972965181976914,0.0831970733144987,0.0921655246774777,0.0714285714285714,0.2142857142857142,0.0,0.3571428571428571,-1.8312942118610127,0.0214441429016327,0.1032930491576237
0,0.1052496750510554,0.0738355409289455,0.0892500740556735,0.061653260513847,0.0878306754217127,0.0,0.0,0.0,0.3,,,0.2385978652915093
0,0.0710280178164657,0.0758516323207884,0.0621845311397419,0.0646857615411713,0.0545435276967314,0.0,0.0,0.0,0.0,-1.9374940452371423,0.0097991577583414,0.1046985441584556
0,,,,,,,,,,,,
0,0.0900496432818472,0.0834289562360514,0.0858211719071666,0.0891637886453459,0.0861865016691152,0.0,0.0,0.0,0.1428571428571428,-1.501008499559438,0.0625613624985728,0.1090626448320993
0,0.0839880447124411,0.0746502878268505,0.0716605262732156,0.0692062591526863,0.0634865852436098,0.0192307692307692,0.0384615384615384,0.0192307692307692,0.0961538461538461,-1.4185435231508392,0.0900251706359666,0.1371667377960136
0,0.1045482359302858,0.1015656735675459,0.0974928930099397,0.0925286162866892,0.0786843967053701,0.0,0.0384615384615384,0.0,0.2307692307692307,-1.3410005199285928,0.0936244840132115,0.0838690083992078
0,0.0701438638945253,0.0707400479700075,0.0704862302061366,0.0725643938867225,0.0599550259691566,0.0454545454545454,0.0,0.0909090909090909,0.0909090909090909,-1.294516756618256,0.1132045421064786,0.1171547990131547
0,0.0685254370382516,0.0589814978768868,0.0703208111476506,0.0930209778339682,0.0149158815840314,0.0,0.0526315789473684,0.0,0.0,-1.666300047779573,0.0479675151842425,0.0957392998052159
0,0.0995662763444318,0.1029921157997517,0.0877956740117449,0.0858843943103073,0.0785804622674728,0.0,0.0769230769230769,0.0576923076923076,0.1153846153846153,-1.5180436333997855,0.0551221482521618,0.1244132796126963
0,0.0957740082497868,0.0952355454804004,0.0847933984579505,0.0761677163989236,0.0693650787623796,0.0,0.032258064516129,0.0,0.2580645161290322,-1.6805927110074963,0.045380440168833,0.0798687222598301
0,0.096082635728219,0.099195134943107,0.0952662426968482,0.087129149080194,0.080216867963483,0.0144927536231884,0.0289855072463768,0.0,0.0144927536231884,-1.512485867042716,0.0659172552444914,0.1522068043624815
0,,,,,,,,,,,,
0,0.0974787573429797,0.102649422553779,0.0894989351688202,0.0897435229064646,0.0778773242537021,0.0,0.075,0.0,0.15,-1.8312942118610127,0.0214441429016327,0.0753920463720508
0,0.1021225713866714,0.0929098611863542,0.0796714634436229,0.0889011959313639,0.0778760452741359,0.0,0.0,0.0,0.2857142857142857,-1.5805536598873309,0.054012194383093,0.0825065668968047
0,0.0980955700674835,0.0975855226066362,0.0903446403558649,0.0879722294419632,0.0802036008521288,0.0090302316450726,0.0592854338437377,0.0294464075382803,0.1931684334511189,-1.4228167104503822,0.083337696905614,0.1680114154612089
0,0.0861305755798097,0.0883936926958213,0.0707246362004087,0.0798581357482742,0.0669951683499146,0.0,0.0,0.03125,0.03125,-1.219219702679192,0.1327426525330044,0.1373936926316582
0,0.0903180692962737,0.0883638253960821,0.0829383058651244,0.0825483854398856,0.0759939404798461,0.0,0.0426540284360189,0.0094786729857819,0.0947867298578199,-1.4615550358655258,0.0658445781604539,0.1002446156861057
0,0.0930284377209166,0.0838452505172886,0.0793014284729739,0.0787702788673823,0.0701682389254422,0.0505050505050505,0.0328282828282828,0.053030303030303,0.1944444444444444,-1.5945966339182245,0.0788400208645335,0.1128092015387098
0,0.0741933041084737,0.0553644235132673,0.0584277257295549,0.0586156898656898,0.0400353278112191,0.0,0.0,0.0,0.0,-0.8076923076923077,0.2692307692307692,0.1960004254329146
0,0.1016605954940785,0.1016575684694213,0.0958886253767698,0.0905992655774993,0.0849092078229312,0.0404941660947151,0.2799416609471516,0.1002059025394646,0.4134351407000686,-1.4535100700031558,0.0528503792277274,0.1449564151310451
0,0.0981455627313662,0.1086896495014402,0.0916619743746401,0.0980690325664309,0.0828611158971547,0.0426540284360189,0.2274881516587677,0.1800947867298578,0.4454976303317535,-1.6665848303514563,0.0407664684994126,0.1028706464479068
0,0.1049131443150182,0.1118337365384433,0.0975049862049632,0.0967911610775583,0.0886609598749786,0.0806241872561768,0.2977893368010403,0.130039011703511,0.4213263979193758,-1.5245001651262344,0.0676047234053694,0.1434142293592371
0,0.0929852107694813,0.0964623968012598,0.0856158436008924,0.0836682803660402,0.0779374999239551,0.0157430730478589,0.0806045340050377,0.0554156171284634,0.3375314861460957,-1.5974181778689307,0.0530311942023238,0.0947983854593877
0,0.096344337363842,0.0932433224806583,0.0869826936699765,0.08401484178865,0.0779124475830962,0.0052910052910052,0.0529100529100529,0.0436507936507936,0.1587301587301587,-1.5140214014432392,0.0683658888029628,0.1472020233692278
0,0.0925706147612594,0.0917611227781701,0.086192262294611,0.0821021668766623,0.0780088917199008,0.0137461721674038,0.0687989111942837,0.0930248383804015,0.2459339911534535,-1.5000114052742526,0.0604559193537982,0.0929185377963365
0,0.0857711441183684,0.0833662357434654,0.0773541137497371,0.0774881287570687,0.0697047761642298,0.0090231463318948,0.0473388256832744,0.0277232901791552,0.1598012292402249,-1.4601476146834047,0.0614267555590401,0.1163053102092344
0,,,,,,,,,,,,
0,0.1035072115917761,0.1162981972911992,0.1007780546389929,0.0969582731576612,0.0788419632221915,0.0,0.0833333333333333,0.0833333333333333,0.9166666666666666,-1.637305699481865,0.0673575129533678,0.0670915877523802
0,0.105999105050037,0.1041417332481225,0.0914349863843837,0.0897892671582683,0.0868456628945625,0.0910578782919208,0.206963249516441,0.095223925011159,0.3251004314834102,-1.4417489468160916,0.0922120081942438,0.1506612587679796
0,0.0919222371511592,0.0907991161877808,0.0858844288324612,0.0809878195120009,0.0733600903186513,0.0197628458498023,0.1581027667984189,0.0632411067193675,0.3122529644268774,-1.7829796549678394,0.0285113385629233,0.1033959584728246
0,0.1012279693059853,0.1009503984768803,0.090957822159271,0.0889138069637982,0.0850636589438219,0.0392912172573189,0.1167180277349768,0.0319722650231124,0.2134052388289676,-1.5233519649670393,0.0597400122761135,0.1224343747593175
0,,,,,,,,,,,,
0,0.1015411902464212,0.1014510786480013,0.0919692699784762,0.0879867607790503,0.0841124747125207,0.0778877887788778,0.223982398239824,0.2479647964796479,0.7113311331133113,-1.3989656150104914,0.0578186981128204,0.135167303273191
0,0.0982554734040866,0.0950316421573061,0.0882837247587025,0.0834225246230128,0.0751798091243289,0.0,0.0884955752212389,0.0265486725663716,0.1769911504424778,-1.5793020837991314,0.0566787982667313,0.1321149084612378
0,,,,,,,,,,,,
0,0.1014286461112115,0.1157280607927371,0.1007912573281742,0.0840179790387329,0.0731533917269697,0.0,0.0,0.6,2.0,,,0.1070640544515721
0,0.0965365741187288,0.0968097920102984,0.0891528427415308,0.0868187767978211,0.0758559976876321,0.0,0.05,0.0,0.35,-1.8326773642026075,0.0210954271859031,0.1615417346199274
0,0.1124568906953123,0.1052761764474379,0.0929015229299953,0.0923197338703141,0.0863124434180665,0.0774748923959827,0.1786226685796269,0.0624103299856527,0.2410329985652797,-1.616098281908367,0.0591265769045965,0.1238429693829684
0,0.0759458316794153,0.0728569838018519,0.0691351054829946,0.0644894131261783,0.0638686227599893,0.0,0.0210526315789473,0.0,0.1157894736842105,-1.48406730424806,0.070430467977531,0.1270982866526142
0,0.1047368270866664,0.1022406967954074,0.0936462500653656,0.0907064284594807,0.0872631030881703,0.0,0.05,0.1166666666666666,0.25,-1.378318145258188,0.0366266547608534,0.1353430206774996
0,0.1097778935393761,0.1096241782240241,0.0969852084763152,0.0977291224290298,0.0876056691389188,0.0402588066139468,0.2731847591660676,0.1394680086268871,0.5068296189791517,-1.638861769765093,0.071067441308808,0.102275426190087
0,0.1010579434041066,0.099524638363821,0.0893914708494158,0.0879217564893321,0.079442100792228,0.0095729013254786,0.0714285714285714,0.0544918998527245,0.2253313696612665,-1.3842632598670332,0.1085439786755838,0.1124869997420483
0,0.0698922709951373,0.0661606685624209,0.0607633057213666,0.0606850958873494,0.0443188048319238,0.0,0.0,0.0,0.0,-1.637305699481865,0.0673575129533678,0.0637425275541748
0,0.1044689298211353,0.0939221070436027,0.0888116151179487,0.0880779786946579,0.0828646347077229,0.0218446601941747,0.0524878640776699,0.0379247572815533,0.2099514563106796,-1.352150301493638,0.0725833174749458,0.1202511044222705
0,0.0943810341571044,0.0951913805973573,0.0907501299364041,0.0872329571985863,0.0789447531779502,0.0060386473429951,0.073671497584541,0.036231884057971,0.2342995169082125,-1.514012914533322,0.0525230704068539,0.1160476310716588
0,0.0990058367878792,0.0984455854628894,0.0890776480486451,0.0867930337443338,0.081965560718581,0.0343596608656849,0.1874163319946452,0.1709058456046407,0.4243641231593039,-1.5006583006255263,0.0615061305580749,0.1454173723031817
0,0.0854421186314664,0.0822033920013063,0.0747633877986821,0.0731689766778184,0.0717727174985976,0.002125147579693,0.0158205430932703,0.0236127508854781,0.0491145218417945,-1.306711115781388,0.0858522243641004,0.1313599462215547
0,,,,,,,,,,,,
0,0.0911270934031563,0.0923380160126093,0.0838312002055791,0.0826072727570808,0.0770927101080072,0.0196671709531013,0.1127080181543116,0.0317700453857791,0.1482602118003025,-1.4591311216526437,0.0432244975541204,0.1343595743765463
0,0.0933248194328002,0.0883877260715416,0.0809038492720748,0.0753595962597498,0.0755527103541253,0.0061919504643962,0.0278637770897832,0.0402476780185758,0.1888544891640866,-1.2865520364900414,0.0937481410677779,0.1065353001798236
0,0.089780168550321,0.0865733443872894,0.0802293360251379,0.077598291471356,0.0734883962926921,0.0,0.02803738317757,0.0186915887850467,0.1261682242990654,-1.379376714161556,0.0455836325383335,0.1164745242535849
0,0.0906954928601268,0.0887641361571109,0.0838606279250763,0.0804607666644319,0.0754800577825563,0.0113865496382398,0.1375874747953979,0.062507413118254,0.2764796584035108,-1.5266777910030038,0.0204459476723583,0.1228524359375861
0,0.0936780823693647,0.0923974486685993,0.0858261534741604,0.082093978999117,0.0775035784341458,0.0142210730446024,0.0769230769230769,0.0523594053005817,0.2333548804137039,-1.4576958974731156,0.0847411321604179,0.119168873757795
0,0.1096475871660251,0.114299545879269,0.101568759971311,0.1027225541162091,0.0905053406993922,0.0,0.5909090909090909,0.0454545454545454,0.6363636363636364,-1.365810320351944,0.0750457202647631,0.132197737145344
0,0.1045501740059973,0.0969288789909579,0.0921424907786757,0.0909995949121029,0.0823966563946876,0.0181818181818181,0.0545454545454545,0.0181818181818181,0.1272727272727272,-1.7993574351687305,0.029546287907836,0.1267367741853666
0,0.0976719471622137,0.0962964459260874,0.0889669352000057,0.0874754918163661,0.080985869220624,0.014514896867838,0.1100076394194041,0.0351413292589763,0.2184873949579832,-1.840744205237858,0.021747528320281,0.1308242761521614
0,0.0982089627708892,0.1094774615276856,0.0940210335526395,0.0920639413156114,0.0816085856703297,0.0897435897435897,0.1666666666666666,0.1153846153846153,0.5833333333333334,-1.6932006945741616,0.0541282368367662,0.0746211056797589
0,0.09747349031362,0.1093130086098407,0.0922506366134126,0.096950911892932,0.0835140189032968,0.0244755244755244,0.1678321678321678,0.0769230769230769,0.2972027972027972,-1.5741779782371614,0.0604337489474234,0.110550424816021
0,0.1002069504628248,0.1098075582414048,0.0903727230141514,0.089958202173963,0.0858718816106812,0.0263157894736842,0.0631578947368421,0.0894736842105263,0.4947368421052631,-1.1302343685822822,0.149895759813616,0.1509255008255713
0,0.0946126519337118,0.091619308269283,0.0834765033402717,0.078966962695351,0.0759128218185379,0.0134680134680134,0.0336700336700336,0.0404040404040404,0.1481481481481481,-1.4252612806289735,0.0745955132285922,0.1377000709055882
0,0.1063706103437958,0.0957116409619732,0.0857979041544598,0.0847847962690589,0.0805832068985509,0.0238095238095238,0.0809523809523809,0.019047619047619,0.1095238095238095,-1.4499959894560774,0.0546694432673231,0.10462831376104
0,0.0827273722297585,0.0751519053355967,0.0681488579821252,0.0645979458062636,0.0596727628248507,0.0,0.0212765957446808,0.0638297872340425,0.0851063829787234,-1.5058197154926596,0.0781989190652445,0.1048630434728595
0,0.0918003499430835,0.0815617594462425,0.0836455345337499,0.0785142979779403,0.0787573688492463,0.0,0.0,0.0476190476190476,0.1428571428571428,-1.6979917042815829,0.0469065400187939,0.1039391792120386
0,0.0984455926430352,0.0939630891853897,0.0878243850557368,0.0843926124350801,0.0789319014712006,0.0222929936305732,0.1289808917197452,0.0796178343949044,0.2388535031847133,-1.7001001489172576,0.0380330731389684,0.1259162009088614
0,0.1047955289168289,0.1121225497310444,0.0962643543315437,0.0947069818477146,0.0896202492927048,0.06,0.2816666666666667,0.0833333333333333,0.4883333333333333,-1.1579933590513465,0.1782090612886061,0.1650017531419628
0,0.0966640164091964,0.0914240798945438,0.0843816928436375,0.0834741587049996,0.0774565650490035,0.0127238454288407,0.0475966069745523,0.0259189443920829,0.1423185673892554,-1.45291532560575,0.0710762156956162,0.136672703405141
0,0.09555544747478,0.0836924770476926,0.0831276880838954,0.0781563402988765,0.0762638118576998,0.0561056105610561,0.0891089108910891,0.1023102310231023,0.2805280528052805,-0.8079284798062216,0.1249957999231837,0.1461076692502924
0,0.090419843491037,0.08427807151297,0.0791796812055619,0.0781733219084316,0.0740906749368255,0.0114739629302736,0.0397175639894086,0.0176522506619594,0.0653133274492497,-1.460786266245405,0.0933459926981819,0.140875772636495
0,0.1052386582887999,0.1018563274277019,0.0947371357137708,0.0909360801190476,0.088587693790913,0.0668973471741637,0.185121107266436,0.0778546712802768,0.2341407151095732,-1.55522925921083,0.0550396639767576,0.111362239923421
0,0.0995004461445312,0.089856711220242,0.082763135356529,0.0792877872304808,0.0804769209885224,0.032520325203252,0.1524390243902439,0.1117886178861788,0.2012195121951219,-1.4485763609641262,0.0730678081386465,0.1405643770540618
0,0.1036126978855528,0.1000101181350512,0.0904102038856783,0.0907775459225095,0.082166260524702,0.0297397769516728,0.1236059479553903,0.0566914498141263,0.2509293680297397,-1.371763596108961,0.1168724785713513,0.1322588525567245
0,0.1102551989629066,0.1123665888813281,0.0964647630057849,0.0843615198395843,0.0841955375304635,0.0,0.0,0.0,0.0,-1.506517915822965,0.0863759487165837,0.1912008620650294
0,0.1357108558551393,0.1401105833410413,0.1112144807684064,0.1074629916109713,0.1174480329994863,0.0,0.0,0.0,0.0,-1.7122566641512798,0.0519485663686257,0.0993998403003305
0,0.0969393084903055,0.0968046795679615,0.0874065344969501,0.0899929170500358,0.0786533116024967,0.0022522522522522,0.036036036036036,0.0292792792792792,0.0833333333333333,-1.67246608751022,0.0212460379169615,0.0686783998577297
0,0.1001113286119123,0.1022621980216218,0.0896200995546227,0.089350019728132,0.0818756538202682,0.0432432432432432,0.0972972972972973,0.0324324324324324,0.081081081081081,-1.444464313532365,0.0725924635363406,0.1188111562183097
0,0.0959287988217592,0.093334115823739,0.0852927318107917,0.0814953478224893,0.0837698986188055,0.0204081632653061,0.0530612244897959,0.0244897959183673,0.1469387755102041,-1.212280664132913,0.0907793199305427,0.1099322102744654
0,0.0839153151926458,0.0969790339769677,0.0842414520576557,0.0904081655790169,0.0678126445610337,0.0090721649484536,0.0332646048109965,0.5616494845360824,0.1107903780068728,-1.4349957856641824,0.0620103206993708,0.1033687498442238
0,0.0989050543698453,0.0973038787245067,0.0875060594986311,0.0856865403135517,0.0827118936753608,0.0166497203863751,0.0696492119979664,0.0343162175902389,0.148576512455516,-1.4341274004221227,0.0869023645508955,0.1534586961951781
0,0.0991514808969772,0.0963069337733001,0.0868593411682965,0.0853647858374298,0.0817321535841759,0.0120336943441636,0.0705976734857601,0.0248696349779382,0.1279582831929402,-1.30665313283895,0.1188145748426031,0.1328377998477047
0,0.0955874521461039,0.1004200893829031,0.0924121659528129,0.0920647850187402,0.0803703097097407,0.0243641803804231,0.0651848685616584,0.0363325496901047,0.1940585595212652,-1.5291956613499862,0.0641595753518163,0.1508585632786453
0,0.0827005116920762,0.0776807383256518,0.0790492165979271,0.0692472487319057,0.0632274897262086,0.05,0.125,0.075,0.225,-0.9937170857525488,0.1090591862656338,0.1336564578236951
0,0.0985100062774328,0.1021046406574438,0.0833060029061265,0.0851298320473795,0.0758632646487117,0.0131578947368421,0.087719298245614,0.0263157894736842,0.2324561403508772,-1.8009738114316385,0.0195765309183084,0.0840487742793087
0,0.1003316132022182,0.1005001518069393,0.0876923791197415,0.088835487778297,0.0826871228758808,0.0060827250608272,0.1204379562043795,0.035279805352798,0.2347931873479318,-1.2968474764239448,0.121339636852434,0.1076857288047765
0,0.0996524501914065,0.1167747316540754,0.0923114188394304,0.0933215330819428,0.0829444351422015,0.0,0.1333333333333333,0.0666666666666666,0.2,-1.637305699481865,0.0673575129533678,0.1057055801388329
0,0.0922737936849662,0.08610030081775,0.0791191673354051,0.0779814852790652,0.0738822474928829,0.0087934560327198,0.0388548057259713,0.0259713701431492,0.1028629856850715,-1.3732578136662132,0.1040993606085352,0.1331411277090686
0,0.0992728278502181,0.0947755050478851,0.0954915051921147,0.083059050626763,0.080898514638891,0.0204081632653061,0.0612244897959183,0.1428571428571428,0.3061224489795918,-1.3116883116883116,0.1256684491978609,0.1402090708402527
0,0.0961831317955955,0.1008885239624924,0.087444709103496,0.0864136726391133,0.0806720213362699,0.01,0.0445454545454545,0.0209090909090909,0.1236363636363636,-1.7097661822103938,0.0348298329132641,0.12173411843986
0,0.0932785640412845,0.0911941326858239,0.0852031112832869,0.0815434113619158,0.0791677868148235,0.0058823529411764,0.0264705882352941,0.0294117647058823,0.1647058823529411,-1.36295456157584,0.0627898603679099,0.1219166250858265
0,0.1041510095344603,0.0956403289654488,0.0901770463225066,0.0847045086362779,0.0831744543901476,0.021712158808933,0.1594292803970223,0.0806451612903225,0.4820099255583127,-1.6231209910834123,0.0518108675721698,0.1167805151216016
0,0.1119620957223911,0.0999432353922662,0.0927839731646875,0.0894141931958731,0.0901256676925285,0.0795454545454545,0.2797202797202797,0.1363636363636363,0.3173076923076923,-1.3886938426528803,0.0988266632666553,0.1399848109157521
0,0.0948980357582101,0.0983615251109029,0.0910159192284253,0.0872476617918575,0.0779767238240229,0.0176991150442477,0.0752212389380531,0.1017699115044247,0.3805309734513274,-1.5267691479418788,0.1059758539054317,0.0525787020058083
0,0.1028927668844596,0.1037642062416356,0.0916602182207538,0.0917201501008403,0.0834644091960238,0.0165656565656565,0.1034343434343434,0.0303030303030303,0.1919191919191919,-1.5453681666599763,0.0711231237652986,0.1248836454514684
0,0.1023268159870097,0.0889801777249612,0.0760387130999589,0.0687644022307075,0.0630301458933515,0.0,0.1666666666666666,0.0,0.3333333333333333,-1.6767446900736889,0.0580299089726918,0.0978612691720237
0,0.0896237281083594,0.0777025010533427,0.0757400595946235,0.0712187119013027,0.0692730505477252,0.0025316455696202,0.040506329113924,0.0088607594936708,0.0721518987341772,-1.5593032141086969,0.0777826983585081,0.1075286269099533
0,0.0977782506860885,0.0969758690204873,0.0876684060312358,0.0836109428054387,0.0781259823334961,0.0043290043290043,0.0945454545454545,0.0275324675324675,0.2006926406926407,-1.8345825604961628,0.024812005322029,0.1577887551988819
0,0.0983505190024065,0.1015275913550554,0.0927729193823929,0.0917871898341351,0.0828699299449005,0.0341394025604551,0.1166429587482219,0.0526315789473684,0.310099573257468,-1.3774530312157445,0.0987101342425877,0.113010710697693
0,0.0934721094811901,0.0950659439559501,0.0868384159311102,0.0828084380147997,0.0779784611715521,0.0063965884861407,0.0533049040511727,0.0298507462686567,0.1876332622601279,-1.4714561073172574,0.06886341006316,0.1301662180048844
0,0.0930284835463082,0.086946263534117,0.0808975608477493,0.0794969129848389,0.0752032090358901,0.0047426143661693,0.0278628594012449,0.0126469716431182,0.0629384448177057,-1.4469254779688974,0.0639937282463507,0.1493415060337777
0,0.1012361936212711,0.1006895026665067,0.0911465801850449,0.0877524383519149,0.0835411395518948,0.0149033737307566,0.0928594824762528,0.0465116279069767,0.1909597117589256,-1.4463618034246086,0.0878757092149777,0.1367662255752778
0,0.0645116347374455,0.0842239570677955,0.0839257574256041,0.085814435667309,0.0787618117743746,0.0,0.0,0.0,1.0,,,
0,0.0947998758531087,0.0850862124236132,0.0836913702632635,0.0785428086535052,0.0760399450844389,0.0074388947927736,0.0510095642933049,0.0297555791710945,0.1934112646121147,-1.4183387561174932,0.0909492484698701,0.1205079790997635
0,0.0939836600977709,0.0974502464824422,0.0918733694594437,0.0891625127869404,0.0800072304155099,0.0130813953488372,0.0581395348837209,0.0203488372093023,0.1395348837209302,-1.569625291355749,0.0571803368778469,0.1297991957394314
0,0.0980663587353948,0.0952055851195973,0.0863834759388401,0.0857574601150089,0.0798008550212142,0.0126640571033847,0.0573336403407782,0.0301634814644255,0.1273313377849413,-1.4961800211455774,0.0679470700958933,0.1234993007258903
0,0.0992084399104276,0.1025799326865558,0.096200732212199,0.0951150949036453,0.0827591208354725,0.0213776722090261,0.0958036421219319,0.0356294536817102,0.2304038004750593,-1.528001347566775,0.065654098993843,0.1278685979723083
0,0.0958185862470473,0.0824760987262063,0.078589069265561,0.0740793501338613,0.0756614430899661,0.017094017094017,0.0512820512820512,0.0256410256410256,0.1452991452991453,-1.527338843171501,0.0486306483878365,0.115613381880653
0,0.0957919782867161,0.1011315848898004,0.0928842937913427,0.0927091694593687,0.0790174957331062,0.0532915360501567,0.0971786833855799,0.0721003134796238,0.3510971786833856,-1.4269487859407366,0.1136802137401778,0.1310035783654762
0,0.104727183538906,0.118171456174304,0.0936243515795738,0.0978224916083603,0.0876626878419209,0.0149253731343283,0.044776119402985,0.0149253731343283,0.1194029850746268,-1.7089793279911685,0.048029225603975,0.0843282359300849
0,0.0928012995540412,0.0923027297380551,0.0865756930900482,0.0832406458146444,0.083205882377182,0.0588235294117647,0.0588235294117647,0.088235294117647,0.1176470588235294,-1.2753522356415274,0.1113149930514438,0.1516570843139049
0,0.0948567958901764,0.0938379422681227,0.0867987628559149,0.0842954166585925,0.0794927232955061,0.0058032181482458,0.0540754418359272,0.0152993932999208,0.1212081245054075,-1.4410771102780158,0.0551045946103797,0.0951618369648498
0,0.0975583661376038,0.0917774999661752,0.0787360322937402,0.0734155284003677,0.076649884135666,0.0,0.1458333333333333,0.125,0.1458333333333333,-1.856889371827072,0.0203142227630085,0.1315809967076845
0,0.1024417162190846,0.1005602451405442,0.0918942536106797,0.0912721310742747,0.0825394595431626,0.0537084398976982,0.1687979539641943,0.0895140664961636,0.3836317135549872,-1.4437130088023806,0.0635498053910359,0.103344897961218
0,0.1182198591446202,0.0999692701268309,0.0905712779759637,0.093237625165323,0.0695978486724418,0.0,0.0769230769230769,0.0769230769230769,0.1538461538461538,-1.6991904727205815,0.0476969750381532,0.0725323851005187
0,0.0980405288456111,0.0964094962800841,0.0878613149873428,0.0858337404434831,0.0784701077721211,0.0222772277227722,0.0618811881188118,0.0965346534653465,0.2747524752475248,-1.8143252787841224,0.0197458199791263,0.0757458626785064
0,0.0826884910370165,0.0813643511448409,0.0779975930745638,0.0728195451464333,0.0691354692712891,0.0,0.0234375,0.0,0.0546875,-1.416235443398535,0.0446014869229131,0.1054004363799016
0,0.0959675310029179,0.0890216498450102,0.0845721323306821,0.087237879600042,0.0761440717375518,0.0,0.0169491525423728,0.0338983050847457,0.1186440677966101,-1.5183450711424398,0.0788190468813826,0.1162124081020007
0,0.0867897407871505,0.0552544849812447,0.0739449132995458,0.0557514777088362,0.0652608332596416,0.0,0.0,0.0,0.0,,,
0,0.1084713217676626,0.1050221091724538,0.0888078209199163,0.0850756563177456,0.0821627603714214,0.046594982078853,0.2580645161290322,0.025089605734767,1.4982078853046594,-1.5815188083421463,0.0699331380320559,0.0980063059590833
0,0.1099467338155713,0.1151173980653216,0.0968274481807396,0.0943005756783353,0.0858344875700572,0.0909090909090909,0.7272727272727273,0.0909090909090909,0.5454545454545454,-1.643070805618068,0.0625391706508202,0.0847807093945435
0,0.0966474236353638,0.0951775836897923,0.08790585967449,0.0841768573404023,0.0802989359873931,0.0107066381156316,0.2376873661670235,0.0770877944325481,0.2376873661670235,-1.513397034830157,0.0270109379459325,0.1055463591171035
0,0.0930953194184229,0.0958070735009469,0.0856030460577001,0.0827847457248756,0.0716729086232857,0.0069444444444444,0.0833333333333333,0.0069444444444444,0.0902777777777777,-1.4839698456869497,0.0666052908385102,0.1015031405441768
0,0.0942154698544484,0.0919619662423267,0.0851593694913275,0.0833720278560025,0.0789455946433748,0.0112881806108897,0.0431606905710491,0.0307658255865427,0.1139884904825143,-1.2256444596907994,0.0641371269686596,0.118285952570346
0,0.0877154533229439,0.0859657511083726,0.079168497818529,0.0756268066956147,0.0737655809882561,0.0323886639676113,0.0728744939271255,0.0566801619433198,0.1619433198380566,-1.354984370387056,0.084877362561713,0.1535447461332223
0,0.0884080876145724,0.0840043488346041,0.084425353908798,0.0835964707799964,0.0653362389748954,0.0087847730600292,0.0644216691068814,0.0219619326500732,0.1771595900439238,-1.4220218159136129,0.0453165225331093,0.1138920332667273
0,0.0976354073379841,0.0931795153025704,0.0887893548373131,0.0846556044782208,0.0771312952399611,0.0263157894736842,0.0736842105263157,0.0631578947368421,0.2684210526315789,-1.550653542607611,0.0422334072976836,0.1227926812463153
0,0.0973317152089406,0.1001126997213138,0.0910519155239437,0.0887611155608553,0.0819645333067869,0.0528301886792452,0.2270440251572327,0.0930817610062893,0.4880503144654088,-1.5833911780947914,0.0596789516990308,0.1107462599034491
0,0.0977518152350188,0.1008634394113372,0.0863101336944335,0.0869086013933559,0.0802168924112308,0.0387096774193548,0.0903225806451612,0.0903225806451612,0.3806451612903225,-1.4666811793191654,0.019748953204665,0.1167987730753972
0,0.0842770905697035,0.0870088332749562,0.0793745612703068,0.0771131065321089,0.0718529431147397,0.0273556231003039,0.0425531914893617,0.0060790273556231,0.1762917933130699,-1.6201884805392013,0.0803738067098505,0.1229138812291637
0,0.0879916428211714,0.0779401582236127,0.0806310187469621,0.070999614399081,0.0691878231146542,0.0344827586206896,0.0344827586206896,0.0344827586206896,0.1379310344827586,-1.1323745989132707,0.1132137301892347,0.1572506541403115
0,0.0939345206215822,0.0969109621788979,0.0863770018456304,0.0826631437189219,0.0800314861798823,0.0776219632628876,0.3262887616037922,0.3493975903614458,0.414971360853249,-1.2550128822439797,0.0958164939717414,0.1113840913919835
0,0.1020313561350378,0.1007630430919236,0.0923384351984412,0.0919366807236101,0.086454061427804,0.0687907313540912,0.3120926864590876,0.0992034757422157,0.4228819695872556,-1.5225551962746475,0.0736581725180573,0.1467782698694413
0,0.0640875617643179,0.0588182279666672,0.0597590483310949,0.0563828688870858,0.0555233244668357,0.0,0.0,0.0,0.0175438596491228,-0.9773413897280968,0.0302114803625377,0.0330520029925516
0,0.067732464621791,0.0652022798932577,0.0547603698626071,0.0432404244445383,0.0538800534029015,0.0,0.0,0.0,0.0,-1.4021651532802526,0.0880182345295892,0.1282234986543035
0,0.0944427590369069,0.0930323706487177,0.0855602653235481,0.0829661955075245,0.0793136055765283,0.0085470085470085,0.0598290598290598,0.0612535612535612,0.1438746438746438,-1.378167275339141,0.0332934806524606,0.1194611542554429
0,0.0926044720591574,0.0871371283596962,0.0828407829368622,0.0808177076305095,0.072635228571586,0.0074411905904944,0.0504080652904464,0.028324531925108,0.2832453192510801,-1.550885344329567,0.0380423266962064,0.1139303471291277
0,0.1025745037637989,0.1080600189700232,0.0958655305735126,0.0987281487284216,0.0847678582303942,0.0616279069767441,0.1825581395348837,0.0988372093023255,0.4627906976744186,-1.6568023034671195,0.0536563406360807,0.1286955499674846
0,0.0972197220936586,0.0952677929309069,0.0872376224137482,0.086160454151759,0.0782413644089491,0.0100106072659771,0.0555887032617342,0.041865552903739,0.1585454786528772,-1.5106761975528278,0.0792249338443063,0.145353426077584
0,0.0979883659195825,0.0986819298782929,0.0909531808029179,0.0897178924383955,0.0846708492171477,0.0,0.125,0.0625,0.1875,-1.5100181956302,0.0928243417446154,0.1140953385723038
0,0.1047894888106395,0.110048177780563,0.0933814123783927,0.0933127693988939,0.0857899916739721,0.014519056261343,0.0789473684210526,0.0245009074410163,0.1479128856624319,-1.3408491076580666,0.1163233231138051,0.1543495330414158
0,0.1001766762144967,0.0991855196013508,0.0895164997857059,0.0895003826877353,0.0837677996922522,0.0519835841313269,0.1048791609667122,0.054719562243502,0.2207022343821249,-1.4808522676508014,0.0896651106092207,0.1275456930815574
0,0.0997252696718229,0.090767483403354,0.085539724956271,0.0815656643318672,0.0797026389413677,0.0190346702923181,0.1298436437797416,0.0836165873555404,0.3623385452073419,-1.5727011049804571,0.0539998915924303,0.1181267103336746
0,0.0876400876277067,0.085199522070743,0.0760185332064768,0.076622729225485,0.0705571585428087,0.0,0.0392156862745098,0.0196078431372549,0.1372549019607843,-1.5575051588756998,0.0781466661873133,0.1242414891349575
0,0.0962758325557459,0.0994612373985169,0.0873663399494224,0.0868232595562288,0.0807717606022519,0.0235294117647058,0.0470588235294117,0.0470588235294117,0.1647058823529411,-1.5485335905386624,0.0709893703797204,0.1071179878101116
0,0.093446055716304,0.0919309409567992,0.0845054152849556,0.0836436015492279,0.0789856034996779,0.0089086859688195,0.0601336302895322,0.032293986636971,0.220489977728285,-1.3572020222084376,0.0757951921722725,0.1066430177809855
0,0.0880153255118738,0.0862133962937984,0.0815415266208794,0.0811923043692213,0.0713033347041743,0.0060240963855421,0.0481927710843373,0.036144578313253,0.108433734939759,-1.534398531799191,0.050621791133811,0.1129365435890245
0,0.107864562661726,0.107716012805791,0.0961753415397389,0.0933590832631845,0.0882415022190483,0.0389610389610389,0.0779220779220779,0.1038961038961039,0.2727272727272727,-1.5240846600207925,0.0906395988644143,0.1324172936847907
0,0.0853074501828557,0.0766691228533773,0.078219713395068,0.0730756190581009,0.0710467402075968,0.0095693779904306,0.0494417862838915,0.0350877192982456,0.1084529505582137,-1.4162581172391755,0.0669276411555328,0.129284917753894
0,0.087484678133073,0.0895408549402839,0.0770441895523827,0.0790234419633446,0.0721891150116977,0.0,0.027027027027027,0.027027027027027,0.1621621621621621,-1.3926190457074543,0.0861731040419609,0.102889579531883
0,0.0947923747546598,0.0952319294433241,0.084232795017045,0.0778697404509425,0.0765279754709858,0.0185873605947955,0.0631970260223048,0.0483271375464684,0.1115241635687732,-1.473666672842,0.0847059548320723,0.1267173771768278
0,0.0948994283703371,0.0906338822018806,0.0852318774373887,0.0808736895586817,0.076667206288791,0.0066152149944873,0.0639470782800441,0.0485115766262403,0.1940463065049614,-1.392298448042179,0.0808060575199074,0.1029708848036975
0,0.0947380365546573,0.1006622998383799,0.0863783326024509,0.0859115823324125,0.0772288311714969,0.0545454545454545,0.1446969696969696,0.0515151515151515,0.2727272727272727,-1.487075109033025,0.0738854432854543,0.1023792394181307
0,0.1003579438302115,0.0991036544663668,0.0877903953473369,0.0883008722947036,0.0805021547660534,0.0107650903498654,0.0484429065743944,0.0180699730872741,0.144559784698193,-1.473407730774127,0.0778738683528692,0.118360300696503
0,0.1040941577954969,0.0991956431218167,0.0930704135216499,0.0890288500914725,0.085158576096611,0.0232489699823425,0.0841671571512654,0.0569452619187757,0.1575927015891701,-1.5206299714705271,0.0739455608409692,0.1562760622808919
0,0.1135382622180161,0.1095652496383757,0.0909125580482753,0.0897410653198159,0.090568510905399,0.0087272014120415,0.0662875073543832,0.0179446950382427,0.1282604432241616,-1.5070475001105457,0.091113904061693,0.1693862294086611
0,0.0823285987849057,0.083446323041939,0.0757640880776482,0.0744992316684524,0.0700702975617244,0.0033096926713947,0.0340425531914893,0.0127659574468085,0.0903073286052009,-1.439457877629039,0.0785394039300613,0.1535646383231604
0,0.1009633005815288,0.0956222316653869,0.0865722005125966,0.0842878193840867,0.0822510145436598,0.0305755395683453,0.1205035971223021,0.0623501199040767,0.2607913669064748,-1.4046767966873497,0.0869154772952507,0.1330059219623152
0,0.1032747193552131,0.1062747766295645,0.0937913701778536,0.0923859671839517,0.0871002707601305,0.0265811182401466,0.1643751909563092,0.0467461044912923,0.2364802933088909,-1.2939147663706343,0.1091849026043879,0.1551304815043158
0,0.0893212169710849,0.0897890264042766,0.0797384131806798,0.0786128705970105,0.0755539931355217,0.0063748406289842,0.0498300042498937,0.0138121546961325,0.0618359541011474,-1.5084495224496073,0.0681665003997793,0.1516251302361745
0,0.0954994713282349,0.0943802359041202,0.0853462623338536,0.0848121547734283,0.0789751938836523,0.0137069753274444,0.0536095035028936,0.0292415473652147,0.1291501675296984,-1.486260549224344,0.0726577369036291,0.1477008789475257
0,0.1007389634554411,0.0955823712744359,0.0918629937540343,0.0873337441266825,0.0817661503863587,0.0429061784897025,0.2053775743707094,0.1790617848970251,0.6950800915331807,-1.4426817043512046,0.0490500842782067,0.1302730058017847
0,0.0995050997222336,0.1009496626004096,0.0913939756693095,0.0893612582484775,0.0827686404705782,0.0484581497797356,0.1276111979536734,0.0650845530765951,0.3656387665198238,-1.536000531011202,0.0811330235648295,0.1255514482449618
0,0.108706491009412,0.1130989872945974,0.0986428760946954,0.0986959110802905,0.0909255081784948,0.0217391304347826,0.139751552795031,0.077639751552795,0.3043478260869565,-1.4580451413012727,0.0992125685994394,0.1299478921575685
0,0.1090992328180148,0.1102102289409856,0.0980163493545909,0.0989269228468211,0.090080892439234,0.0501285347043701,0.2789203084832904,0.0526992287917737,0.30719794344473,-1.5536325411144216,0.0652444456406193,0.1348448106662935
0,0.1087995959339293,0.106729022958478,0.096397732566627,0.0950229188225153,0.089567110735072,0.07773851590106,0.2286219081272084,0.0936395759717314,0.3342756183745583,-1.4806468563094868,0.0575934090326749,0.1433527788146021
0,0.107266672104812,0.1154319173351657,0.0938481654670256,0.0900888482402681,0.0837744632062818,0.0092838196286472,0.0784388025767336,0.0210306934444865,0.2040545661235316,-1.511756377064542,0.0674784143761337,0.1367234193521143
0,0.0992104711221795,0.0961837583583346,0.0858623486797432,0.0850897160474538,0.0807887871617468,0.0106761565836298,0.0962277580071174,0.0301067615658362,0.157508896797153,-1.3234097786136665,0.0812908504372796,0.1182138740313446
0,0.1003664470394736,0.1023912069594401,0.0885387088464637,0.0875993460746606,0.0818171137780729,0.0083762886597938,0.0502577319587628,0.023840206185567,0.0934278350515463,-1.5694329997130532,0.0568457077127242,0.1098681300000406
0,0.096401448205589,0.0946318516430304,0.0870403621853498,0.0859746216691678,0.0787230893494343,0.0142591444513329,0.0626162430254184,0.0570365778053316,0.1909485430874147,-1.2594306498478995,0.0823343390475332,0.081168357051721
0,0.10938550387859,0.1162988705024896,0.097903005117415,0.0954269718871917,0.0868254156530289,0.04,0.172,0.058,0.412,-1.3234479444242782,0.0825394395234067,0.1573810038295215
0,0.1074856815574976,0.1031150584407015,0.0924977061575933,0.0909988295691383,0.088524752938827,0.0453449834287435,0.1406297077432961,0.1239831274480265,0.4278397107562519,-1.3615140624638593,0.0826484992693982,0.1194011031512205
0,0.1066137357716528,0.1018974056755206,0.0906449319065453,0.0892155023152008,0.0861472183352694,0.0204576361378821,0.1024655590374268,0.0816531662035121,0.4168391178383492,-1.3029730027743076,0.0345686906429672,0.0731785507003236
0,0.0969031543807499,0.0909150708454418,0.084249330159416,0.0828045917102683,0.0774602064579665,0.0176088971269694,0.143466172381835,0.0454124189063948,0.223725671918443,-1.446885207552461,0.0977101700019576,0.1533743548750404
0,0.0855620125999828,0.0786924501339735,0.0747865174596318,0.0715514308263689,0.0699245139100928,0.0106117353308364,0.0593008739076154,0.035164377861007,0.1107643223748092,-1.7558809867292189,0.0233166481204161,0.1271671164605311
0,0.0984865048788193,0.1034680736159446,0.093558990177832,0.0934301592839683,0.0823919859730508,0.0182481751824817,0.0802919708029197,0.0656934306569343,0.2226277372262773,-1.602635311266064,0.0501505759438831,0.1621867905908581
0,0.0888956430098318,0.0864430352077014,0.0790560639953418,0.0773188359062811,0.0751960760113121,0.0140476724202346,0.0749831876260928,0.0217440035866397,0.1046103265336621,-1.4275220786517469,0.0830251817162644,0.1662912992472255
0,0.1058690510829374,0.0994731453555292,0.0909222209080105,0.0878200728614192,0.0848308180147572,0.0175321793164669,0.1369285397248113,0.0827785175321793,0.3369951176209498,-1.4823306688115236,0.0853562213122004,0.1332823822274496
0,0.1040764099988489,0.0996404256458044,0.0924243754902371,0.0919809380587195,0.0854168228372275,0.0107686594875603,0.0555142963238024,0.0525436316375789,0.1975492016338655,-1.2699356587970805,0.0519643347089332,0.1359610567492697
0,0.0883318696528287,0.0876161892596343,0.0807824022332334,0.0804623877445581,0.0716877379608663,0.0081464530892448,0.0499771167048054,0.0177574370709382,0.1391304347826087,-1.6006695924841603,0.0313755089219198,0.1200781438735427
0,0.1076239495005108,0.1064093526601857,0.0991673896134769,0.0921694855944817,0.0934479790398617,0.1138211382113821,0.6875,0.4933943089430894,1.4014227642276422,-0.6108618487786031,0.0214276429206193,0.1549671075670529
0,0.1052329666193317,0.104327794159486,0.0926748223750962,0.0927278917141477,0.0865272308367853,0.0248833592534992,0.1221950677627193,0.031104199066874,0.2175072206176405,-1.4919830187188592,0.074637458760821,0.1476852597043517
0,0.1021149021516495,0.1048262379319287,0.0950748074097488,0.0905775758572894,0.0863539970396104,0.0075528700906344,0.0815709969788519,0.0407854984894259,0.256797583081571,-1.3640395748323622,0.0381259761879726,0.1245580796691514
0,0.1045871224071752,0.1038802890710621,0.0947026674599785,0.0912115244163933,0.0864323971683664,0.0088188976377952,0.0844094488188976,0.0377952755905511,0.2381102362204724,-1.401603875785896,0.0510549780235549,0.1285750094103474
0,0.1020446122884083,0.1111174767914549,0.0927621221556191,0.1007715676569036,0.0828841800141592,0.0182494478670231,0.0782285249331628,0.0232477042892014,0.1726142043473207,-1.6769819952853982,0.0387906981505969,0.1157130272872851
0,0.1036411154619315,0.1019071399752841,0.0900817843908215,0.0887481441449868,0.0852221927913405,0.0266078352720952,0.108436956812408,0.0435887150688594,0.2453536569060034,-1.5109359779631726,0.0725983147395088,0.1245327342731582
0,0.0934683788334257,0.0899291742303744,0.0828407035535933,0.080277596771127,0.077629441936272,0.0106786427145708,0.0494011976047904,0.0243512974051896,0.1090818363273453,-1.3196025300053578,0.087129087562022,0.1372457477883315
0,0.0953046047153266,0.0954401643333539,0.0888565389646652,0.08511856825946,0.0744123722679608,0.0050251256281407,0.0829145728643216,0.057788944723618,0.414572864321608,-1.7904962326401097,0.0158101664125486,0.0898211336511092
0,0.0335017506537251,0.0297413776192774,0.0318731859090814,0.0228624892044909,0.018746506198415,0.0,0.0,0.0,0.0,,,0.0632516121035087
0,0.0956786038922404,0.1065058641558092,0.0894091755224315,0.0937539745989523,0.0800526920168675,0.0108108108108108,0.0486486486486486,0.0189189189189189,0.1337837837837837,-1.7855481267804478,0.0286994909937353,0.1055096086832199
0,0.0875212314409527,0.0879426363042218,0.0806838137742811,0.0732338719694433,0.0731293818682031,0.0,0.2,0.0,0.4,,,0.118117104737931
0,0.0989942592623572,0.1037715614016733,0.0932035351152194,0.0919376102452122,0.0856972628999115,0.0070126227208976,0.1290322580645161,0.0168302945301542,0.211781206171108,-1.6084010242647466,0.0722201333398147,0.1334706403783978
0,0.0995884400914867,0.0980740660612971,0.088200798337732,0.0865030644778768,0.0832256205306147,0.0248508946322067,0.1403247183565275,0.050364479787939,0.2476805831676607,-1.632482065608063,0.0576308518432802,0.1445857587209048
0,0.1085591408611022,0.1042094161183514,0.0923725253107314,0.0911099503611388,0.0867423215854589,0.0197936407664771,0.1255001052853232,0.0663297536323436,0.3179616761423458,-1.6822215440572716,0.0347592546610316,0.114234876333031
0,0.1049735393668908,0.1046331137268927,0.0950551970428481,0.0928034721919977,0.0854127925807264,0.0259921389628502,0.1283124128312412,0.0475465956637504,0.3050589577786231,-1.526813636742267,0.0728093748607706,0.1387203307096249
0,0.0978026116625246,0.0947562574052943,0.0867205963192663,0.0835227326074973,0.0801544999102223,0.0165816326530612,0.0765306122448979,0.072704081632653,0.2040816326530612,-1.252307097600209,0.1224740416808155,0.1208579053809726
0,0.1014786069626121,0.1021442325721951,0.091899944736385,0.0901611932790378,0.0830182646750639,0.0202177293934681,0.0886469673405909,0.0404354587869362,0.166407465007776,-1.5489705073543758,0.0725586062846634,0.1230145210193654
0,0.1000392533631542,0.0990682099295884,0.0914027773755951,0.0905170378046264,0.0833026625977647,0.0458877515001764,0.1454288739851747,0.1200141193081539,0.369219908224497,-1.4102598915263365,0.0595039473155411,0.1294205583301219
0,0.1092547343880782,0.1039579963669112,0.096019870676535,0.092572619339529,0.0851131825393652,0.0068493150684931,0.0924657534246575,0.0410958904109589,0.2363013698630137,-1.672298057983265,0.0555069059912857,0.1072650139085652
0,0.096857592764337,0.1013794715722891,0.0892702278021444,0.0895421402544021,0.0800645387395835,0.0111805327195001,0.0654390003288392,0.0203880302532061,0.1604735284445906,-1.578913695655198,0.0570703433737517,0.1370436621989385
0,0.1021031914389613,0.1039674907136654,0.0951939773178809,0.0915038775634849,0.0834246469689653,0.0205479452054794,0.136986301369863,0.0273972602739726,0.2808219178082192,-1.5560922316925296,0.0893371327807593,0.1217670615090855
0,0.1011778112315647,0.1064945770062246,0.0901425413754107,0.0882700929757317,0.0818064455485207,0.0086091448249473,0.0776736177539697,0.0397933805242012,0.1733307824756074,-1.552366022584031,0.0590266156778621,0.1114866418899412
0,0.1112530579232505,0.1114748715050306,0.0960343176544894,0.0986317410758133,0.091791923769083,0.088011417697431,0.1612749762131303,0.1536631779257849,0.2930542340627973,-1.4437513530258128,0.0903708959043108,0.1336197686974655
0,0.0984850171340594,0.0953303229273838,0.0881300159581423,0.0844039167667263,0.0771743176004567,0.0092449922958397,0.086286594761171,0.0400616332819722,0.2449922958397534,-1.552376459089265,0.0742461201229255,0.123754990211702
0,0.1070705665807901,0.1025617647655017,0.0953889403152224,0.0918042391246333,0.0869573014328616,0.0892904597395694,0.2641509433962264,0.1445655062450172,0.5538134467180441,-1.3989636615296686,0.0732205429606397,0.1275933986894841
0,0.0934578992479309,0.0925362218491312,0.0851257743913866,0.0867025889219267,0.0762598765801772,0.0099671296787191,0.0721026402290319,0.0312798218640653,0.2519351076237939,-1.333045547288758,0.0748072183385367,0.0962584725382915
0,0.1029872662457091,0.099463104905416,0.089528337915502,0.0874082034376248,0.0835272112958553,0.0062795662912881,0.054171725206179,0.0147360488968895,0.1228283166575961,-1.459053648285274,0.0824920891702765,0.141106711297588
0,0.0981510928827548,0.0962929803068312,0.0883208686542602,0.0878032738243922,0.0790718848952786,0.0053050397877984,0.0334880636604774,0.01657824933687,0.0875331564986737,-1.7271741113076802,0.0378454604829643,0.1043030227214336
0,0.1162221801221616,0.1109183308567566,0.0983736088538934,0.0965831913317529,0.0947593895151927,0.0318377520960797,0.1344890097439383,0.0450940403353727,0.202469975073646,-1.3090290790185373,0.0993156176115582,0.1537454578751558
0,0.1012456445827897,0.10224794406359,0.0897063179449033,0.0879016846508779,0.0844660217490063,0.0269740068661108,0.0936733692986758,0.0505149583128984,0.2103972535556645,-1.431897335597123,0.047141607740382,0.1304616411492116
0,0.1081737580618721,0.1076792208567682,0.0981894347244451,0.0966551444176774,0.0964881174506649,0.0365853658536585,0.2073170731707317,0.024390243902439,0.3292682926829268,-1.5931448371588364,0.0578100985771891,0.1413221466410425
0,0.0989705943248525,0.0944404746431046,0.0858827121322006,0.0830878385793061,0.0809852252182545,0.007647872426979,0.0765600846147587,0.0335204621267594,0.1252949312505085,-1.367829187740646,0.1049614107437011,0.157052894313428
0,0.0981414121100696,0.095548305615355,0.0869534667182271,0.0843772027315555,0.081169315411293,0.0140417457305502,0.0979127134724857,0.0622390891840607,0.2478178368121442,-1.401136654911501,0.0894411246810452,0.1273592559126225
0,0.0949230778518514,0.0973301020008793,0.0870617516513839,0.0881409532718215,0.0830284116468668,0.0459558823529411,0.1444327731092436,0.1205357142857142,0.4175420168067227,-1.4768026226277553,0.0624250090775641,0.0769595286912465
0,0.0968100686617597,0.0987610587664392,0.0887193252740029,0.0862292809275742,0.0816654831731257,0.017391304347826,0.1054347826086956,0.0782608695652174,0.3021739130434782,-1.3083558098826882,0.0425700849823229,0.0886981550798369
0,0.1150266497812927,0.1175356017497998,0.0957809505926648,0.0940673246367583,0.0869118048613423,0.0434782608695652,0.0,0.0434782608695652,0.0434782608695652,-1.885205534707004,0.0275363783578034,0.1050221561027242
0,0.1132165705040421,0.1177385289402351,0.0993282304122182,0.1016673426501433,0.0904625241248973,0.0695668135095447,0.2876284875183553,0.0937958883994126,0.6084801762114538,-1.2822725934034194,0.166691386894247,0.1613368680947354
0,0.1065898715493364,0.1076734209514115,0.0941842967302821,0.0960080477951467,0.0844509063286041,0.0712166172106825,0.172106824925816,0.0326409495548961,0.344213649851632,-1.3966605011535664,0.1171774719018067,0.1201637083247545
0,0.1068918926162018,0.1061570466774846,0.0946470871910421,0.0929257385788034,0.0870370300487982,0.0391006842619745,0.1309872922776148,0.0547409579667644,0.2561094819159335,-1.416099259722736,0.0762676039050734,0.1026372148408846
0,0.1070558269244178,0.1075597676515251,0.0957069187109701,0.0927325030760274,0.0864163735045529,0.0331632653061224,0.1913265306122449,0.0637755102040816,0.3605442176870748,-1.3950029280960168,0.0780895555846042,0.1081198788335753
0,0.101808549383875,0.0986145076035544,0.0915752129082223,0.0882280172285929,0.0838883832444264,0.029126213592233,0.1344286781179985,0.1194921583271097,0.3704256908140403,-1.27688756889943,0.0476685359552013,0.099902957007725
0,0.1057199595095,0.1113167865334636,0.0967843810241717,0.0980827314734263,0.0873976636219155,0.0536225951698731,0.1489971346704871,0.1019238641015145,0.4670487106017192,-1.252824132994436,0.1470906847990498,0.1494297686528244
0,0.1001836728206238,0.1052757616018381,0.089365992935585,0.0919906636088589,0.0848769645337529,0.0327868852459016,0.1926229508196721,0.0614754098360655,0.3360655737704918,-1.2842148976653944,0.0589361655544777,0.1224534131997961
0,0.1033956128687772,0.1072840218327391,0.0999505811665002,0.097884210359985,0.0855722802139627,0.0139917695473251,0.1596707818930041,0.0275720164609053,0.2432098765432098,-1.5737258293563368,0.056620305388877,0.1244755358328364
0,0.0987886816249826,0.0982303794635591,0.0877393818135774,0.085844410610368,0.0807168596996603,0.0112092839245681,0.0751681392588685,0.0367928260582882,0.1699854938678623,-1.583717772635876,0.0411724326495253,0.111429704296816
0,0.0953978708404055,0.0951778213652257,0.0861185598753196,0.0830569085266638,0.0776504943984034,0.0079682135222095,0.0925306096007255,0.0287633073484635,0.1721263685244768,-1.6064745783957617,0.0485979997240905,0.1430465541915617
0,0.1076565557062127,0.1042933797028175,0.0944434769915525,0.0934346928795868,0.0862945037015819,0.0285714285714285,0.1380952380952381,0.0380952380952381,0.1936507936507936,-1.4999535813350284,0.0747230030602141,0.1316084698652601
0,0.0976699125959507,0.1070792494577342,0.0870622627277291,0.0855275674869437,0.0822479108643899,0.0,0.0,0.05,0.3,-1.4551089193275293,0.0688554153339375,0.1235321748255748
0,0.0987653658392333,0.0946113180917658,0.0860161312148674,0.0865394879739911,0.079559468180738,0.0192307692307692,0.0809716599190283,0.0708502024291498,0.2246963562753036,-1.4165312176358391,0.1027997706203798,0.1300669706896569
0,0.1020352327700346,0.1049747372971473,0.0924619868244058,0.088720996561179,0.0827009524910811,0.0023866348448687,0.1145584725536992,0.0238663484486873,0.0954653937947494,-1.5193878166466863,0.0676773615314041,0.1660128505765777
0,0.0989816948737547,0.1013079015525968,0.0935454283919952,0.0894500154387415,0.0810143999530159,0.0637619553666312,0.385759829968119,0.1126461211477152,0.5547290116896918,-1.6414227004971975,0.0275554631997206,0.0955378711834469
0,0.1027591114582461,0.111360264771093,0.0925224081613994,0.0950645458385097,0.0815114090402513,0.0503261882572227,0.2199440820130475,0.0521901211556384,0.466915191053122,-1.5668959768889474,0.0653217202724733,0.1175276016187074
0,0.099431428453402,0.1030869693409221,0.0881752160992182,0.0874778384534678,0.0818285753240939,0.0103168754605747,0.0691721935642348,0.0161139769098501,0.113436502087939,-1.5247748122117746,0.0518670852256802,0.0958108071211026
0,0.0987976934915242,0.095349197759778,0.0857662685134466,0.0839164656456776,0.0781154290168667,0.0114864864864864,0.0858108108108108,0.027027027027027,0.1641891891891891,-1.551940744670122,0.059670730503719,0.1177123770391835
0,0.0916316882247076,0.0902435609697743,0.0809332904033602,0.0791245304452477,0.0727346623901498,0.003584229390681,0.053763440860215,0.010752688172043,0.1218637992831541,-1.420154209817323,0.1187428325419346,0.1388677871933066
0,0.0989177603394678,0.0980539055050988,0.0869225114761778,0.0861215569624651,0.0806509671432354,0.0120305164319248,0.0824530516431924,0.0381455399061032,0.1786971830985915,-1.5589028204116864,0.0540021723376074,0.1357436611007513
0,0.09095617571183,0.0904454996812125,0.0860473816292691,0.0852705430717326,0.0735724535507258,0.0140845070422535,0.0960307298335467,0.028169014084507,0.2240717029449423,-1.5610420857882834,0.0537478403534632,0.1280167059535248
0,0.1068153702529822,0.101806460252956,0.0919748752177889,0.0900443818293353,0.0882860184573881,0.0199818346957311,0.1516802906448683,0.069936421435059,0.2670299727520436,-1.5707161288614426,0.0444168005584276,0.1152477374908222
0,0.098266767793242,0.0994145617001615,0.0866072795179909,0.0876291145936593,0.0821875748992823,0.0177027583367641,0.0757513379991766,0.0308769040757513,0.1609715932482503,-1.501189975057438,0.0866803230561204,0.1314909804596939
0,0.1020389240621855,0.1038331086993841,0.0940629431172965,0.0896618356676033,0.0878371775884089,0.034150921253374,0.158901537378242,0.0825020537495599,0.2909282948010797,-1.3201738909223588,0.1097873302397568,0.1493550499143006
0,0.1019759104266681,0.0968742217881878,0.0889338576010743,0.0842452402633359,0.0784708035501863,0.0115780445969125,0.0840480274442538,0.0480274442538593,0.4039451114922813,-1.5768611951313016,0.0689049502674084,0.1026346336819644
0,0.0981899868709711,0.0959860904996217,0.0868555496876285,0.0835650463826354,0.0813702444336383,0.0089138329481677,0.0495212941564872,0.0207989435457246,0.1360184879498184,-1.230267594067062,0.0657012104809531,0.089794701187196
0,0.0994849840459912,0.0971667757792557,0.0887472852013616,0.0870187470499947,0.0824867536733853,0.0274745954083552,0.1050056454648099,0.0764019570944674,0.2378622506586375,-1.554412438498734,0.063689305439038,0.11919319909925
0,0.0997549234507679,0.0947762864508083,0.086556120231816,0.0823905480466682,0.0835899737578688,0.0297640653357531,0.1709618874773139,0.0878402903811252,0.3938294010889292,-1.535705585393666,0.0333455523749861,0.112816505330287
0,0.0964193483522022,0.0904823492987506,0.0800242415506832,0.0803552753530077,0.0752021895177474,0.0057142857142857,0.0257142857142857,0.0114285714285714,0.0857142857142857,-1.6044114371970462,0.0571719205315306,0.101763032648685
0,0.100358530298143,0.103673845843169,0.0936482024923979,0.0911080895661989,0.0876786986104668,0.0488145048814504,0.1952580195258019,0.103207810320781,0.3668061366806137,-1.4631034549345332,0.0835182631141092,0.1432005740020854
0,0.1102903825800361,0.1151235300581227,0.0900077957012356,0.0974840584673219,0.0815587030250212,0.0,0.0,0.0,0.0,-1.506517915822965,0.0863759487165837,0.1623441467068966
0,0.103516780933181,0.1062143674624204,0.0940004507336829,0.0937564897865938,0.0838105116760383,0.0068306010928961,0.075591985428051,0.0323315118397085,0.1616575591985428,-1.4789186845887583,0.1021789148161278,0.1282439577785827
0,0.0985505878815817,0.0968878952550053,0.0848698328691353,0.0844791087353736,0.0815104551694806,0.0093674106626575,0.0461431710419798,0.0159592922400832,0.0705446975829767,-1.2850855601543212,0.1131530442625222,0.1508901234199944
0,0.0981972659711739,0.1010416773638293,0.0898019898188714,0.089144467691099,0.0828147792534897,0.009936766034327,0.037037037037037,0.016260162601626,0.1291779584462511,-1.6481697135685276,0.0202719810568671,0.0885973172588814
0,0.095367290734515,0.0943027688885781,0.0884277220946867,0.0831104962862135,0.0798532169462733,0.0281857880111155,0.1776498610559746,0.0672886065899166,0.3944025406907503,-1.4900368722913957,0.0376892459447293,0.1062069139663774
0,0.1039654783702822,0.1052013983843113,0.0965012391486012,0.0930974982286066,0.086982115685968,0.0638686131386861,0.3321167883211678,0.1094890510948905,0.4726277372262774,-1.51173470942032,0.0777844323410763,0.1328857306168416
0,0.1052244075235929,0.101376469901954,0.0931257022188179,0.0895823711217896,0.0853280975128477,0.0160894731678602,0.111350927106838,0.0365937408025115,0.177769057196115,-1.5834520420067033,0.0549067540567855,0.1529603789843052
0,0.0933520512792941,0.0942059653694467,0.0874223032213383,0.0832496489820436,0.0789524446640362,0.0070852675299291,0.0872709504031273,0.0513559736134864,0.2658685560713413,-1.4854880490154412,0.0665966501304803,0.1185809033358132
0,0.0987501717355963,0.106606734416604,0.0925699170818677,0.0929248795028931,0.0841913554857539,0.0277777777777777,0.125,0.0425925925925925,0.2175925925925926,-1.5920855106485123,0.0636741116646445,0.1157542818981325
0,0.1045023932760186,0.0984108142260914,0.0909498320820424,0.0886396838042476,0.0875087527822661,0.0227272727272727,0.0681818181818181,0.0883838383838383,0.1994949494949495,-1.3666575562493537,0.1044352651418076,0.1418256433872027
0,0.0997405473217412,0.0952962747251326,0.088906934266921,0.0846125636688147,0.0807607182423515,0.0118343195266272,0.0617075232459847,0.05156382079459,0.1699070160608622,-1.432368197253647,0.066002249980423,0.1416300725287385
0,0.1039181633398108,0.1037754039965992,0.0930786283451881,0.0906000331401711,0.0864196698336624,0.0477850697292863,0.1544298605414274,0.1080803937653814,0.3644380639868745,-1.4632597504315064,0.0836005526736346,0.1393853478630738
0,0.0936098659779342,0.0896509172039192,0.0810645520586958,0.0809736334787774,0.0759934857024496,0.0032679738562091,0.0735294117647058,0.0261437908496732,0.1405228758169934,-1.2833712359957503,0.0965885328694144,0.148363119175119
0,0.1004139913119469,0.1029444430925716,0.0887540309459962,0.0870700167336525,0.0816037173997375,0.0160642570281124,0.0776439089692101,0.0348058902275769,0.1539491298527443,-1.5734135447936255,0.0515498803087897,0.1106379298799805
0,0.1063306202157953,0.1077411942777063,0.0936366718360789,0.0981105196986596,0.0849503000607165,0.0321027287319422,0.1332263242375602,0.0401284109149277,0.247191011235955,-1.5185442484750211,0.1137436134420681,0.1323729066903327
0,0.0932951583779775,0.0891989384018993,0.0808486027501119,0.0771192381282229,0.0761281678480568,0.0048552754435107,0.0476812947401182,0.0295051353874883,0.126610644257703,-1.4149182384382764,0.0911094302696203,0.1188473781214494
0,0.0999068865353003,0.0994738439580712,0.0926999938415863,0.0892427098618394,0.0842619140878788,0.047556142668428,0.1638044914134742,0.059445178335535,0.2813738441215324,-1.6270540300821084,0.0353771224411189,0.1010542789996378
0,0.1023824347172574,0.112196854399409,0.0903896396898099,0.0922172714678498,0.0853117566823323,0.0,0.5882352941176471,0.0,0.1764705882352941,-1.532609546291189,0.0610015296326372,0.1364828459740699
0,0.1059355081363397,0.1043125606301333,0.0925198357509756,0.0908333336310652,0.0843930538413506,0.0285849952516619,0.167426400759734,0.1009496676163342,0.4730294396961063,-1.4236203564638064,0.0668560484765721,0.0990292529200223
0,0.1021173493178555,0.1000194855531422,0.0919845892604747,0.0901612928379245,0.0860631051102172,0.0340932859234469,0.1307257895837691,0.0644216691068814,0.2754653838109182,-1.5125687007411808,0.0754428015724247,0.1485809819489465
0,0.1040517936794171,0.0990797151670473,0.0905643431008067,0.0910146445384636,0.0866573049504056,0.0113722517058377,0.0724033358605003,0.0303260045489006,0.1811978771796815,-1.509921774852763,0.0741151673529439,0.1774401499687568
0,0.1071003784515649,0.1073278894357416,0.0954750424996906,0.0949337530952182,0.0886668583759739,0.0474452554744525,0.145985401459854,0.0656934306569343,0.2201946472019464,-1.4723942764235274,0.0839005829611095,0.1484047248710192
0,0.0945387244328974,0.0921767760222153,0.0863757979374662,0.0831164279140367,0.0782628639620399,0.0087195164315986,0.0744111720975474,0.0330021538247759,0.1828666712985479,-1.459944645277295,0.0611655924774745,0.136646734292829
0,0.1012480512418097,0.0993267810153737,0.0925309172911009,0.0886416084837762,0.0835933535912211,0.0301358234295415,0.1595925297113752,0.0530560271646859,0.2270797962648557,-1.6316134432026297,0.0681010497120303,0.1450190398311516
0,0.1070582881094167,0.1110760730115431,0.0979828395125158,0.0990335360297303,0.0887508496285018,0.0536585365853658,0.2292682926829268,0.0536585365853658,0.373170731707317,-1.5431777558406303,0.0749893673124232,0.1213259682713389
0,0.105997337929923,0.108364451175954,0.0933922721057638,0.089407869131611,0.0859118485240597,0.0700466977985323,0.2648432288192128,0.1480987324883255,0.6357571714476318,-1.705738905621197,0.053067284336519,0.0927650118618193
0,0.0994421709289268,0.104460954159288,0.0924608670854454,0.0938941987931097,0.0862499586055026,0.0866388308977035,0.2943632567849686,0.2056367432150313,0.6492693110647182,-1.2598012664905505,0.0645247410323964,0.0866360083092387
0,0.0903216216697836,0.0966197419901478,0.0894713504308343,0.0878320731218249,0.0779951806773586,0.0714285714285714,0.1666666666666666,0.0833333333333333,0.5714285714285714,-1.7930644259693982,0.026885248091245,0.1466100134665109
0,0.1017003465405277,0.0966569717402763,0.0900506863919404,0.0864096818306329,0.0834529539712047,0.0228475898578991,0.0955697966007244,0.0668709947060462,0.2226246865422123,-1.330612339050158,0.1525925746494316,0.1410246669357748
0,0.0992520479383383,0.0971442763427464,0.0882854831812385,0.0882512772160928,0.0817636500763872,0.0175596578117964,0.1001800990544799,0.0387212967131922,0.19968482665466,-1.3764018039941577,0.0450393170662792,0.1194819013485091
0,0.1053387072281405,0.1066128469389085,0.0933147729696873,0.0939868050392743,0.0846513960486129,0.0258215962441314,0.1408450704225352,0.0641627543035993,0.2488262910798122,-1.654205766336013,0.0409763476136038,0.0974876918047804
0,0.0956300592050948,0.102855043225311,0.0900860184701374,0.0931458542009317,0.0835381633797057,0.0571428571428571,0.0952380952380952,0.1571428571428571,0.5666666666666667,-1.6252733285037122,0.066356191005561,0.0510836791319651
0,0.0975978694634652,0.0923262809576532,0.0864887200983085,0.0811826361312101,0.0787597506116776,0.0275590551181102,0.1023622047244094,0.0354330708661417,0.1968503937007874,-1.476645775430224,0.0795945601894556,0.1177242713156363
0,0.1051418068660857,0.1036545831072163,0.0932120786271194,0.0913537639516132,0.0879465725898909,0.0406917599186164,0.1983723296032553,0.1831129196337741,0.3967446592065107,-1.3955727921783063,0.0716627815265471,0.1143424805962805
0,0.1059813022143459,0.1054633498192793,0.093786661728705,0.0925297125464579,0.088305159799344,0.0329726944873776,0.160741885625966,0.0571870170015456,0.2163833075734157,-1.3723403802886296,0.1038129532532591,0.1490516974932658
0,0.1036189368975347,0.0988663568375208,0.0903078752124748,0.0873629965005318,0.0834771663044168,0.0186731725626348,0.153795627287229,0.0585530637139908,0.1902505395514685,-1.3981116539669112,0.0491947215808619,0.1290256328215394
0,0.0962065259011424,0.0901662238903601,0.0860497077793144,0.0792688120692484,0.0825433228521274,0.0125295078990375,0.122026511712366,0.1022335209733067,0.2258943163246776,-1.5274046877570568,0.0636356987902071,0.149613563833617
0,0.1010510180133998,0.107491820052221,0.0925568082343503,0.0923088678625631,0.0833415155652108,0.0333333333333333,0.1564102564102564,0.082051282051282,0.441025641025641,-1.6968209363049918,0.0399050324167542,0.0859195690892067
0,0.1020436220629153,0.1019103640919382,0.0897832508589015,0.0888131131461184,0.0837250037748659,0.0089573629523468,0.0863489788606234,0.0247223217484772,0.2063776424220709,-1.511879444028473,0.0267428552409594,0.0912465833712532
0,0.1105785737215926,0.1167934218280333,0.0901518011106652,0.088116692370118,0.0797179785768616,0.0049423393739703,0.0502471169686985,0.0831960461285008,0.3978583196046129,-1.8498143959299524,0.0564686116893705,0.0521131171175908
0,0.1062988244371574,0.1107718095321962,0.0981842074126185,0.0988019039825363,0.0883330910623248,0.0217311233885819,0.1602209944751381,0.0464088397790055,0.2920810313075506,-1.455884688777225,0.0778202423313374,0.1555683075053386
0,0.1054469163066875,0.1088994687089593,0.0912985682450447,0.088180732414489,0.0832057897457869,0.0331278890600924,0.2213662044170518,0.059322033898305,0.399075500770416,-1.508755931549613,0.0635969499141278,0.1116809584310102
0,0.1192513354559548,0.1128789204719405,0.1003574345755121,0.0997180197762325,0.0956140609653541,0.0493827160493827,0.2098765432098765,0.0617283950617283,0.2345679012345679,-1.810732949365466,0.0299809372303209,0.1067562475425413
0,0.1077029572014348,0.1102458432644445,0.096984621703486,0.0930657011681481,0.0863634982456255,0.0064516129032258,0.0774193548387096,0.0387096774193548,0.232258064516129,-1.5815554725587984,0.057774866837851,0.0836996000666874
0,0.1032402415571586,0.1059014294683679,0.0940878100869078,0.0942222907756613,0.0860551829941641,0.0709534368070953,0.4456762749445676,0.1618625277161862,0.7560975609756098,-1.013066407861001,0.20354607808123,0.1331924753938267
0,0.0942671928449267,0.090663040720654,0.0839908837403622,0.0807926984547644,0.0789380875933229,0.009367681498829,0.0547649072239236,0.0234192037470726,0.1325887227526571,-1.552400214669213,0.0548741703749919,0.129223266884302
0,0.1036941941066567,0.0991802663983546,0.0911776385780082,0.087165574174005,0.0839219437271466,0.0276872964169381,0.1574714983713355,0.1021986970684039,0.3381514657980456,-1.6194700251556362,0.0264344858260687,0.125711513591119
0,0.1017543957199084,0.0993590839760765,0.0897347861749631,0.0877292827447995,0.0816479930001865,0.0209013716525146,0.124101894186806,0.0640104506858262,0.3618549967341606,-1.570810342247951,0.0634540256033935,0.1172917413403173
0,0.1035055493641846,0.1012403546520389,0.0942892755519476,0.0931640400757674,0.0846083942781359,0.0349650349650349,0.1538461538461538,0.0559440559440559,0.2832167832167832,-1.2788416157703386,0.1526483016904685,0.1500732176434911
0,0.0939275480891078,0.0996211075708117,0.0891675159200496,0.0863781553397704,0.081271674603713,0.0188133140376266,0.0564399421128798,0.0274963820549927,0.1722141823444283,-1.671573503621168,0.0466507345731104,0.1032571062690741
0,0.09159620823759,0.0897354093453253,0.0835240202363408,0.0792825802136316,0.0771341473407207,0.0047873838355392,0.0763165305547733,0.0278794705716699,0.1498169529709941,-1.244049158905547,0.1005490234920615,0.104236932055881
0,0.113953886042306,0.1094862358870819,0.0963747577318314,0.099527786299948,0.0888127122403265,0.0173310225303292,0.0876949740034662,0.0318890814558058,0.1750433275563258,-1.4612488198643605,0.1072796181622769,0.1518857434391791
0,0.0984086833756767,0.1001474660575983,0.0882593039802061,0.088396227460716,0.0790614250056497,0.0146938775510204,0.0408163265306122,0.0424489795918367,0.2179591836734694,-1.2500502980417667,0.0337672682670018,0.0780901936037609
0,0.1076958436370384,0.1085054654405626,0.097426660573122,0.0967163238243281,0.087314383258446,0.0277720633614482,0.1403003497222793,0.0370294178152643,0.2162106562435712,-1.547086469725217,0.0764258162508398,0.110060726187692
0,0.1022527371409567,0.0989286147969776,0.0849252360514526,0.0853188064340689,0.0816130483376891,0.0180270405608412,0.0971457185778668,0.0380570856284426,0.1937906860290435,-1.6889417916198286,0.0519572119316554,0.1274134510738369
0,0.0991786220232777,0.0954631493588735,0.0874637941399013,0.083867276615988,0.0797658963679835,0.0097887686759402,0.1257083977331272,0.0381246780010304,0.1509531169500257,-1.398838329404536,0.0956304437352583,0.1535557499408787
0,0.0986586900228451,0.0972952354681306,0.0877928269368993,0.0856017219178121,0.0822089284809489,0.0312067943906774,0.1431957337546908,0.0821647244716571,0.3328066363815919,-1.4486817217012635,0.0737795237113485,0.1406785640442116
0,0.108933215778073,0.1075373463089517,0.0987824637269658,0.0993293566710345,0.0870910082934568,0.0756455327918535,0.3414353254939993,0.0859498120984361,0.4374469632682749,-1.4825951967308353,0.0767725637886275,0.1385891301516398
0,0.1001896999374629,0.0993581604415887,0.0934031825078864,0.0941343390747232,0.0828614022997638,0.0424628450106157,0.2186836518046709,0.0679405520169851,0.3099787685774947,-1.6187177668112696,0.0433255280784939,0.1187340903411415
0,0.0957224276177797,0.1054485706554786,0.0905717702311193,0.0921863115663351,0.0861807799401196,0.0509554140127388,0.10828025477707,0.0382165605095541,0.3694267515923566,-1.4462928787624192,0.0845861081168636,0.1349250879569698
0,0.1030395522730893,0.1060904857513951,0.093685469834615,0.0932647951158631,0.0854613892287306,0.0310262529832935,0.205515778308141,0.0540970564836913,0.2662423760275789,-1.4884816394200393,0.0709009735344782,0.1450854279658074
0,0.1099355637513564,0.1057526581766466,0.0946534624286919,0.0919825688392561,0.0880277488198717,0.0244988864142538,0.1998090995863824,0.0604517976455615,0.3111676741966274,-1.480637925512337,0.0620640559423644,0.123341801897099
0,0.0998482952806641,0.0898735309016069,0.082364593995378,0.0793177749202336,0.0821080665158166,0.0116666666666666,0.06,0.0283333333333333,0.11,-1.3161205056249905,0.1287505947907113,0.1217857201694302
0,0.1003133379729159,0.096836958928325,0.0852854154212078,0.0837393738079854,0.0823383706514632,0.0163970751163306,0.0620429869266563,0.0396631952138267,0.1446931087968092,-1.3845838760658389,0.0958277514786286,0.1080225194780268
0,0.0979830911511785,0.0991806367956127,0.0879894196862338,0.0892111983696632,0.0794399889282633,0.0184609760555657,0.0913909705721074,0.0369219521111314,0.3099981721805885,-1.637823975071172,0.0506880790633524,0.1203890638577062
0,0.1057129556627262,0.1031857104213934,0.0949684460907983,0.0917411108709754,0.08891853675633,0.0296965784377017,0.2197116419195179,0.0733806757047557,0.3367764148913277,-1.4288245569713087,0.0800049925518187,0.152270060666291
0,0.1059193874375993,0.108901114229292,0.0976962947750315,0.09695047698401,0.0875926336079544,0.03451536643026,0.183451536643026,0.0591016548463357,0.300709219858156,-1.5215102369690796,0.0747163541530149,0.1176742974740348
0,0.0935501178335251,0.1025392881670923,0.0922750950370291,0.0904483853596556,0.0800746750430432,0.0476477683956574,0.1441495778045838,0.3030759951749095,0.3917370325693606,-1.5325153906344195,0.0688283173714795,0.0998235836386543
0,0.096791091210266,0.0989020986749054,0.0918597161652972,0.0880313795718212,0.0818342933549396,0.0124333925399644,0.0905861456483126,0.0319715808170515,0.1888691533451746,-1.5910808843584443,0.0409864732483142,0.1123301583735162
0,0.1020604594978112,0.1057782114363239,0.0967120322913798,0.0962732818657279,0.0867263082984982,0.029940119760479,0.18562874251497,0.028443113772455,0.278443113772455,-1.5325683854397465,0.0632838027051271,0.1373006055934617
0,0.1034960610052477,0.1023255605957316,0.0952100363984003,0.0908584093633745,0.08784526369771,0.0454189506656225,0.1787000783085356,0.1061863743148003,0.2628034455755677,-1.4138873148665108,0.0908913575553338,0.1615204070643604
0,0.1005286764209986,0.0990210049474884,0.0902352481872528,0.0874394838756281,0.0852261334898232,0.0213541666666666,0.1036458333333333,0.0567708333333333,0.2036458333333333,-1.42696377891351,0.0803409660831129,0.1391071331541371
0,0.0958923550948672,0.0964942021947211,0.0910467396793232,0.0880362383491777,0.0814997944063835,0.0179051029543419,0.0859444941808415,0.0286481647269471,0.1781557743957027,-1.32517061705783,0.065962836306635,0.1402281222252266
0,0.0995525699850876,0.0977482480106691,0.0893683181778999,0.0862960661683669,0.0816273122921903,0.0199043062200956,0.108133971291866,0.0405741626794258,0.2063157894736842,-1.491722452564635,0.0648612400640776,0.1470345190581424
0,0.1020649725751162,0.1050353914872655,0.088903066558748,0.0890929159592729,0.0809308139958495,0.0184983677910772,0.0943960826985854,0.0402611534276387,0.2671381936887921,-1.556455664568256,0.0563448829191685,0.1007828486209466
0,0.1092881456680593,0.1055423080963606,0.091655350171665,0.0888132907346835,0.0893986580186426,0.0161366872330327,0.0802088277171333,0.0541053630754627,0.2467963929757949,-1.4751875667074597,0.0818705121402905,0.1300039079310723
0,0.0988049232719342,0.0959976488195731,0.0889286223655204,0.0863225116776907,0.0817443875468471,0.0170430336599914,0.1207925010651896,0.0581593523647209,0.1821474222411589,-1.4259358502578576,0.0749027972016641,0.1407008127852621
0,0.1047221614407802,0.1036954463292487,0.0933546607678884,0.092729438959826,0.0843237241864917,0.0315955766192733,0.1011058451816745,0.0458135860979462,0.2259083728278041,-1.7198129945542608,0.0581007398327983,0.1167808792481649
0,0.1072976916722154,0.1096249914195669,0.0954232474100636,0.0931188715795737,0.0862360445518145,0.0205562273276904,0.1692865779927448,0.1251511487303506,0.4347037484885127,-1.511654334494796,0.0570187308984171,0.1381689809493921
0,0.110847136335907,0.1118424218017541,0.0906651059343447,0.0880703178760396,0.0824139117371584,0.0322349570200573,0.1404011461318051,0.0522922636103151,0.4047277936962751,-1.601349421483585,0.0638601322585738,0.1012146587825665
0,0.1018598909646761,0.1017757923254059,0.088629772939173,0.0886550885980142,0.0820061142491587,0.0284629981024667,0.1176470588235294,0.064516129032258,0.2333965844402277,-1.5006875278251708,0.0494231610405475,0.1187733135426308
0,0.0945038447370218,0.0983683430971766,0.0883091806937049,0.0865439679922188,0.0795306288891457,0.0211132437619961,0.1420345489443378,0.092130518234165,0.54510556621881,-1.4092426628064498,0.0814078087839145,0.1366729470655148
0,0.1098524613559684,0.1106706378686396,0.0989476304457509,0.0970834879109922,0.0910281351573652,0.1929788117989198,0.6385542168674698,0.2482343165766514,1.0934773577066887,-1.4293432579023824,0.0904738181552336,0.1590129927741392
0,0.1041844648553919,0.0983466265096013,0.0908366559165792,0.0881574018710645,0.083048187122407,0.0326633165829145,0.1381909547738693,0.0766331658291457,0.3115577889447236,-1.5791885342750132,0.060761909635535,0.0920181268101133
0,0.0936904585380358,0.0891309469989856,0.0827796003579489,0.0796963361314182,0.0775434672643879,0.0112928348909657,0.0782710280373831,0.03952492211838,0.1676401869158878,-1.5123469268615908,0.0577789130870591,0.139200604177522
0,0.0977476147959436,0.0969249907795593,0.0898522934059637,0.0867042770081102,0.0817067904282393,0.0022238695329873,0.1060044477390659,0.0177909562638991,0.2164566345441067,-1.6998031303546224,0.0295401970130621,0.0873734967980912
0,0.0911576281449141,0.0861033426521688,0.0810114284694584,0.0771662727955116,0.0741809449400268,0.0088477780012065,0.0731952543736175,0.0254373617534687,0.1517192841343253,-0.9428230073044208,0.1391858245807566,0.1320211667969337
0,0.1018424777064562,0.1005396467743902,0.0902381296329551,0.0884523447185597,0.0820927688316514,0.0090237899917965,0.0683962264150943,0.0378383921246923,0.2025225594749795,-1.5206474935434842,0.0739418137994644,0.1352796360940255
0,0.0961516485442425,0.0881114471616838,0.0828551375898753,0.0801868054610747,0.0777277439633095,0.0097087378640776,0.0728155339805825,0.0809061488673139,0.3268608414239482,-1.5510500139673518,0.0648477772813532,0.0913319662378948
0,0.0978691976826744,0.0953713243750592,0.0901993147783523,0.0863339800308695,0.08084777332825,0.0364842454394693,0.1293532338308457,0.0547263681592039,0.2238805970149253,-1.5190824109968295,0.0627763100367122,0.1393995860268143
0,0.0805484006165895,0.0669827186207925,0.0781630741319333,0.0921604893932583,0.0854385173146021,0.0,0.0,0.0,0.0,-1.6345530807058142,0.0286616526853726,0.1545531991433946
0,0.0955291051457198,0.0946647400833208,0.085490148228438,0.0835626122991502,0.0767273095576871,0.0092542188350571,0.0488114679731446,0.0254037379785882,0.1382689167120304,-1.488581494297129,0.0677692221776115,0.1002638034259647
0,0.1048599291749269,0.1043326710344998,0.0933868409417701,0.0910720629176728,0.0854909721024356,0.0123225877434261,0.1311475409836065,0.0392782484321707,0.2466718010782264,-1.3385732329494022,0.0692444839621444,0.1331309629422267
0,0.0958602871294437,0.088924843027797,0.0819164060667289,0.0846712137922194,0.073049830212561,0.0,0.048780487804878,0.0365853658536585,0.1463414634146341,-1.5072793179085702,0.0636531799950156,0.1255546866855121
0,0.1055620992501726,0.1091680208658988,0.0963937195531106,0.0993407945852487,0.0878606480147826,0.0474474474474474,0.2076076076076076,0.0726726726726726,0.4594594594594595,-1.7123001837366338,0.0354117136946473,0.1355490971962418
0,0.0909653375322328,0.0882808350769348,0.0797281026333614,0.0780769344469911,0.0727839913156981,0.0058224163027656,0.0456089277049975,0.0155264434740417,0.1159631246967491,-1.914157877131656,0.0101071959976599,0.169636609359165
0,0.0964587271524808,0.0943139058796767,0.0890360579719239,0.0845906814330132,0.08017271562924,0.0188679245283018,0.1056603773584905,0.1320754716981132,0.2754716981132075,-1.4606638824452296,0.0826105353705255,0.1358320799509197
0,0.091851634925553,0.0872407195763045,0.0805930731306672,0.0815032180523999,0.0778396102833983,0.0186915887850467,0.0467289719626168,0.0,0.0841121495327102,-1.0228234023314946,0.2406075721992633,0.2309063441346938
0,0.0886710931563192,0.0849135372420792,0.0806945678496652,0.0757704923322058,0.0750605811334454,0.0060553633217993,0.0391435986159169,0.0296280276816609,0.111159169550173,-1.42095849831875,0.0619231554246646,0.1355768092445848
0,0.1018816351299499,0.1037624094412153,0.0929809074557195,0.0910662561856406,0.0868715385473564,0.0188099520383693,0.1059652278177458,0.0586780575539568,0.2202488009592326,-1.358727419589901,0.0932886522290127,0.13659867254088
0,0.086943011611498,0.0854471443908386,0.0802233112795608,0.0753273467786122,0.0722656202087055,0.0161744022503516,0.1130801687763713,0.1250351617440225,0.2485232067510548,-1.4222747661283035,0.0733625989333396,0.1478021343579787
0,0.0951397917194483,0.0911669718944309,0.083015307309508,0.0802964999575981,0.0784964715126851,0.0088865656037637,0.1001916710228262,0.0407736539466806,0.2338386478480571,-1.4189033360153311,0.03764516256317,0.1370699637666625
0,0.0995286250013766,0.0997962955913952,0.0890943495151446,0.086676165510226,0.0849056911271399,0.0078651685393258,0.1247191011235955,0.0674157303370786,0.1876404494382022,-1.6173491355473633,0.0459580618492523,0.1200565940619592
0,0.0933511097312719,0.0985829265805246,0.0857767148304189,0.0896925608265823,0.0789658988830071,0.0588235294117647,0.1,0.1235294117647058,0.2647058823529412,-1.624130338963282,0.0417211446347318,0.088716198750313
0,0.0967442991232748,0.0929200116749749,0.0859545521872466,0.0825371126684521,0.0789983183452881,0.0148869166905239,0.0429430289149728,0.0354995705697108,0.2487832808474091,-1.5080110723289466,0.0393859922280075,0.1201534884483341
0,0.0971009176397172,0.1021857207833755,0.093005271206316,0.0933513237064205,0.08519496790198,0.0227272727272727,0.0454545454545454,0.0,0.1136363636363636,-1.7795112164392268,0.0200712827964266,0.0846502446076586
0,0.1065157236236761,0.1032407261061395,0.0929784613355179,0.0918215759891286,0.0868996833298507,0.0219730941704035,0.145067264573991,0.029372197309417,0.1874439461883408,-1.2307552801094497,0.1040600003137932,0.141992802962392
0,0.1124035199161927,0.1096721574448848,0.0979230252839987,0.0974143526579892,0.0897977717883598,0.0220264317180616,0.2334801762114537,0.0731277533039647,0.4986784140969163,-1.4337940966311868,0.0945461240319709,0.1483985414875421
0,0.1007259175749398,0.0983646495089211,0.0868478254598175,0.087033234349722,0.082191675961136,0.0109890109890109,0.0576923076923076,0.0631868131868131,0.2527472527472527,-1.6278170859089311,0.0320790737461275,0.0807928688113844
0,0.0980396327312096,0.0981837619386978,0.0872311924947755,0.0841394055469922,0.0796020161058249,0.0141025641025641,0.0692307692307692,0.0149572649572649,0.1393162393162393,-1.4490453873297202,0.0769493458900348,0.1462230816486556
0,0.1017718595159622,0.1065586096203437,0.0938407588663732,0.089389491347579,0.0863540397195695,0.06184012066365,0.2458521870286576,0.1357466063348416,0.5233785822021116,-1.3913339546386922,0.0501505902529439,0.121247497166458
0,0.0974359536908724,0.0907645636714132,0.0834822988559241,0.083002619320711,0.080587084200255,0.0072709646146388,0.0542898691226369,0.0271449345613184,0.1706253029568589,-1.391169568954416,0.0568303654577106,0.1098559505541921
0,0.0933419527579374,0.0943982224346878,0.0850029778973733,0.0836081596664994,0.0822526841457271,0.0032362459546925,0.0485436893203883,0.0129449838187702,0.1100323624595469,-1.2469283295287186,0.1209756942877597,0.133697750642756
0,0.1063459610685392,0.094428398485765,0.0867727208961567,0.0784543460613885,0.0819881654540375,0.0201834862385321,0.073394495412844,0.0715596330275229,0.2220183486238532,-1.3645854129092767,0.1191722195948983,0.1053912264400124
0,0.0916344645263369,0.0858915849024505,0.0812249669532286,0.0750177221309286,0.0760576392349447,0.0051691729323308,0.0831766917293233,0.0648496240601503,0.1701127819548872,-1.4073066187278245,0.0859094383909749,0.1381439889416996
0,0.0900753996383799,0.0859259004798562,0.0795984241952148,0.0795460691540316,0.074311895231252,0.0072886297376093,0.0510204081632653,0.0262390670553935,0.1559766763848396,-1.5242655278786803,0.07209564885621,0.1350567751975254
0,0.1025317479217692,0.1046656436514535,0.0930692696712613,0.0887560187439777,0.082329915100935,0.125,0.0625,0.25,0.6875,,,0.1107535942566616
0,0.0993810229090881,0.1015328499768083,0.0912297914113608,0.087263619894129,0.0871891655766378,0.2196969696969697,0.4090909090909091,0.6363636363636364,1.0909090909090908,-1.0824684993411031,0.0456810577264764,0.1261613960262451
0,0.1033305430188042,0.1065114437160188,0.0994751578030487,0.1009045092113467,0.0900688913289202,0.0400390625,0.072265625,0.033203125,0.14453125,-1.50109227286572,0.0647073544041442,0.1484739249614281
0,0.104008304555054,0.1048729878241813,0.0959623311182748,0.0933682628863956,0.0881817046673717,0.0167364016736401,0.0972803347280334,0.051255230125523,0.1621338912133891,-1.3679448722122725,0.1177400471405184,0.1412229832084031
0,0.0964882591660681,0.0928513337030726,0.0875199004510359,0.0843654378572403,0.0797051669305795,0.026378896882494,0.1223021582733813,0.0407673860911271,0.3836930455635491,-1.3276699221767678,0.0677355100041871,0.1005726142988807
0,0.0872953130299474,0.0864725414796382,0.0841004960743124,0.077748313350927,0.0734412075083261,0.0079844872818524,0.0530398083723052,0.0281738336945363,0.3199498117942284,-1.4480257975174564,0.0613603456592642,0.1080266349060266
0,0.1042940826772023,0.1000916391681972,0.092837084825509,0.0921585951840524,0.0859324082339853,0.0206611570247933,0.1322314049586777,0.1322314049586777,0.5578512396694215,-1.5974727378954137,0.0443907319275722,0.1044035212407866
0,0.0946457285701279,0.0949212857479249,0.087326752098589,0.0852117188506113,0.0763136870938703,0.0071530758226037,0.0740343347639485,0.0398783977110157,0.1643419170243204,-1.5550793127766138,0.0470305873751735,0.1167560069476505
0,0.1017990335753242,0.0935080463932804,0.0966612375878774,0.0895890237814582,0.0879070771569553,0.0,0.1044776119402985,0.044776119402985,0.1940298507462686,-1.6918852959121418,0.0372178157413056,0.1485857136258599
0,0.091632029120094,0.0869256748856084,0.0818401362040394,0.0777762375830196,0.0739903029685569,0.0029895366218236,0.0680119581464872,0.0254110612855007,0.1367713004484305,-1.6913795657486912,0.0293680010761566,0.1399719489475162
0,0.0946861402964618,0.0876612119817211,0.0805442437221679,0.0792109262231031,0.0756805572495166,0.0048899755501222,0.0244498777506112,0.0146699266503667,0.0953545232273838,-1.2939074802945068,0.1747217313250584,0.1383077597709371
0,0.1012673457585734,0.0991656408383871,0.0931755971219956,0.0895001539333956,0.0873648327077894,0.0355263157894736,0.1197368421052631,0.0864035087719298,0.2416666666666666,-1.1423979422330386,0.1973379223366264,0.1468266620009858
0,0.1081121573311257,0.102860694623994,0.0949448488790001,0.0944378342527767,0.0850782376769984,0.0296296296296296,0.1629629629629629,0.0666666666666666,0.2740740740740741,-1.656270832108439,0.0613137922864053,0.1397244709451592
0,,,,,,,,,,,,
0,0.1052606819188778,0.1030808651682004,0.093631241888375,0.0911062134931325,0.0881902031025131,0.043103448275862,0.1623563218390804,0.0545977011494252,0.2729885057471264,-1.3820747038251529,0.0537081312715353,0.1296335653139209
0,0.0991843568453504,0.0964121100133912,0.0876292811265764,0.086726382650337,0.0820050088073547,0.0141271442986881,0.0877901109989909,0.0837537840565085,0.2330978809283552,-1.411481961796039,0.0487955594587977,0.0976088936411011
0,0.0947163666094461,0.0895147147466289,0.0841984161341266,0.0801970227628255,0.077818911860229,0.0227395776935571,0.1775852734163508,0.0373578776394152,0.2079047103410936,-1.5114987722314093,0.0727394770464259,0.156186200461759
0,0.0984864874175051,0.0950788962916023,0.093584634638416,0.0894260889340694,0.0787561190575042,0.0273972602739726,0.1232876712328767,0.1917808219178082,0.273972602739726,-1.5211688473005918,0.0656647211577887,0.1582679367343751
0,0.1013816054077627,0.0985802787059077,0.0926787804894431,0.0914265918089027,0.0835481192668486,0.0062098501070663,0.0871520342612419,0.0295503211991434,0.1588865096359743,-1.4930835063091998,0.0774281454178558,0.1192553090621373
0,0.0910683588044925,0.0907826742652078,0.0815902050557871,0.0813144223186603,0.0713092375618702,0.0023255813953488,0.0255813953488372,0.0069767441860465,0.0813953488372093,-1.4350058482055816,0.0662739021336646,0.1375210205889226
0,0.0972073340247308,0.0947212822039787,0.0861677317344055,0.0845512652887255,0.0786846325621617,0.0092535471930906,0.0425663170882171,0.0481184454040715,0.095619987661937,-1.6461254555268494,0.037621110978554,0.1015767829135335
0,0.0976088973751866,0.089337847505396,0.0838811463941895,0.0797630361370446,0.0806894007899634,0.0175233644859813,0.1039719626168224,0.072429906542056,0.308411214953271,-1.740796399147824,0.0229760883046172,0.1068418904638743
0,0.0957298084892249,0.0888155782076916,0.0850388629889921,0.081378999036423,0.0778647870753294,0.0185185185185185,0.0858585858585858,0.0925925925925925,0.2255892255892256,-1.454982559188323,0.0772050601699283,0.099293556468542
0,0.106802122018312,0.1029006702864765,0.0950747575834943,0.0937458989358629,0.0886423148521459,0.0555555555555555,0.1805555555555555,0.0902777777777777,0.349537037037037,-1.2827294992851428,0.065872929477327,0.1168584558734888
0,0.1043039375264324,0.0942499289298875,0.0891527389850548,0.0815914155945175,0.0837599817698938,0.0052287581699346,0.0679738562091503,0.0758169934640522,0.2745098039215686,-1.5447071348725796,0.0567076844043299,0.0803646150783367
0,0.1012949842171475,0.1016218124280541,0.0939149463676245,0.0896482501278577,0.0856452361168337,0.0142109199700822,0.0810271752680129,0.0266766392420842,0.1785090999750685,-1.5030469089310263,0.0741681962507019,0.1350573732384757
0,0.0889061972050851,0.0842454240002307,0.0839356674019387,0.0727160618971675,0.075449361440026,0.0039946737683089,0.0439414114513981,0.081225033288948,0.2103861517976032,-1.313740128613104,0.0662992829049341,0.1043966608560744
0,0.0907375361966119,0.0872906249659031,0.082298976226237,0.077922706275352,0.0743527795750629,0.0092923516797712,0.0625446747676912,0.0500357398141529,0.2501786990707648,-1.5108671952247656,0.0581735718544432,0.1023640397108302
0,0.1030742134147862,0.1046035898188667,0.0944711240795953,0.0941209840739415,0.0875715430049468,0.0609756097560975,0.2195121951219512,0.0609756097560975,0.6097560975609756,-1.4372662597080752,0.0767686573914589,0.1363830322231544
0,0.0922839178734309,0.0929283356362679,0.0850068617612587,0.0823015566344045,0.0770734244397653,0.0279329608938547,0.0949720670391061,0.0223463687150838,0.2067039106145251,-1.3099967162054005,0.0725331502305416,0.1175331318404502
0,0.0960685439155779,0.0933080963334239,0.0862298732971974,0.0841947186291885,0.0803296667073906,0.0062520565975649,0.0667982889108259,0.0404738400789733,0.1303060217176702,-1.469966685731419,0.0530891285389558,0.1165833042501535
0,0.090634561142198,0.0947855029566449,0.0871082198534675,0.0827009134588449,0.0762780395362102,0.0205479452054794,0.0684931506849315,0.0684931506849315,0.184931506849315,-1.4013125716093393,0.0954391832598934,0.1227142520239978
0,0.0975555546661396,0.1012389276602607,0.0904831811257183,0.0891455242712669,0.0833571221045393,0.0318471337579617,0.0939490445859872,0.0668789808917197,0.2452229299363057,-1.425019077852907,0.0683750297017079,0.0862138606638459
0,0.1026749969763903,0.096425512826315,0.0876425446404596,0.0838773665168955,0.0794262058582905,0.0112834978843441,0.0660554771979313,0.0326751292900799,0.1234132581100141,-1.6583872097388863,0.0440735707582647,0.1120888532848404
0,0.1083232512739713,0.1027797734072901,0.0943725264693545,0.0871149374934188,0.0843144725288014,0.0,0.037037037037037,0.0,0.2407407407407407,,,0.1678726384239925
0,0.0878363136683259,0.0825394664721659,0.0786581063844511,0.0753270484326477,0.0726678994588478,0.0128644939965694,0.0737564322469982,0.0411663807890223,0.1672384219554031,-1.391913404038841,0.0801852018387408,0.1283734727917706
0,0.0975639404852028,0.0944002998248271,0.087832673282727,0.0849422207580594,0.0761680404212505,0.031413612565445,0.1727748691099476,0.0785340314136125,0.2722513089005235,-1.5078287860944986,0.0545290005449652,0.1028892292826191
0,0.0948277754239471,0.090275585236892,0.0840667941778121,0.0806030952286184,0.0785114247442596,0.0065597667638483,0.0809037900874635,0.075801749271137,0.2470845481049562,-1.368326195077758,0.0837535720676327,0.1325659063240853
0,0.0992535630357301,0.0980539928099063,0.0867606221022502,0.0860373610654029,0.0793573181249806,0.0082051282051282,0.0405128205128205,0.0343589743589743,0.1507692307692307,-1.571851299252393,0.0302714815133564,0.0772868948428412
0,0.1034390949456826,0.0960316233483943,0.0904626901964112,0.0898920055194962,0.0857624895681234,0.119047619047619,0.2619047619047619,0.0238095238095238,0.1666666666666666,-1.3683403825007083,0.052102570818067,0.1640453941353633
0,0.1089754281431459,0.1076235994400334,0.0979938723778982,0.093721002291898,0.0936219026936756,0.0330882352941176,0.2536764705882353,0.1213235294117647,0.4558823529411764,-1.4279048555896572,0.1122204845703284,0.1494158966627075
0,0.0786223229998919,0.0873818771400623,0.053004039945791,0.0433578463111914,0.0503723832904945,0.0,0.0,0.0,0.0,-1.6787121190469383,0.0548333047529223,0.1365915269363048
0,0.0962338380509909,0.1001365709018433,0.0917348645466188,0.091126822212929,0.0787186836657777,0.0268123138033763,0.1509433962264151,0.2671300893743793,0.5263157894736842,-1.561950155766456,0.0432301282444264,0.0930073335629917
0,0.091862289371125,0.0839497778519861,0.0803664949502143,0.0776189094993249,0.0766680521101201,0.0129870129870129,0.0357142857142857,0.0357142857142857,0.1136363636363636,-1.3660112269688565,0.1274233815044543,0.1058568423499621
0,0.0863024615174958,0.0837407469485546,0.0806609843015001,0.0776783847857204,0.0737737821724618,0.0099916736053288,0.0341382181515403,0.02248126561199,0.0949208992506244,-1.5217615919431473,0.0771220244554759,0.1726452173361047
0,0.0968350029145427,0.0946396801216466,0.0907541135171299,0.0887723175944755,0.0807273195878246,0.0287253141831238,0.052064631956912,0.0736086175942549,0.2357869539198085,-1.5201598781116032,0.0649328665423394,0.1369550713143119
0,0.0998442479112732,0.0971803555673135,0.0887049346453911,0.0871947503482926,0.0827563324750481,0.0182954038375725,0.0999553770638108,0.0428380187416332,0.180722891566265,-1.5316021040910708,0.0616357714665775,0.1439775327179443
0,0.0913368008366216,0.0885786611676244,0.0799263597497617,0.077505954761132,0.0808850348518255,0.0217391304347826,0.0652173913043478,0.0434782608695652,0.217391304347826,-1.4875740738152032,0.0753609189934337,0.1514992175151085
0,0.0923754146593582,0.0932987727292765,0.0862699531555399,0.0838469343004719,0.0772741147921367,0.0085106382978723,0.1148936170212766,0.0921985815602836,0.2936170212765957,-1.5793509393681984,0.0201605934626887,0.0662563910866438
0,0.0491484985470781,0.0631420895762978,0.0490591538178292,0.0486575030796906,0.0486329015039442,0.0,0.0,0.0,0.0,-1.6685613625423743,0.0478897184584344,0.1036422264041023
0,0.1006067598382411,0.0924422405531374,0.0869614702846615,0.082993535197756,0.0776513561116598,0.019047619047619,0.0585034013605442,0.0598639455782312,0.2068027210884353,-1.8370262988374488,0.0202134779682419,0.0990436113854056
0,0.0910491543083242,0.0879116791462741,0.0804324815962694,0.0779326611045489,0.0759513791006246,0.0147878268324046,0.0437205315045006,0.0342906129447063,0.1238748392627518,-1.190914861938081,0.1223707199441601,0.1327276226503508
0,0.0967173267492711,0.0924369596988864,0.0825808202545341,0.081782648405409,0.0782370894522153,0.0085769980506822,0.0580896686159844,0.0274204028589993,0.1128005198180636,-1.903651974247465,0.0082808914696372,0.1436862384094623
0,0.0909741862055518,0.0848626199865046,0.0798780132685859,0.0773449255070701,0.0720149091436146,0.005019305019305,0.0305019305019305,0.0131274131274131,0.1023166023166023,-1.930381844826605,0.0103002597847396,0.1759420080801628
0,0.1030734820087244,0.1008598653230409,0.0948159422962833,0.0895822899129079,0.0880869048502659,0.019988577955454,0.118675042832667,0.044774414620217,0.1885779554540262,-1.453289807564843,0.0799682573003855,0.1543641014989551
0,0.1013931866236216,0.106656453564898,0.0939712698254558,0.0911857351768094,0.0858406717724181,0.0292397660818713,0.1578947368421052,0.0467836257309941,0.2807017543859649,-1.4737287853635812,0.0788479646600116,0.1585093881324455
0,0.073844239318024,0.0779541122888458,0.0661203384319899,0.0761411077179953,0.0636794674486561,0.037037037037037,0.1111111111111111,0.037037037037037,0.1851851851851851,-1.186906377204885,0.1610074626865671,0.0948489118981417
0,0.1019980633621875,0.0945743350333649,0.0887763635483434,0.0845068179205798,0.0824722627524209,0.0246349458627197,0.1317174927982517,0.0971491010231449,0.2404887255388894,-1.3161669539980778,0.101171876826339,0.1343487791669394
0,0.0912940998286175,0.0880834111679758,0.0806945579356645,0.0772918722706515,0.0765438532733553,0.0068754774637127,0.0611153552330022,0.0412528647822765,0.1222307104660045,-1.494401431885634,0.0562370724049513,0.1233020621653573
0,0.0772416981739844,0.0784791354120464,0.0754958751868418,0.0815133455303972,0.0602578097731856,0.0,0.0,0.0,0.0,-1.1443298969072164,0.0515463917525773,0.0721241752481842
0,0.0940050682358655,0.0984985723350554,0.0870680179597272,0.0862189159812406,0.0757487879341338,0.0186046511627906,0.027906976744186,0.041860465116279,0.1720930232558139,-1.2556582302542962,0.0677179251519961,0.1069930428232456
0,0.0978942452825713,0.1010919807480231,0.0915533783697604,0.090527840192493,0.0829684409186841,0.0282618935468676,0.1276495525200188,0.0607630711257654,0.2656617993405558,-1.6152501208744476,0.0426406861020863,0.1216480297191438
0,0.0912149720113428,0.0914873713555259,0.0846934573640956,0.0844849866416494,0.075955094073556,0.0192878338278931,0.1275964391691394,0.029673590504451,0.2433234421364985,-1.4719887422604314,0.0690636031732414,0.1414580057323464
0,0.0925223714510405,0.0885398020622478,0.0819840118771012,0.0783370285885836,0.0763034221507302,0.0067720090293453,0.04627539503386,0.0536117381489842,0.1817155756207674,-1.3411471117127964,0.0454490316105254,0.1239236673498546
0,0.0964445446960932,0.0916110018315007,0.0822927496318644,0.0807907834397545,0.075483548404999,0.0131274131274131,0.0814671814671814,0.025096525096525,0.1386100386100386,-1.7392667296526103,0.0343167607964536,0.1448086101076849
0,0.0996442998472288,0.0933258264055687,0.0840480587977305,0.0837531028747491,0.0787867546663328,0.0434782608695652,0.1043478260869565,0.1217391304347826,0.1913043478260869,-1.25535831756186,0.0761586569835424,0.131900948967136
0,0.0519957662698231,0.0519641003637511,0.0462721090939653,0.0509576846506839,0.0433526636106864,0.0069495245062179,0.0058522311631309,0.0040234089246525,0.0117044623262618,-1.8074773937516693,0.0201904089719998,0.0904566805232823
0,0.0956502435712246,0.0933882930531813,0.0853218999203236,0.0818736568557163,0.0792433545236886,0.0096034145473946,0.0410812733416325,0.0220522852569802,0.1435176951805086,-1.6130609620421488,0.0524176160216855,0.0897834701856139
0,0.0940708399815185,0.0975770899806841,0.0904090982015634,0.0864337950091205,0.0800235259085722,0.0396039603960396,0.0445544554455445,0.0099009900990099,0.1732673267326732,-1.5672299326620305,0.0712750863276508,0.115434140353354
0,0.0973994225719681,0.1003092528478273,0.0930779354191541,0.0934921779205725,0.0818511840832345,0.0338028169014084,0.1605633802816901,0.1154929577464788,0.4816901408450704,-1.4499253022273395,0.0402243012144562,0.1307347399941675
0,0.1057334770416942,0.0988937966473224,0.0872641858285495,0.0795075999189189,0.0837093815855027,0.0909090909090909,0.1363636363636363,0.0681818181818181,0.2272727272727272,-1.4270523355302565,0.1102855858742982,0.161229086628611
0,0.0946223832420709,0.0912232235553827,0.0876803004825518,0.0833723534086326,0.0786244300734253,0.0109890109890109,0.0514748409485251,0.0370156159629843,0.1769809138230191,-1.557366537051278,0.0577274637948174,0.1065499144100137
0,0.0943513791524137,0.089729748373591,0.0864364179018611,0.0853345694078394,0.0784751024887821,0.0141843971631205,0.0591016548463357,0.0401891252955082,0.2364066193853428,-1.3709604868924654,0.0874607815545678,0.1240229594931728
0,0.1035303238040014,0.1037630628039889,0.0944753309152317,0.0926125090387011,0.0828802406467237,0.04199604743083,0.1605731225296442,0.0800395256916996,0.375,-1.6047946276360474,0.0603249325785355,0.1202558599704013
0,0.102347287708204,0.100170892766324,0.0905196056389951,0.0896388658827184,0.0825355964301499,0.0116144018583042,0.102787456445993,0.0609756097560975,0.2195121951219512,-1.3964644038207743,0.087613746049848,0.132852246327117
0,0.1027485987412721,0.0962379529913332,0.0874851197286375,0.0848922163660237,0.0839974030942904,0.0223606630325953,0.0952275002781177,0.0492824563355211,0.2780064523306263,-1.2391616038263085,0.1205738933095626,0.1226904726958933
0,0.1010433175294477,0.0926723678164298,0.0861644577122483,0.0820252876301284,0.0823126695144912,0.0288220551378446,0.1303258145363408,0.0952380952380952,0.3320802005012531,-1.3519970590533172,0.0848328956056473,0.0883261139030787
0,0.0970619399992162,0.093918227364229,0.0896010180534063,0.0831033012277902,0.0800666745493172,0.0216606498194945,0.0667870036101083,0.0685920577617328,0.3772563176895306,-1.5282117326249454,0.05889003375678,0.1147004202891276
0,0.1048223221498373,0.1059905117939387,0.0946032341512808,0.0905905136420568,0.0834494070670476,0.0324189526184538,0.1645885286783042,0.0872817955112219,0.341645885286783,-1.4178439648730468,0.1300312280643293,0.1158299881324646
0,0.0970206120514916,0.0948939184255835,0.086198789269855,0.0857891624600376,0.0766519922367689,0.0087950747581354,0.0343007915567282,0.0140721196130167,0.1706244503078276,-1.4834041034555494,0.0554601225322797,0.1158480224256786
0,0.0773428610963,0.0802270816255405,0.075707631144221,0.0746982283128251,0.0631866393674032,0.0216216216216216,0.0432432432432432,0.127027027027027,0.1864864864864865,-1.204872628850131,0.0628972528209661,0.0964686299550131
0,0.0964662154462309,0.0874381508323376,0.0842915749771937,0.0837359575379972,0.0754326267788705,0.0080693968125882,0.0375226951785354,0.0217873713939883,0.1682469235424652,-1.5729539358246067,0.0609879086863475,0.1034305961650926
0,0.0971055795903923,0.0965836756496783,0.0886352320855836,0.0872947282482611,0.0790569684129521,0.0224078997341435,0.0938093429548044,0.0721610330421572,0.3383972654766426,-1.5780829290827618,0.0246936468236757,0.0780104613740018
0,0.0942912282538742,0.0981097325155091,0.0883039548408467,0.088593175997624,0.0776082940882136,0.0115473441108545,0.046189376443418,0.0346420323325635,0.1986143187066974,-0.7079483666807079,0.0233954774561986,0.0550751259417468
0,0.0874025947235724,0.1083388108497707,0.0923807023600892,0.0943530565934043,0.0778378349387788,0.043385566570728,0.0605479160004263,0.255836264790534,0.316170983903635,-1.6836610419324711,0.0474506543219709,0.0788620528041831
0,0.0940430230560854,0.1121492493579901,0.0931675982212619,0.0954140676283447,0.0827874258279898,0.0835327908089995,0.0765916706558161,0.3676400191479176,0.1809478219243657,-1.7575768381997408,0.0288328581697286,0.0780282867864192
0,0.1059912695632191,0.1156475323248169,0.095170234251507,0.0996373061033339,0.0869325881622167,0.0196896904780656,0.067456879577853,0.0180751358588642,0.1375521776797668,-1.623294709369202,0.0549160952587122,0.1229101933669129
0,0.1034645788648786,0.1015318712391337,0.0891078269887974,0.0888581343540032,0.0816606276003449,0.0090148941729814,0.0550039195192056,0.0121505095374967,0.1114449960804808,-1.4139048758695325,0.0962349801812588,0.1244363536925229
0,0.0859997940054332,0.1145975899480278,0.0940242918693872,0.0955538977999696,0.0794053417007088,0.0322496067121132,0.037231253277399,0.5,0.5070791819611956,-1.6763004789966618,0.0572828476518205,0.0663736995300217
0,0.0914954930271249,0.0967340835335566,0.085091342563699,0.0836707566849342,0.0808968564276165,0.0163771712158808,0.088833746898263,0.0890818858560794,0.1070099255583126,-1.4141338735296414,0.0813807951069187,0.1451894600741319
0,0.0894943907052897,0.0930207137556413,0.0845755642936393,0.0843683536828184,0.0760733560108228,0.010372178157413,0.0555216595485051,0.0445393532641854,0.1580231848688224,-1.6528050260448337,0.0439978895014614,0.1173748749725235
0,0.1006724402281555,0.0983192985023352,0.090129370639267,0.0881384174472077,0.0821287816966427,0.0594569505685773,0.2144349036899512,0.1033650498955674,0.3896495706660478,-1.4916519660057723,0.0736821009535887,0.138708611678782
0,0.0948576808290014,0.1114990060491063,0.0944045339349852,0.0991790899211532,0.0846701228924359,0.0487054409005628,0.1927954971857411,0.1578986866791744,0.2986116322701688,-1.6522641295656788,0.0609405868170778,0.1115335397043136
0,0.0988866350746167,0.0931594115914021,0.0843165620923804,0.0820593210037852,0.0793605673272251,0.0113458528951486,0.088810641627543,0.0336463223787167,0.1870109546165884,-1.5254566108627194,0.0759114931532868,0.128502672365636
0,0.1017341807329396,0.1032684843127323,0.0917370873975237,0.0899702311723044,0.0849162174756742,0.0126035289881166,0.1289160965070219,0.1371984155563557,0.2481094706517825,-1.4138284319165342,0.0589143938120019,0.1222921619553505
0,0.0904227686873304,0.1060709816432108,0.090988124218384,0.0923407127129711,0.0796200506426486,0.0147148988350705,0.0392397302268546,0.5328019619865113,0.082158185162477,-1.6611033249328728,0.0539834754047273,0.0931577740439848
0,0.1014420809003997,0.1025974415557167,0.0908669546380081,0.087761157990533,0.0833586412814905,0.0153535980148883,0.0932071960297766,0.0663771712158809,0.2496898263027295,-1.0838958764468851,0.2304575434758452,0.146252694007864
0,0.093101412221222,0.0963098671025743,0.0867143447107354,0.0836659053063521,0.0774837872282454,0.0018832391713747,0.0527306967984934,0.0263653483992467,0.1506591337099811,-1.7169181586111413,0.0456983129980215,0.1236492844592337
0,0.0986971021373392,0.0962272980972045,0.0869501756667917,0.0832027579898781,0.0796607871223989,0.0148627906106098,0.0988356856725693,0.0471341394930927,0.2356706974654636,-1.5106227775230827,0.0664318285445293,0.127334649841162
0,0.0948076047743117,0.0944020331012984,0.0854642684002101,0.082041685533724,0.0796007252910502,0.0065967092863328,0.1084127145840762,0.0305766389893535,0.1545769446283938,-1.1532878052808944,0.0986356001490338,0.1273230163144369
0,0.101242420366313,0.1016002084205536,0.0925885523360079,0.0906868299936564,0.0848121194227997,0.0182235361602612,0.1262410095750783,0.0355645766226889,0.2015620173851652,-1.4743801217679025,0.0725963228248414,0.1459484171631214
0,0.104278191860517,0.1066251657625673,0.0957302262898293,0.0925165061131717,0.0884388549515213,0.0507449311078749,0.2369216982188865,0.1253500616108435,0.4004704828049736,-1.2881468423633389,0.1367937344548783,0.137718476578329
0,0.1032563444958067,0.1062636035266051,0.0956547740212347,0.0936375755252398,0.0865542436843338,0.0167649654019412,0.0986392978219477,0.0290716574559977,0.167417452282543,-1.346703034004339,0.0883616545021025,0.1479871980654802
0,0.1009207907406863,0.1032000574052018,0.091919494746133,0.0913400775481133,0.0831287968998149,0.011174384871602,0.0703771354894165,0.0237455678521542,0.1200171913613409,-1.4986404802714106,0.0728430020833221,0.1189301437155939
0,0.1096728558200049,0.1148395953932343,0.0971011105613082,0.1002686428960562,0.0878901182460133,0.0460453844459132,0.1585150914298303,0.0551883674818241,0.359330248953514,-1.2888038396171326,0.129118583739336,0.1469710541806297
0,0.1003689121291656,0.1000588199908482,0.0895156869526521,0.0883376522506047,0.0832074210344103,0.0148169187436389,0.0762621600511254,0.0264384955856943,0.1399323060900849,-1.1836395580919274,0.1613851011331848,0.1432254080826025
0,0.1015623928177514,0.1001050836389933,0.0915639630798831,0.090485108645065,0.0834266948964472,0.0164727710360044,0.0811603650586701,0.0275799819476481,0.128748370273794,-1.4550809352005258,0.0955108628520354,0.153733423812059
0,0.1007106333482669,0.0998510179297925,0.0884486721899507,0.0867165268393252,0.0838505641843501,0.0118494795836669,0.0563650920736589,0.0236989591673338,0.1242594075260208,-1.5503774064187088,0.0452813681035582,0.1173837727001053
0,0.0826943026910981,0.0831745047908691,0.0738026924391296,0.0718593365269209,0.0666599169897867,0.0070529927563858,0.0200152497140678,0.0116279069767441,0.0773922988943957,-1.1371901811279854,0.060401337900732,0.0934472174355009
0,0.1026924596367075,0.0978838058539665,0.0902832201169975,0.0869910472370206,0.0825202928505786,0.0094880225457961,0.063879755753875,0.0266791921089713,0.1623297322686707,-1.7989599436993282,0.0355786733851664,0.140741296983087
0,0.1027503420416206,0.1043018008763145,0.0920763931489857,0.0908237596810084,0.0871236177838636,0.0125592417061611,0.0934834123222748,0.0388625592417061,0.1516587677725118,-1.537954427421166,0.066361107769362,0.1437040163119111
0,0.0951278706293047,0.0955824910109779,0.0862683888321964,0.0853422717840721,0.0798362345162327,0.0250879952070695,0.1179510222421927,0.0581891709728151,0.2426421028982251,-1.5682642406706486,0.0668384144936497,0.1299042124533366
0,0.1018194239898202,0.1006351389700836,0.0883809426638004,0.0969246403578861,0.0791792903072241,0.0716143284583764,0.1510024887447219,0.063504935544308,0.2270909650177567,-1.3518386953141688,0.1179324123731385,0.1252168241548047
0,0.1040582227605998,0.1021623342582393,0.0929822948475582,0.092509427634664,0.0851192726899035,0.0331922477166406,0.1405658275785253,0.061038093116507,0.2811316551570506,-1.1184517749392586,0.2081262246210733,0.1505435100672664
0,0.1052901003946978,0.1051770831543791,0.0961908703854482,0.0963437779857634,0.0878501158284939,0.020671834625323,0.1377702149114514,0.045377197958026,0.1674544652423268,-1.4479064837053353,0.0873138400746374,0.1462373133451041
0,0.1008655497671855,0.1011991652963897,0.0902283739977582,0.0891219852103833,0.0843896490429396,0.0233393177737881,0.1375673249551167,0.03254039497307,0.1595601436265709,-1.4441368714754108,0.0838773858927354,0.1492894856929741
0,0.105145308302141,0.1071920720194452,0.0935516235436768,0.0927501898629665,0.0886824601232008,0.0362595419847328,0.1173664122137404,0.0639312977099236,0.2294847328244274,-1.4449698718415191,0.0774519810054396,0.1478267276653664
0,0.085873400419268,0.085128177078479,0.0776507987939197,0.0745170013438183,0.0733728718431025,0.0062909567496723,0.0576671035386631,0.0185452162516382,0.10478374836173,-1.3607618285747898,0.0908585356468491,0.1746396277472161
0,0.0960314000801883,0.0941210007171096,0.0879968884763322,0.0847569001997289,0.0795000940694009,0.0130552459799395,0.1042827575226874,0.0503104601178156,0.1483840152841904,-1.4907488695783746,0.075559537000867,0.1604411411594844
0,0.1105087435954085,0.1098978514282393,0.0987700620414753,0.0965040635276585,0.0925378544764221,0.0257418662853056,0.2281015373614587,0.0511262066499821,0.3364318913121201,-1.492884900580788,0.0763704616201341,0.1575318289911746
0,0.1081558005830068,0.1026736003325626,0.0957595640962648,0.0891123863569658,0.0882130481778377,0.029390766301761,0.2626130414088529,0.1043550690147548,0.444550214183722,-1.0015275091878728,0.2451066298215319,0.1553662853246588
0,0.0923102314960331,0.0897471762873715,0.0846258242356207,0.0807041237626899,0.077968591693611,0.0138109624514458,0.0850237375917134,0.0345274061286145,0.1212775140267587,-1.536338292404554,0.0722791309239632,0.1496698593714555
0,0.1052897592455566,0.1084820704317006,0.0956588984616593,0.0949588130490108,0.0864050632699913,0.0280016116035455,0.1443056674724684,0.0478109051839914,0.3176201987644372,-1.4661468949973928,0.0912650959321391,0.1344353961325217
0,0.094452300137422,0.0922642653078507,0.0840699090827594,0.0806130755921819,0.0794699439226568,0.0115449709864603,0.0650991295938104,0.0255077369439071,0.1046905222437137,-1.346334635358896,0.1139967570240705,0.1541052929325273
0,0.0959235479520931,0.0946055846116897,0.087472339178964,0.0840882856975197,0.0809011892650837,0.012119226989846,0.0858172289551261,0.0340648542417294,0.164755977726826,-1.3637931439958253,0.1108039261894111,0.1249492557118111
0,0.1066946257569368,0.0983609090814497,0.0902035188726463,0.0889914209032923,0.0859413827781542,0.0231319687135962,0.1447828257613579,0.041729073057081,0.1771925445165585,-1.3548157399333822,0.1311191402234008,0.1536435841624599
0,0.106709336927366,0.1024561396593857,0.0934992998624208,0.0914708536515361,0.0880843038792793,0.0193903048475762,0.1175912043978011,0.0414292853573213,0.1737131434282858,-1.3160824862658222,0.0632933162133822,0.1482619368166288
0,0.1029589951415644,0.1005388388400157,0.0926257447965095,0.0901436267621206,0.0861774017036412,0.0118097669964889,0.0711777848707309,0.0239387168847749,0.1292690711777848,-1.3587012082855454,0.0975620789859509,0.1604825624019526
0,0.1004085540479131,0.0976583016156231,0.0881279592757431,0.0896418925520988,0.0805169372312385,0.0093253511397651,0.0341929541791388,0.0170389131936449,0.0984342620308542,-1.64680290944547,0.021482192193997,0.0677237673455048
0,0.1033220102659549,0.0964719349632041,0.0881594962308193,0.0860868822040528,0.0834036367708156,0.013180192054227,0.0587459988702692,0.029184710977217,0.1181510073432498,-1.4198041388194624,0.0815386423579824,0.1510894644053848
0,0.1066258744339251,0.1021869404089838,0.0891899017780213,0.0910715832780766,0.0897121255757895,0.0192390139335476,0.0683279742765273,0.0536977491961414,0.3041264737406216,-1.4871435909455095,0.0724147859748781,0.1340913480792543
0,0.0987698757936635,0.101200047972462,0.0909347279568765,0.0878903398163149,0.0839116664472077,0.0322511287895076,0.0943883035906256,0.0986884540958933,0.2371533003655128,-1.171303451516038,0.1823727037200291,0.1372323575411331
0,0.1029111792348827,0.1060298677835084,0.0901847545256918,0.086569802256462,0.0815435267538715,0.0062578222778473,0.0566779903450742,0.0266404434114071,0.2090112640801001,-1.62767433686039,0.0614362453598899,0.1019504609411257
0,0.1043208393603232,0.1009322666419717,0.0917702414149105,0.0909856111178546,0.0855376470089408,0.0246790725445317,0.1219026768832719,0.0522440043785451,0.2702756493183401,-1.4280672718394176,0.0931660557528873,0.1332581952374581
0,0.0914319767104149,0.0877054793831151,0.0805725938003886,0.0787905363006173,0.0760467332329831,0.0106068332483426,0.0592554818969913,0.0348801631820499,0.1244263131055583,-1.5158259396724325,0.0866350162560309,0.1153499724166627
0,0.1014428567303091,0.1007735624250426,0.094253365752203,0.0913154050586153,0.0842983783580642,0.0552380952380952,0.2317460317460317,0.08,0.3663492063492063,-1.1930454974274003,0.1787283734896559,0.151118066680948
0,0.0952091576557576,0.0968492435661259,0.0874891194902544,0.0867742423599805,0.080093016234786,0.0128851540616246,0.0918767507002801,0.0257703081232493,0.1579831932773109,-1.5497543030147487,0.0582750240924072,0.1186655838883533
0,0.1032242447751526,0.1037641620108685,0.0920226567842675,0.0902736888127962,0.0837910277997232,0.0180859080633006,0.0979653353428786,0.0535041446872645,0.2313489073097211,-1.3230787078685808,0.1052492197036475,0.140383181623741
0,0.0891041618628338,0.0860961203603145,0.0775272256217669,0.075669413655536,0.0734811179246793,0.0110694623404006,0.0458592011245168,0.0239252664870563,0.0772226777556518,-1.2932713309530803,0.1294939054218631,0.1480960188616903
0,0.103099891978858,0.1040671289639366,0.0890579730041346,0.0916063955100066,0.0827180487254403,0.0148771021992238,0.0672703751617076,0.0213454075032341,0.1914618369987063,-1.6898017212012957,0.0431419026097057,0.1033221988354634
0,0.1075320880293533,0.1047752962854598,0.0934329867185824,0.0917512697346623,0.0862358666026401,0.0231160425335182,0.1465557096625057,0.0448451225150254,0.2533518261673601,-1.394607937954476,0.09664634602396,0.1354755031041411
0,0.1059627451475022,0.1030890253134259,0.0948525595122009,0.0906522768955346,0.0883828141970765,0.0449481367652708,0.2278140606991932,0.0687668075297733,0.369765655013446,-0.6094309293742669,0.3849015836650181,0.1483721436667562
0,0.0889065852326909,0.0941352314830496,0.0851110982624228,0.0840736838481808,0.0720230460293813,0.0286624203821656,0.0828025477707006,0.0668789808917197,0.1656050955414012,-1.5666576232856333,0.0776832022844715,0.1083193658816217
0,0.0910414269543586,0.0878131379242968,0.0815761179608416,0.0803653096770633,0.0748329556298426,0.0131377940727161,0.0849373663305835,0.0315918117934616,0.2638557897952948,-1.1897364840106868,0.0748396089667598,0.1129499100775686
0,0.1086465422837324,0.1031666624840289,0.0969130042569,0.0931414819090285,0.0907413418323643,0.0337349397590361,0.216867469879518,0.0481927710843373,0.253012048192771,-1.4083395007046795,0.0847663281608571,0.1502740573878881
0,0.0972799209830601,0.0950757470814636,0.0871963319506711,0.0831469997297478,0.080514817337701,0.0227272727272727,0.1076203208556149,0.0842245989304812,0.2526737967914438,-1.5793463688832832,0.0583818455091206,0.114019417257666
0,0.1132605601286289,0.1106853063843622,0.0985205070628073,0.098330844417678,0.0942115830495447,0.0849848841115216,0.2848505206583809,0.1202552905609674,0.4208935169633859,-1.4405774465934704,0.0875577582160685,0.1421054232875946
0,0.1096316497205027,0.1038738058430838,0.0921834419092707,0.09355174340131,0.0864922144091034,0.0264097073518915,0.0881513204853676,0.0549607423269093,0.1923625981441827,-1.4388305650554112,0.0964239270799224,0.1296325387069565
0,0.1058493141108731,0.098295348499318,0.0902945145672101,0.087449562078659,0.0864735613458922,0.0162189054726368,0.0882587064676617,0.0341293532338308,0.1394029850746268,-1.460885706243359,0.0807831814601916,0.148219470556207
0,0.1028330974483199,0.1029775734478806,0.0907561968111286,0.091005864950519,0.0837788265871886,0.0258771105682763,0.0918852172979357,0.0226290500093952,0.1521756637049365,-1.4572278681008952,0.0926356592774263,0.1497101261835805
0,0.0995043317413057,0.1041119016209815,0.0908887640510306,0.0886743318762946,0.0834577692141706,0.0190336749633967,0.1566617862371888,0.0497803806734992,0.2313323572474377,-1.5395902632751293,0.0646647236560575,0.1003553939816195
0,0.0995467818889752,0.0999634051559201,0.0896098369100187,0.0897072996741015,0.0816071634393644,0.0168558951965065,0.0806113537117903,0.078296943231441,0.1631441048034934,-1.4429915975394654,0.0980824610592528,0.1453666823130395
0,0.0997553250748194,0.0969650017907995,0.0861054278999844,0.0865112357364801,0.0804788648655315,0.0196013289036544,0.062126245847176,0.0401993355481727,0.1368770764119601,-1.5443618915847377,0.053990351516623,0.1285656874696733
0,0.0963643883278154,0.0950972618795393,0.086433833167832,0.0874637780894685,0.0792084902352452,0.0176586003924133,0.05297580117724,0.026814911706998,0.1209941137998692,-1.4111212428168214,0.1055260039314511,0.1487347195785489
0,0.0998297736816531,0.095709249642048,0.0883476497047015,0.0873849994802244,0.0825642724147039,0.0160196158561503,0.0707805476093175,0.0255006129955047,0.1277482631794033,-0.5592069012504901,0.3825581868769395,0.1512614991665283
0,0.0998203807276879,0.0989089192533337,0.0916707856461898,0.0870000482753162,0.0829715396778245,0.0123674911660777,0.0724381625441696,0.0282685512367491,0.1201413427561837,-1.440761654364128,0.0732250435416516,0.1459266188410649
0,0.1068564981270553,0.109075809676486,0.0971262828270871,0.0948905405154508,0.0919450974007219,0.0883668903803132,0.3344519015659955,0.1437360178970917,0.4503355704697986,-1.1425139676722318,0.1641871220689631,0.1827235523454737
0,0.1045465202677606,0.0985720505057904,0.0929316409875516,0.0893393122375649,0.0851619123814724,0.0234146341463414,0.1756097560975609,0.068780487804878,0.2809756097560976,-1.3430730746536348,0.1115669539193827,0.1359155387004141
0,0.0933333095969484,0.0947418685442166,0.0848494174675528,0.084909830294284,0.076463200370003,0.0078272480316773,0.0508771122059026,0.0144573875408628,0.0967816197799162,-1.7596766540175484,0.0282627521069975,0.1345346475558655
0,0.104939408647705,0.1092753869042149,0.0961181594816775,0.0936784385507985,0.0901731318696886,0.0456385719543614,0.1549503128450496,0.0912771439087228,0.3341921236658078,-1.5336365678933923,0.0720605078972831,0.1305845905125892
0,0.0945908603147769,0.092524365904443,0.0845384005554873,0.0821922583458762,0.0799976193870552,0.0204634540004611,0.0876181692414111,0.0331450311275074,0.1546575974175697,-1.1151013913240406,0.128754344512209,0.1832583208460002
0,0.11054592864808,0.1093025622700918,0.0951151621358249,0.0926328347541,0.0899076103715916,0.0324898469228366,0.1699468915963761,0.0959075288972196,0.3227116526085598,-1.27118623467457,0.1080694707651138,0.1471620508985134
0,0.0919114816380042,0.1038494582395332,0.0907120247879803,0.0937296411277781,0.0771867003755331,0.0155406662944351,0.0529499348594826,0.1379117811278615,0.388609715242881,-1.6172607419348766,0.0687248382440022,0.0756020522710853
0,0.1022185070116833,0.0979384456676202,0.0902570103300145,0.0891227733635932,0.0833957818745822,0.0291382517048977,0.1289522628642281,0.0452572845629262,0.3261004339739615,-1.5468498858831037,0.0602088779872109,0.1498340240074357
0,0.1034624844205788,0.0980843587668556,0.0904458982214683,0.0893943182570166,0.0824438510866324,0.0406691664263051,0.2743005480242284,0.1222959330833573,0.4427458898182867,-1.4592564857003891,0.0745536263782589,0.149057585718307
0,0.089445556966321,0.0861055696068343,0.079215868900075,0.0776998532052897,0.0733004975151616,0.0065382702011228,0.0363158268779759,0.0132897448653258,0.0724895174472319,-1.5445893307657776,0.0653349384530032,0.1808466020276071
0,0.1033616316924536,0.1011975877431944,0.0915839134884252,0.0920538478276424,0.0838278134001248,0.0299553855959209,0.1265137029955385,0.0605481198215423,0.2919056724028043,-1.4858237251283275,0.0622638680495702,0.1413260877883761
0,0.0947808565972766,0.0972229132549176,0.088137096906932,0.0874114188899238,0.0791623419338895,0.0097692787362294,0.0466985380724728,0.0276449802535855,0.1358691886648652,-1.6483380077520149,0.0402091959188106,0.10182555100219
0,0.0941025673505567,0.097208606833927,0.0853699345689941,0.0837897149044074,0.0781765083685925,0.0151802656546489,0.1148007590132827,0.0284629981024667,0.1537001897533206,-1.3394316195192943,0.1344004187263796,0.1450863882327746
0,0.096718563235636,0.0931491151258818,0.0829038792477881,0.0812280611312512,0.0807111777771359,0.0138613861386138,0.0699669966996699,0.0184818481848184,0.0877887788778877,-1.0829050965709337,0.1825981544970281,0.1589006661585797
0,0.0917015222161991,0.096002461374855,0.0883018927919228,0.0891920530117022,0.0789972213767292,0.0134228187919463,0.0552704303197789,0.0252664824318989,0.1208053691275167,-0.492154442046458,0.4035256584554306,0.1316607471431798
0,0.099739112475413,0.0994679361490254,0.0898305799955372,0.0877295220595007,0.0839997803747925,0.0364939719778429,0.1339198435972629,0.0879765395894428,0.2828282828282828,-1.2631736837800374,0.1094129314179547,0.1493487490028581
0,0.0835536546198983,0.0797989504430408,0.0748093785679239,0.0723996000448695,0.0686569116733246,0.0052938062466913,0.085053820363508,0.0141168166578436,0.1143462149285336,-1.2169686118872471,0.0936184764036305,0.1685706439852766
0,0.1013312487521921,0.0954439479325497,0.0892735229172286,0.0858146706874448,0.0824114084211132,0.0120744591648499,0.1215271954832578,0.0399127955726983,0.1843032030856951,-1.4524434121340195,0.0823365844446653,0.1687862126513866
0,0.1044783081139388,0.1143388092921324,0.0979384583615865,0.1024338644147627,0.0856944568749457,0.0188094711219296,0.0754591723832706,0.0183668953308254,0.2022571365346315,-1.5754670242741522,0.0729988721872843,0.0897609637295163
0,0.0870014713044473,0.1022904007960026,0.088005167386361,0.0882047407891387,0.0774113864074118,0.0058555627846454,0.0487963565387117,0.3565387117761874,0.1132075471698113,-1.5341018196037912,0.0778848600677014,0.110532263502281
0,0.1026885150252105,0.0972678273773505,0.0891493300957673,0.0852972589466522,0.0850577112533056,0.007663922793074,0.0601759863752483,0.1461822310530797,0.235310814646608,-1.4739099579691397,0.0611175632869446,0.0984624226658874
0,0.0965390490596002,0.0979746826891336,0.0888637616710331,0.087629727993085,0.0806252536357186,0.0426152948044366,0.1722124927028605,0.2259194395796847,0.3327495621716287,-1.5862288474135635,0.0687349469124361,0.1015500024653132
0,0.0896804510243499,0.0991807774627408,0.0898461880128404,0.0855763375391289,0.0794816481149752,0.0194242108914325,0.0874089490114464,0.3645508151231356,0.2785293097467915,-1.549823447525898,0.06443785554549,0.0790950720617112
0,0.0897811914208719,0.0931515328299892,0.0845391858720823,0.0833712919412942,0.0769947397319364,0.0154450261780104,0.0747382198952879,0.1167539267015706,0.1609947643979057,-1.5170723895275404,0.067091556681075,0.1245268908747404
0,0.1019098017344292,0.1002600222569216,0.0916751843401869,0.0887879183522725,0.0860081988606383,0.0197285171977453,0.1028988841596687,0.0293339468537904,0.1568503393535028,-1.3621612448300888,0.1076854202798002,0.15121443977076
0,0.1080442693308603,0.1125495065678287,0.0997947407834255,0.0966326882385939,0.092289964410544,0.0311538461538461,0.1798461538461538,0.0553846153846153,0.2317692307692307,-1.3049248537165243,0.1137391433763714,0.1683521894247321
0,0.1044237867115504,0.1071150655079202,0.0967273328639392,0.0959184010670054,0.0857497383554757,0.023841059602649,0.1008830022075055,0.0322295805739514,0.2310522442972774,-0.9139608900895478,0.2509145266398819,0.1209215895299315
0,0.1084154865919807,0.1088859151175947,0.0976916253967671,0.0954136110840925,0.0897088855253635,0.0371554376017853,0.2143675734362748,0.0499426985946076,0.2687134326557693,-1.1457224749773471,0.0656105785794792,0.1505513879124161
0,0.0943222710748129,0.0953620016975892,0.0885091879433549,0.0863170969412086,0.0788057784649009,0.0229067930489731,0.0888625592417061,0.0402843601895734,0.1820695102685624,-1.4653169642967403,0.082741808278629,0.1399457142536777
0,0.1000118523892428,0.100170058353367,0.0919885575687588,0.0910438795482942,0.0850295227463242,0.0208296866795028,0.153203220724663,0.0305006126378435,0.1767022580080518,-1.5001554526891083,0.0581345752419986,0.1353675133552634
0,0.1037434845427728,0.1040525753308969,0.0929017841055973,0.0939655947979958,0.0832286068859878,0.0174672489082969,0.0952207666181465,0.0389374090247452,0.2005094614264919,-1.4305948188364253,0.1203840955514252,0.1482961108066426
0,0.0994642345975771,0.1003426734592327,0.0908424402097865,0.0868536738599678,0.0860066664639538,0.0116454604270002,0.1365106750053914,0.0254474875997412,0.2022859607504852,-1.485557196532415,0.0612444636484132,0.1284513028834873
0,0.0972946568276009,0.0940050807393635,0.0862918691091904,0.0825402986998916,0.0809096173481171,0.0092965375887563,0.0609033013688602,0.0448356635678208,0.168289290681502,-1.1956831637896383,0.0549355464554608,0.1239802431528673
0,0.09750656129437,0.096231349941035,0.0890592511258417,0.087118039073417,0.08296223141401,0.0175275321855126,0.0985729796804715,0.043120831394447,0.14479602916085,-1.3369967748475595,0.0924919396022288,0.1855803855154345
0,0.0927214319945747,0.0985119189660743,0.0892590997026541,0.0865968322796147,0.0794991188018879,0.0128987275579571,0.093951542618093,0.0247516123409447,0.2252048108767648,-1.5364869001741688,0.0648654531202228,0.1320941676832974
0,0.102295746676969,0.1040946689994492,0.0921073139019145,0.0890967687623309,0.0845695204499935,0.0259165613147914,0.1874209860935524,0.0496207332490518,0.2781289506953224,-1.390908794385226,0.0941414772904728,0.164909577773783
0,0.0928551347240995,0.0963742496075398,0.0867833991960665,0.0864407415869851,0.0784573412094713,0.0321161910606525,0.1084177150455149,0.0749718727626061,0.2547816303569602,-1.59759890897718,0.0504421646554519,0.1279725582321467
0,0.1027709138899,0.1059792627321308,0.0933743049585657,0.09285859369546,0.0861268744583276,0.0405353728489483,0.1196940726577437,0.0749521988527724,0.2803059273422562,-1.563682480729975,0.0561281560842752,0.1284824521042763
0,0.1067061408281006,0.108924651032499,0.0945531977599814,0.0940305001185973,0.0875333533898392,0.0146701068927386,0.1056395134537412,0.0250645042388499,0.154589015849613,-1.4413962387374637,0.0683625635419946,0.1528112253101176
0,0.1001582698799242,0.099954447904005,0.0897029820876842,0.0865111317952741,0.0827830771672902,0.0255941499085923,0.1523461304082876,0.0984156002437538,0.3964046313223644,-1.485682326529276,0.0783200584067379,0.117086145441992
0,0.0949173539198002,0.0949430534614156,0.085063201599853,0.0847142920101754,0.0786185826994676,0.0386096077665569,0.0964682251855158,0.0406739943089884,0.1813312503487139,-1.4416194943645535,0.0799732687275542,0.1504812744915551
0,0.0905905545962396,0.0962156266379671,0.0869966278533319,0.0864471079981513,0.0793725039754871,0.0069767441860465,0.0302325581395348,0.1348837209302325,0.1968992248062015,-1.3557473974979608,0.0659014808545318,0.1008863699279717
0,0.1048747307197092,0.1051864717269833,0.0937915789841964,0.0929380021936191,0.0854503096122726,0.0285035629453681,0.0934283452098179,0.069279493269992,0.1923990498812351,-1.835264264812081,0.0219023000688255,0.1450887642173764
0,0.0971723399340147,0.1026610759572226,0.0933852527564844,0.0912287853947049,0.0827748000519021,0.0142823325179515,0.0784739209342697,0.0213445908624635,0.1071964017991004,-1.5450114686032383,0.0593063337304716,0.1473750894014351
0,0.1042270591422649,0.1035019916871779,0.0943685378365553,0.0927925320852355,0.0856936127704691,0.0462107208872458,0.1650382888830208,0.0543966200158436,0.2936361235806707,-1.600586319390317,0.0709234156687539,0.1134089722741478
0,0.0973777258660684,0.1031610823567993,0.0891038005646477,0.0895114306846991,0.0806004332954312,0.0075488454706927,0.0683836589698046,0.0257548845470692,0.1039076376554174,-1.3672031046633255,0.1205825979653968,0.1535484837003856
0,0.0955318058380532,0.0943671923362864,0.0858610851749696,0.0832380162418,0.0804071465728973,0.0096588391670358,0.0577758085954807,0.0297740363314133,0.1065130704474966,-1.417960693880951,0.0637522233144282,0.1447397195352176
0,0.1004587565528481,0.0941911761487727,0.0872275905271352,0.0846580112844204,0.0823676537315745,0.0155934871366028,0.0675389837178415,0.0402380835259973,0.1979438240936593,-1.46647933671075,0.0666765949459627,0.1066407251712627
0,0.0982439622772468,0.1013679551647028,0.0948490690088217,0.0898480473741208,0.0844139719038887,0.0126414816992503,0.0605615169778039,0.0270468910774658,0.1028957812729678,-0.6381785555468639,0.3508285713589532,0.1396016519068715
0,0.1040985220371652,0.0992725323513493,0.0943352226459824,0.0932608950768127,0.0812426358538799,0.0484419770773639,0.1508775071633238,0.0636640401146131,0.3514505730659026,-1.5195328332924691,0.0738752433865344,0.1297189152058749
0,0.1135082871164733,0.1133867445496007,0.0969137302120125,0.0956156819346836,0.0904333668150754,0.0333761232349165,0.1309370988446726,0.0301668806161745,0.1803594351732991,-1.494268171726903,0.0863101618038588,0.1153154166616258
0,0.0883312067949883,0.0906500159705373,0.082900423860149,0.0811085321092778,0.073240408874846,0.0053508451903198,0.0553326036726255,0.0252949045360574,0.1135838501763346,-1.494393839148599,0.0574508080798126,0.1193411187673484
0,0.094709496250249,0.0942815527429148,0.0858565467225731,0.0870333966039816,0.0791831272761902,0.0315442561205273,0.0696798493408663,0.0371939736346516,0.1869114877589454,-1.5007003867616546,0.0755083114100994,0.1362639406295325
0,0.0918142277246671,0.0929996723128768,0.0855975190230177,0.083234423676081,0.0771228532978972,0.0082264698766029,0.07887732881684,0.0321800145172997,0.1870312121945318,-1.7225777752093527,0.0405002693401083,0.1358009793283084
0,0.0939328455724566,0.0969996867197178,0.0850771762620369,0.0827146961986869,0.0794759967914843,0.0061880406642672,0.0544926438088021,0.0156595314769211,0.1004609458862158,-1.4450477134268376,0.1010483170643638,0.1521327103496533
0,0.0980639090663115,0.0978620078213511,0.0872800178733357,0.0865276798608772,0.0811539489349753,0.0275919732441471,0.0869565217391304,0.0551839464882943,0.2307692307692307,-1.2524054657637322,0.1762018792189237,0.1306669817867891
0,0.1066484009090898,0.1068820343484752,0.0951256873953612,0.092719339442977,0.0876341505782018,0.0232508532423208,0.214377133105802,0.0940699658703071,0.4223549488054607,-1.5192391666924692,0.0499698172493213,0.1302932030746288
0,0.0961734627392907,0.0988974760464316,0.0890554721833857,0.0857585972331816,0.0828086726695733,0.0130034675913576,0.0659509202453987,0.0497465990930914,0.1663110162710056,-1.3725855202458912,0.1133942859780391,0.1459881183078832
0,0.1023755641748914,0.1018409071117662,0.0904653019590707,0.0902757193001845,0.0827547728000885,0.029860434923726,0.1333982473222979,0.0817916260954235,0.3446932814021421,-1.3908281311887645,0.1064589879374564,0.0763691370782488
0,0.1014020016637661,0.107388334274727,0.0919233037298947,0.0944983829182937,0.0850051559187422,0.0442763489662128,0.1637922339889057,0.0517397881996974,0.3003530005042864,-0.932499532261003,0.2694116028401148,0.1606911977681211
0,0.087672523790022,0.088997248833263,0.081612460138379,0.0794503346041523,0.0726204014978335,0.0150553052027857,0.0933019254403932,0.0372798033592789,0.165710774272839,-0.945945462168843,0.2568883845419179,0.1701507155922587
0,0.1096246011337137,0.1047699175237472,0.0946419971885345,0.0920008564826023,0.08985453381855,0.0324609769356216,0.2479614817115787,0.0807641531412596,0.3810670187155393,-1.338776205349376,0.0466350157369119,0.1320512559408524
0,0.1021262167325342,0.0986908379240529,0.0892002220683513,0.0883911870965908,0.0822213386786904,0.0128330147833209,0.0708741272379763,0.0197370987244997,0.0979053711432695,-1.4149527566870292,0.0398364565848448,0.123483485869241
0,0.0976197769524546,0.0918755874136609,0.0854749111386268,0.0818087487793522,0.079999323966858,0.0136763382037255,0.0636728758396232,0.0506543868153175,0.1567758465480229,-1.3161640161728088,0.0996852257390291,0.1441940174168066
0,0.0926947752941548,0.1011112129609808,0.0873918895418743,0.0866296735200008,0.0784841139339894,0.007432970533581,0.0424741173347491,0.0151314043005043,0.0812317494027077,-1.347057468588878,0.1250597749402227,0.1604728149157462
0,0.0998638861209166,0.1029358831812514,0.0891501366443207,0.0901852929102366,0.0823588868176013,0.0085714285714285,0.0273469387755102,0.0159183673469387,0.1179591836734693,-1.3558876008560123,0.1391332305585223,0.1152060949109782
0,0.103798486401999,0.1061891198139024,0.0929958215461188,0.0901813517972938,0.084186984714935,0.0038055887789496,0.0630640426225943,0.0190279438947482,0.1378710449059476,-1.5328314449684015,0.0826572814483155,0.1407731025143954
0,0.1007719566078415,0.100968460620803,0.0886254788381642,0.0883642433573091,0.0854857091919777,0.010232834050126,0.0644001186415542,0.0197983093578525,0.0771540857185229,-1.4307158455179854,0.0901087682421619,0.1726991773917307
0,0.1065254439645147,0.1065598787093533,0.0894860613401868,0.0882470030427723,0.0819120915830562,0.0188751926040061,0.0681818181818181,0.0835901386748844,0.2149460708782742,-1.452271189715388,0.0765139862638335,0.1427945524335841
0,0.1068565536441137,0.1052228936421537,0.093037916486689,0.0903420371724488,0.0889714779777682,0.0155425219941348,0.0686217008797654,0.0117302052785923,0.0958944281524926,-0.9031509376265536,0.2385564818608882,0.1929038979504666
0,0.1067256154663359,0.1192815886715616,0.095216571460368,0.1025191853742654,0.0907516579050684,0.029126213592233,0.2912621359223301,0.145631067961165,0.4077669902912621,-1.5018014931169348,0.1116967911372475,0.0862353130578401
0,0.1018442397061228,0.0984118161970009,0.0886854468537059,0.0863645360100105,0.0825379333172972,0.0096339113680154,0.0605560143132397,0.048169556840077,0.195981282686485,-1.3219161769083425,0.0882787169820456,0.1350346361158232
