label,Care/Harm (R),Fairness/Cheating (R),Loyalty/Betrayal (R),Authority/Subversion (R),Sanctity/Degradation (R),Anger (R),Hate (R),Nervousness (R),Positive Emotion (R),Misinformation (E),Conspiracy (E),Engagement (C)
1,0.0757026770955925,0.0710099683469319,0.0629692066351965,0.0629067162941825,0.0587394785021206,0.0,0.0414593698175787,0.0099502487562189,0.0348258706467661,-0.9177807618764235,0.1859636637145894,0.132340772826472
1,0.07931668154648,0.0719075671162763,0.0687134694919875,0.0645656339032929,0.0658637403915987,0.0076628352490421,0.0459770114942528,0.0153256704980842,0.0785440613026819,-1.2086988298089665,0.143194392993001,0.166647216644861
1,0.0960482145087864,0.090804841617913,0.0824286087186133,0.07989365244439,0.0767816256933856,0.0060331825037707,0.057315233785822,0.0271493212669683,0.1221719457013574,-1.4014462201595317,0.1237481507757681,0.1254048174823819
1,0.0843457202045364,0.0831202133975952,0.0741221794980679,0.0752626014360777,0.0635320731398268,0.003257328990228,0.006514657980456,0.013029315960912,0.0732899022801303,-1.3157122332265416,0.0904045592254862,0.1105189442085579
0,0.0918605630802497,0.0955003680817949,0.0846841834845181,0.0839414323180126,0.0723479348863627,0.013215859030837,0.013215859030837,0.026431718061674,0.0616740088105726,-1.076942030333836,0.0744249126535019,0.09507423973112
1,0.0919088362486525,0.0859945933199952,0.0784857773349296,0.0758404025109561,0.0755343604374268,0.0061094140516523,0.0427658983615662,0.0234657039711191,0.1049708414329353,-1.332026949886396,0.123300080007559,0.137510291462192
1,0.0815660314082499,0.0730447786702565,0.0706034256586972,0.0678208582656523,0.0670648924523077,0.0094621513944223,0.0423306772908366,0.0368525896414342,0.1349601593625498,-1.219949375303168,0.1394009111150252,0.1405255808862959
0,0.0848769191293585,0.0823707216884481,0.0753280007859702,0.0726594011992892,0.0677226188284022,0.0017349815658208,0.0214703968770331,0.0286271958360442,0.0880503144654088,-1.4935161744336498,0.0904069433227624,0.1036296921683464
0,0.0943855380480787,0.0810827036335322,0.0851750525218995,0.0720332511402588,0.0743070995590562,0.0,0.0689655172413793,0.1034482758620689,0.4137931034482758,,,0.0633076278224489
0,0.0927209399885286,0.0828118756374369,0.0785823706113494,0.0750805532376136,0.0743783796148741,0.0086580086580086,0.044011544011544,0.0122655122655122,0.1255411255411255,-1.21992521863868,0.1174053085468074,0.1568992144840385
0,0.0815694838667204,0.0737759551551723,0.0709180334715342,0.0648266082249733,0.0663805599643941,0.0035514967021816,0.0542871638762049,0.015220700152207,0.0573313039066463,-1.861677805496992,0.0156953396042755,0.1746989461323069
0,0.0784389382955669,0.0755554475347428,0.0725849229160488,0.0674140443320784,0.0680158832428731,0.0063025210084033,0.0430672268907563,0.0157563025210084,0.0871848739495798,-1.0602822952098656,0.1353619265833608,0.1574857559293293
0,0.094245835844588,0.0881330998556139,0.0834463973793034,0.0778513584037322,0.076555102811219,0.0416666666666666,0.12890625,0.10546875,0.21484375,-1.272857072951171,0.1076609415073505,0.161150044452945
1,0.0687725015242734,0.0670643135473807,0.0647829686772448,0.0625687081470637,0.0575159308926761,0.0033444816053511,0.0220735785953177,0.0066889632107023,0.0301003344481605,-1.2088848108186472,0.1240852331990255,0.152460677866264
1,0.1124117235218129,0.1085487849104145,0.1015644343337804,0.1004429258532758,0.0914255553496186,0.0148305084745762,0.1610169491525423,0.0826271186440678,0.2161016949152542,-1.0962254589143337,0.0963587425040906,0.154087502246217
1,0.086286735382136,0.0799232957678351,0.0750789169030822,0.0725658195757581,0.0725454847460423,0.0099916736053288,0.0441298917568692,0.0091590341382181,0.1207327227310574,-0.6654033373987948,0.3304219526829217,0.1897492932225164
0,0.0892230073171806,0.0825097051510407,0.0764418667297715,0.0728273808389585,0.0724272807346691,0.0427174472465259,0.0604734945959855,0.0316520844055584,0.1945445187853834,-1.2382213986332418,0.1309365801128152,0.1440750474180295
1,0.0700989819829357,0.0652770725834178,0.0595767264699596,0.0568557279542993,0.0560957164004827,0.0039154267815191,0.0281910728269381,0.0125293657008613,0.0344557556773688,-0.953178008512367,0.1863292304457453,0.1914505073308699
1,0.0882229674740902,0.078357258166176,0.0775742900746956,0.0742142726408671,0.0725971945919685,0.0061412487205731,0.0337768679631525,0.0337768679631525,0.1084953940634595,-1.2532776316199827,0.0875362265288283,0.1137143836482579
1,0.104022383995204,0.0983943688650677,0.0903221485199039,0.088122846436846,0.0859335485740754,0.0122950819672131,0.0897540983606557,0.0331967213114754,0.1487704918032787,-1.253631860688737,0.1647041714858569,0.1647798670627545
1,0.0998605748500378,0.0919047599322386,0.0818949058822417,0.0788094422810204,0.0800556323689096,0.0117647058823529,0.0470588235294117,0.0323529411764705,0.1029411764705882,-0.8677012536851431,0.1079088912425411,0.1911693705784983
1,0.0960522311165497,0.0925261619944427,0.0874463866836156,0.0858485482581712,0.0818078874071877,0.0390749601275917,0.094896331738437,0.0390749601275917,0.3062200956937799,-0.5900720847153468,0.372296296151145,0.1900690093834698
0,0.1013913574237103,0.0962927793795686,0.0898357028368127,0.0864087197654275,0.0820492651529656,0.027065527065527,0.1488603988603988,0.0669515669515669,0.3354700854700854,-1.5015579844257243,0.0762126587911325,0.1441705208571504
1,0.0906552178135489,0.0847135068399614,0.0801596611093833,0.0763888274288019,0.0754563523827211,0.0126109294722092,0.0621205044371788,0.0364315740308267,0.0915460065390004,-1.3924715964978769,0.0649822323359086,0.1517413205624861
1,0.0825646145021158,0.0703998158160952,0.0668257508180134,0.0655674085438683,0.0678887968756172,0.0055679287305122,0.0540089086859688,0.0197661469933184,0.076837416481069,-1.0567509306648462,0.1601825362834654,0.1783678447153275
0,0.0703731794527516,0.0640369993642223,0.061305570585743,0.0581129186250669,0.0578131487449523,0.0040290088638195,0.0253827558420628,0.0217566478646253,0.0551974214343271,-0.9135583023625208,0.2420461846810112,0.1017338411729943
0,0.1062962790947293,0.0995366140793197,0.0928920981398849,0.0889940949048413,0.0880735130472667,0.0402761795166858,0.1047180667433832,0.0276179516685845,0.1288837744533947,-1.1571168689987898,0.139818272746346,0.1553366458753074
1,0.0976561971056147,0.0917308703181833,0.0827525392000727,0.0813849571550815,0.0766299517512425,0.016002510197678,0.063068716661437,0.0244744273611546,0.1386884217132099,-1.2233167986090758,0.1578892815226695,0.1490932006932042
1,0.1023572311525911,0.0968034717930399,0.0878081440351032,0.0854311407770658,0.0846483532965984,0.0114199525964231,0.0790777849601379,0.0372764490411549,0.1379013143719026,-1.337145862279308,0.0930432471264574,0.1528549966936787
1,0.1041626870553107,0.0988220156757309,0.0899367789879814,0.0867016220742112,0.0852816847524368,0.0249419953596287,0.1064385150812065,0.0884570765661253,0.220707656612529,-1.2562156995826277,0.1529975217233138,0.1337175635493283
0,0.0955837304885456,0.0901729341193098,0.0832833777072761,0.0816333141837778,0.0805988606181691,0.0136075460027833,0.0918509355187876,0.0349466522344209,0.1725684243080253,-1.233781234534681,0.1249443418194895,0.1721262982512607
0,0.0854017644110149,0.0722304741076606,0.0689260014768791,0.0666797586515138,0.0717118604534819,0.0038716814159292,0.0425884955752212,0.0467367256637168,0.0804756637168141,-1.1717174506266257,0.141812678144352,0.1596058131612302
1,0.1106762087567948,0.1056765338837723,0.094153747784163,0.0956830774839031,0.0893363742347548,0.0225498699045967,0.1431049436253252,0.0529054640069384,0.2523850823937554,-0.9648446048422502,0.2487975684958237,0.1634463406771186
1,0.1023492134374909,0.0964284153128505,0.0889141401566751,0.0864719180588555,0.0837158275408276,0.0121141070730754,0.0648690894880812,0.032043767096522,0.1352090660414224,-1.417068204707837,0.0901467318327555,0.1599673793119333
0,0.0946408753638437,0.0854265664717984,0.0800029911386926,0.0776281302104913,0.0744585212712848,0.0084804033921613,0.1056612422644969,0.0327756131102452,0.1533348613339445,-0.9938505575721016,0.0777230930508135,0.1163349477473655
0,0.0937722783050708,0.0860733215820628,0.0808021634510455,0.076882480924402,0.0763850247178637,0.0178628389154704,0.1059011164274322,0.0657097288676236,0.1917065390749601,-1.1852140911957445,0.1677320334553282,0.1603005668625063
1,0.0841418962180461,0.0795979928850228,0.0745554635942771,0.0716245592235537,0.0713712934012162,0.0142405063291139,0.0537974683544303,0.0189873417721519,0.0743670886075949,-1.1135583679627128,0.1566746422733157,0.1599168334625155
1,0.0698741690382209,0.0623359581514627,0.0591310472909592,0.0561185456915693,0.058693446100533,0.000801282051282,0.0328525641025641,0.0120192307692307,0.0416666666666666,-1.120853475334634,0.1372798561224831,0.1618514482463532
0,0.1098193463986348,0.0940398888153075,0.089878574460536,0.0824011251906462,0.0887848817913473,0.0311804008908685,0.1051224944320712,0.1438752783964365,0.2525612472160356,-1.4388077934748356,0.0839574194297107,0.1690838064422774
0,0.0858145480872331,0.0750789255207921,0.0711336747793626,0.0700748397579979,0.069439586985547,0.0,0.0579064587973273,0.0267260579064587,0.0890868596881959,-1.2579106524927766,0.1455520370055791,0.1573991494495756
1,0.0924294219530237,0.085637593105223,0.0794568017868437,0.0758085566607923,0.0752505159373906,0.0074919728861933,0.0528005708169818,0.0346057795219407,0.1052443810203353,-1.2352655087044568,0.0579471809301855,0.1333189383348809
1,0.0948303494908595,0.0841095001879673,0.0828722107902416,0.0760570526945519,0.0754766386213651,0.0175438596491228,0.0771929824561403,0.087719298245614,0.1122807017543859,-1.2562769320944027,0.1122132074244426,0.1078404497647814
1,0.0953925726373049,0.0901302293659203,0.0842686965154811,0.0807046637665599,0.0808205682390151,0.0107003891050583,0.0783073929961089,0.0306420233463035,0.1254863813229572,-1.3619521783215682,0.0692070146483842,0.1514767911079273
1,0.1036064898403094,0.1049717705263335,0.0886921791717679,0.0862580651114003,0.0807233004539643,0.0214285714285714,0.0357142857142857,0.0547619047619047,0.1452380952380952,-1.3290191676924306,0.1341272063343878,0.132932888370686
0,0.0968681934694576,0.1043927080488385,0.0814838887983675,0.081593488779008,0.0930941278452053,0.0,0.025,0.025,0.05,-1.2722477005763744,0.0448982379798506,0.1408267106927669
1,0.0790906675680043,0.0756340923371347,0.0708295071267247,0.0688209126163034,0.0671980793852188,0.0068002863278453,0.0331066571224051,0.020848246241947,0.0727451682176091,-0.8861714643393523,0.1480660887968817,0.1441865089595455
1,0.0981155046560647,0.0897609385121509,0.0845203079088212,0.0797381466808149,0.0833692127262462,0.011218765935747,0.0821009688934217,0.0392656807751147,0.1534931157572667,-1.4435762657653703,0.0446469067829438,0.1830751827697584
1,0.0807870901297939,0.0753287075691809,0.0715048561013742,0.0703062582810932,0.0665161644873518,0.0093603744149766,0.0588923556942277,0.0140405616224648,0.0705928237129485,-1.1683158610590738,0.1243848775907654,0.140267691160531
0,0.0836397023686824,0.0769823040742747,0.0730664383309542,0.071180075352202,0.0685604167069419,0.0030959752321981,0.0278637770897832,0.0340557275541795,0.1083591331269349,-1.1542516355414614,0.0854039162802453,0.1284998750591501
0,0.0657814133310966,0.0611074495551713,0.0652946578844458,0.058608848936212,0.0502970491706797,0.0,0.09375,0.03125,0.09375,-1.2198555857562527,0.0631084754138868,0.1039217456079961
1,0.0612675360376271,0.0542203311407118,0.0540292091629816,0.0506751073879854,0.0507063016211916,0.0,0.0080906148867313,0.0064724919093851,0.0420711974110032,-1.2007550090457089,0.0778810426572399,0.1537814180786442
1,0.0956990973581592,0.0931862512952954,0.0866367615964103,0.0838697564722563,0.0809578980095648,0.0171974522292993,0.1127388535031847,0.0356687898089171,0.1729299363057324,-1.4517892083874422,0.0659767357471088,0.160578765795347
1,0.0980251136352019,0.0896729703189123,0.0843412070391001,0.0820072099995709,0.0791734563568404,0.0222045995241871,0.0824742268041237,0.0463917525773195,0.1657414750198255,-1.4965650517203677,0.065429979414667,0.1388053427842684
1,0.1088870786376905,0.0996440156010201,0.0883101860161261,0.0865241761739048,0.080126733621052,0.003734827264239,0.0401493930905695,0.0317460317460317,0.1928104575163398,-1.3909776017529698,0.1428017769032812,0.1268923711847617
1,0.0885403489066106,0.0818151387543356,0.0734993112381424,0.073061003666492,0.0707971412784875,0.0072793448589626,0.0655141037306642,0.0127388535031847,0.0878070973612374,-1.0791262623952735,0.1393304463595386,0.1528957432648788
1,0.0737029844523562,0.0632677486388492,0.063859631695699,0.0602169146934461,0.0604368539597987,0.0045592705167173,0.0151975683890577,0.0273556231003039,0.0835866261398176,-0.8710612670547093,0.2748831224770072,0.1541038277313738
0,0.0758868949363588,0.0655636081797044,0.0693584889387332,0.0679579956340282,0.0620330492450611,0.0,0.1,0.025,0.1,-1.219382687643452,0.1240979956878957,0.1241302365261022
1,0.096927497310593,0.0884491398354008,0.0814831138405033,0.0793176247861246,0.0769434748400019,0.011487758945386,0.0472693032015065,0.0252354048964218,0.0779661016949152,-1.478668713715928,0.0976507647758146,0.1599153658510416
1,0.0618853290046652,0.0590295449455493,0.0591604362789858,0.060440684419735,0.0507825140589608,0.0,0.0236220472440944,0.0104986876640419,0.0524934383202099,-1.2838323984837825,0.0952881435753155,0.1321841602735348
0,0.1076438368362298,0.098334101817057,0.0937334544527397,0.0906473705006921,0.0857469026148675,0.0344827586206896,0.1379310344827586,0.1111111111111111,0.3793103448275862,-1.0794838268607831,0.1696113940840186,0.2116469307034108
0,0.09166122332255,0.0929098061326392,0.0843619507714737,0.0803803440587439,0.0767056406693324,0.0138888888888888,0.0611111111111111,0.0305555555555555,0.2222222222222222,-1.4615399081674965,0.0678400426249593,0.1473127457825201
0,0.079015474809963,0.0767238879770454,0.072215854090171,0.0673830986238684,0.0665164633173236,0.0051875498802873,0.0498802873104549,0.0247406225059856,0.0722266560255387,-1.5013603420063593,0.0701624272224239,0.1674367972117725
0,0.0989784521682583,0.0967231531015153,0.0897842732472338,0.0871435392535299,0.0822515372187313,0.0160804020100502,0.1105527638190954,0.0371859296482412,0.207035175879397,-1.506878952336956,0.0729375661225135,0.1546885150468059
0,0.0967853110795758,0.0921074120473462,0.0862934559049531,0.0841184332260644,0.0834312859235155,0.0383763837638376,0.1107011070110701,0.0346863468634686,0.0907749077490775,-1.3567656873072766,0.0853004035122863,0.2744343191701579
1,0.0881504932281906,0.0824142692005334,0.0771942375974115,0.0757327913044607,0.0754008431778898,0.019400352733686,0.0793650793650793,0.0282186948853615,0.109347442680776,-1.0529657331915163,0.1980789666312437,0.1774849892523209
0,0.0811679304473986,0.0729623379907746,0.0686812177074595,0.0640871869410148,0.0732108407007719,0.0064655172413793,0.0237068965517241,0.0086206896551724,0.0668103448275862,-1.329909991945497,0.1164310568130968,0.1399496081591105
0,0.1046935994415626,0.1036682258187788,0.0954677616196539,0.0916876250302363,0.0911291124923819,0.0061124694376528,0.0855745721271393,0.0427872860635696,0.089242053789731,-0.4589374295662702,0.4130246387279426,0.1314981248738647
1,0.1035936143829482,0.0954212624812637,0.0903265396392193,0.0869748527942907,0.0860866782159724,0.0174102285092491,0.089227421109902,0.0424374319912948,0.1447225244831338,-1.0949108436513064,0.1945385941401957,0.1619906686885435
0,0.0829125761630147,0.0763581392786122,0.072429998588575,0.0698900964835054,0.0671350089194893,0.0030450669914738,0.0803897685749086,0.0267965895249695,0.1169305724725943,-1.0868292263476795,0.1135445726071043,0.1490230969783715
1,0.0833353621678658,0.0757142963817949,0.069979134487432,0.0686034312086554,0.0665748144905967,0.0047468354430379,0.0384743504330446,0.0091605596269153,0.0457195203197868,-1.1623718874076543,0.128891852817648,0.1765185882409597
0,0.1047423230453387,0.0936861116233936,0.0893117065200807,0.0839129801085467,0.0872308231101716,0.012637179913535,0.1087462587296308,0.0409045560359161,0.1592949783837712,-1.3241614794389545,0.0941480311385468,0.1467698874890203
1,0.0839698222841485,0.077737295542508,0.0739362914683851,0.0711801369811895,0.0706316210206975,0.0101476014760147,0.0249077490774907,0.0129151291512915,0.1088560885608856,-1.5455840916181116,0.0456548812023965,0.1286040519720529
0,0.0878012194704851,0.0810539266286431,0.0757850699919452,0.0718162765359727,0.0714254820882048,0.0055180870631514,0.0606989576946658,0.0239117106069895,0.0968730839975475,-0.9397431046345368,0.2276918087934032,0.1466939718962444
1,0.0929468825856963,0.0810677254196128,0.082432253180406,0.074072874677172,0.0792973978035855,0.0139165009940357,0.0318091451292246,0.0298210735586481,0.1709741550695825,-1.1590744115217808,0.1897448303308498,0.1828123650768962
1,0.1020351620991127,0.0927971754283539,0.0877185337810515,0.0830721833349049,0.0808588886128058,0.0220417633410672,0.2064965197215777,0.0649651972157772,0.2238979118329466,-1.057223769064287,0.0984957066645138,0.1266482874307714
0,0.0943193207840983,0.0919686964318199,0.089419164808055,0.0840684570526387,0.0792649643279505,0.0084901330885727,0.106700321248279,0.0396971087654887,0.1961909132629646,-1.4915915517597036,0.0637533450560504,0.1191864007231129
1,0.1063893792669261,0.1024338209907732,0.0908935425474642,0.0887376093674074,0.0866473273193287,0.012172714745062,0.095544327055581,0.0215893431327514,0.1102434542949012,-1.0591462544721146,0.1516572125861316,0.1687001067780719
0,0.1015897468631284,0.0996225991332887,0.0911845743867824,0.0867912156590092,0.0867848040806327,0.0324200913242009,0.2004566210045662,0.045662100456621,0.2237442922374429,-1.2605955519273055,0.1366548513621193,0.1789293554500964
1,0.0879411797096298,0.0816546692503041,0.0810267454067307,0.0743164899828938,0.0741213632834786,0.0063860667634252,0.0377358490566037,0.0226415094339622,0.1204644412191582,-1.4780047382539396,0.051852972667744,0.1252032435447272
0,0.0926085889095409,0.0908311104791078,0.0761831430819496,0.077855600611661,0.0764576107013682,0.0,0.0,0.0,0.5,,,0.1793826174065598
0,0.100397158076269,0.0896456271434344,0.0835049982432968,0.0806129494472192,0.0790216295380121,0.0102974828375286,0.0354691075514874,0.0394736842105263,0.1470251716247139,-1.6080843668594846,0.0985917066173614,0.1155475324928867
1,0.0982945342059219,0.0930432875816448,0.0855926222215332,0.0829737082254436,0.0819600683636791,0.0149130074565037,0.0526097763048881,0.0256835128417564,0.1176470588235294,-1.144950031158507,0.1523322958356131,0.1671347254431894
1,0.0951442748314535,0.0854815407935587,0.0815087360875954,0.0776359229206382,0.0819512842661639,0.0113636363636363,0.0454545454545454,0.0170454545454545,0.0852272727272727,-1.2709096726997675,0.1011762066473113,0.1777868591498499
1,0.0901084143435527,0.0856969011803871,0.0794016221128756,0.0763327990623831,0.0754336234809921,0.0187734668335419,0.0725907384230287,0.0212765957446808,0.1652065081351689,-0.8346605382781115,0.1759755986725166,0.1532987313800382
1,0.0939153759003658,0.0804309518692691,0.0747052521575083,0.072482255635621,0.073604774964088,0.0110803324099723,0.0277008310249307,0.0110803324099723,0.0692520775623268,-0.8911943807112787,0.2768291470548694,0.173920366761062
1,0.0935560532404042,0.0874369608626383,0.0817863563152427,0.0799874670238272,0.0767173794541316,0.0205278592375366,0.0762463343108504,0.0205278592375366,0.1055718475073313,-1.159165460042787,0.2024797857598186,0.1666950203534838
0,0.096518265531535,0.0941288061189652,0.0847423370843296,0.0818039807017973,0.0794673288406353,0.0051625014666197,0.0789628065235245,0.0198286988149712,0.1214361140443505,-1.4988644153798625,0.0605141329739934,0.1262631706724981
1,0.0882192771120259,0.0803848249461327,0.0763067004677894,0.0720965872389153,0.0722610740111825,0.0061810154525386,0.0701986754966887,0.0357615894039735,0.120971302428256,-1.5455732156954742,0.0639649269947927,0.1273603700885788
0,0.074354262571425,0.0743419331882184,0.0745879192649225,0.0732212183180974,0.0638052852309417,0.0,0.0,0.0493827160493827,0.0987654320987654,-1.3953629419153757,0.0586071274412752,0.1154659102033224
1,0.1000749068183502,0.094578004314544,0.0879195137692993,0.0829523856969305,0.0858412628447998,0.0222619757503478,0.122242098986285,0.0898429735639037,0.223812363347247,-1.2017879171886974,0.1010773110706532,0.2195740686073072
0,0.095241774680316,0.0930817593804944,0.0881130650144736,0.0837234180212803,0.0785438257560907,0.0,0.0551181102362204,0.0314960629921259,0.2125984251968504,-1.149404173034061,0.0747359091220216,0.1040281014325363
0,0.1096428047781814,0.1012607315102223,0.0945947725431205,0.0902038262224437,0.091222880231063,0.032913585182224,0.1366513425278166,0.0445732560463721,0.1554400692917582,-1.150923133896083,0.1415405506400836,0.162234701019037
1,0.0933362005411378,0.0899549790947648,0.0833243942509747,0.0805830776642698,0.0798002689935445,0.0099236641221374,0.0725190839694656,0.0519083969465648,0.2080152671755725,-1.025989728968382,0.1393378744484596,0.1976460352046568
1,0.0982345296100873,0.092138140816444,0.0883168982412146,0.0830947920591567,0.081194106764038,0.01919795221843,0.1578498293515358,0.0823378839590443,0.2866894197952218,-1.3780149794704255,0.0543309768611162,0.1563175447930358
1,0.0804107280950129,0.0709803723701553,0.0671146610866497,0.0646927731666641,0.0673783457273019,0.0043103448275862,0.0672413793103448,0.0116379310344827,0.0870689655172413,-1.227270907783776,0.1125217606247804,0.1653915452060567
1,0.1045096024061834,0.1045415534245655,0.0949816762074022,0.0934523421180835,0.0886722961794697,0.0744186046511627,0.1622093023255814,0.0651162790697674,0.2459302325581395,-1.4777465525852471,0.0829428273965518,0.1574015727302
1,0.0878685405966227,0.0790774556708215,0.0744083528321776,0.0734345149625602,0.0713022367339539,0.0062073246430788,0.0763500931098696,0.0161390440720049,0.1073867163252638,-0.912283628384538,0.1784436220972702,0.1370265990042302
1,0.1075381379340807,0.1051644187100735,0.0998837406205078,0.0910577585731886,0.0947060210710904,0.0391705069124423,0.3064516129032258,0.3202764976958525,0.6589861751152074,-1.2160183914392029,0.1160764456402025,0.2338904904657402
0,0.0932770055364047,0.0882005970802673,0.0803041369440011,0.0797823223946292,0.0737345005124811,0.0214925373134328,0.0805970149253731,0.0197014925373134,0.1355223880597015,-1.296066321394694,0.0521870828229855,0.1412641582922391
1,0.0984867530026767,0.0983060007347268,0.0851726261616501,0.0837743341591955,0.0800213773091667,0.0116189000774593,0.0722308288148722,0.0240123934934159,0.2072037180480248,-1.2481661744590042,0.1343844467186209,0.1653813160574006
1,0.1019530840176777,0.0926322315149272,0.0894300490508232,0.0855762411386006,0.0807997099065651,0.0186859249532851,0.1181758497045603,0.0487349123781627,0.2064037169839907,-1.3804590308251865,0.1044945015142951,0.1566647719515534
0,0.0752396727987803,0.0768335410999861,0.0886760143415478,0.0624545857199616,0.0629874974110435,0.0,0.0,0.0,0.0058479532163742,,,0.0302621210196194
1,0.0973612982740798,0.0914833261014303,0.0828729315571586,0.0789739101281919,0.0813544165034677,0.0032786885245901,0.0786885245901639,0.0544262295081967,0.2183606557377049,-1.2680061416402504,0.1063213485365407,0.1353883981833354
1,0.0891726695672999,0.0844811665348995,0.0822846536643819,0.0741785127637827,0.0741472082695194,0.0032894736842105,0.0493421052631578,0.0197368421052631,0.1217105263157894,-1.1461988112103525,0.129576134800272,0.1535823343597492
1,0.0858987299591221,0.082905109294169,0.0765350197666303,0.0746189217649323,0.0709504938385361,0.0150891632373113,0.1152263374485596,0.0438957475994513,0.1632373113854595,-1.0681921135410253,0.1322987861328302,0.1376143938449276
0,0.0985027206922248,0.0901632548170261,0.0849571670711215,0.0797405784162908,0.0827074602832713,0.0180596388072238,0.1965560688786224,0.1108777824443511,0.3305333893322134,-1.0960269034760812,0.1617111845145856,0.1659143011553326
1,0.0998627856675898,0.1058039700874645,0.0938292053850587,0.0944601286131834,0.0869226652763807,0.0181418361737218,0.0874106652006597,0.0274876305662451,0.1594282572842221,-1.1326710115709928,0.1937630003598321,0.1697253369659574
1,0.1098737659016425,0.1009266272659609,0.0910509663713289,0.0893197484771092,0.088190243308249,0.0247678018575851,0.0743034055727554,0.0371517027863777,0.1826625386996904,-0.9107178304939502,0.2424249720198273,0.1709293901379459
1,0.1057381963018016,0.1006575996118042,0.0941892460803357,0.0866795502515202,0.0905353366296284,0.026188166828322,0.1338506304558681,0.1600387972841901,0.3588748787584869,-1.235400763932777,0.0700859014864354,0.1443997331448671
1,0.0964758584822867,0.0926694867616871,0.0860478483145748,0.0823050971515427,0.0799651406215132,0.0020942408376963,0.037696335078534,0.0261780104712041,0.1162303664921466,-0.7091451086249343,0.3166755627365519,0.1892276295876367
0,0.0964768843639166,0.0875711188052107,0.0860973157283618,0.0810191829063553,0.0783719992171099,0.0118343195266272,0.0606508875739644,0.0162721893491124,0.0931952662721893,-1.0607140697165198,0.1459844778657056,0.165098097159022
0,0.0886929769509235,0.0873132779688627,0.0828742157025746,0.0841994354178939,0.0717961869538756,0.0058479532163742,0.0292397660818713,0.0292397660818713,0.1345029239766081,-0.8153281540583359,0.2507268049906853,0.1354255611713232
1,0.0877369936686357,0.0810693968082352,0.0776648100333642,0.0748093151230107,0.0713499079017001,0.0033557046979865,0.0268456375838926,0.0302013422818791,0.1308724832214765,-1.263243191671987,0.1134973340913333,0.1854626358993578
1,0.0941855162240079,0.0887757751769251,0.0864429767849935,0.0842614006117455,0.0779783240132816,0.0287292817679558,0.1116022099447513,0.0243093922651933,0.1867403314917127,-0.997328083952564,0.1599673775973811,0.1704452686708886
1,0.0942781244365107,0.0863936906762114,0.0840652190961714,0.077403939190894,0.078464547770455,0.0189609404626469,0.1162305650360257,0.0671217292377702,0.2377701934015927,-1.4091543014622696,0.0823337798444741,0.1518120248865577
0,0.088567655897783,0.0840416095709687,0.0799382388089314,0.0819871603061102,0.088180699429658,0.0,0.0,0.0952380952380952,0.0952380952380952,,,0.2420696024167239
1,0.0856968308211727,0.0799178668493122,0.074188951895171,0.0710747007763497,0.0688208631159238,0.0048780487804878,0.0682926829268292,0.0178861788617886,0.1203252032520325,-1.1007415856275835,0.1715368690828285,0.1742455836060098
1,0.0940597182859946,0.0915965838638032,0.0865923502993271,0.0840832037701806,0.0773383724407091,0.0099786172487526,0.0727013542409123,0.0194820622475647,0.1195058208600617,-1.3967994920940234,0.0830764614337153,0.142339602752662
1,0.0979269687748599,0.0843454905371147,0.0800825733361105,0.0762678609498096,0.0768559528883886,0.0063073394495412,0.0470183486238532,0.018348623853211,0.0980504587155963,-1.1128772921224372,0.195954064342828,0.1941010751154551
1,0.0973410996506986,0.0901637251598342,0.0850591939712652,0.0821042491885082,0.0799932144665594,0.0072172102706453,0.0707841776544066,0.0169326856349757,0.1093684941013185,-1.3826659536045736,0.0919733455586991,0.1651503167051322
1,0.0956433083965561,0.0893734183778692,0.0816647283937449,0.078386223894201,0.078969416817773,0.0033638572229489,0.0545692393945057,0.0140160717622874,0.0588675014016071,-1.300522184259952,0.1070334653234123,0.1446233790455897
1,0.0749854529993397,0.0664879163972736,0.0617619631459919,0.061304560080998,0.06195151882892,0.0,0.0366812227074235,0.0061135371179039,0.0384279475982532,-1.1055921454237074,0.1430376728703248,0.1732073192597968
1,0.0993150181210603,0.0976197240345701,0.0898988210053356,0.0885497350258268,0.0843177574565337,0.0302491103202846,0.0845195729537366,0.043594306049822,0.1058718861209964,-0.9796185139810843,0.1391659953413322,0.1529182558974902
1,0.1207517156198101,0.1064074836297,0.0977947081816609,0.0992520005145398,0.0945894403199864,0.0183930300096805,0.1500484027105517,0.0125847047434656,0.0948693126815101,-1.1672347517455812,0.1192795597139217,0.1653076861704176
0,0.1121155569532595,0.1086809861990782,0.1004109194262759,0.1021031259844622,0.0886812226577487,0.0520504731861198,0.1545741324921135,0.0725552050473186,0.3170347003154574,-1.5098984567184022,0.0683960707706975,0.1600434364666021
1,0.1065092687196707,0.1025638741649218,0.0895476350457006,0.08456281329621,0.0873444342321635,0.0133333333333333,0.065,0.0583333333333333,0.1933333333333333,-1.0542073355298696,0.1345007626982471,0.1760641314341006
1,0.0842743330918648,0.0809791910147414,0.0800108128454147,0.0702401004313033,0.0681152136058672,0.0093457943925233,0.0467289719626168,0.0654205607476635,0.1588785046728972,-1.082564731927692,0.1892221573120708,0.1585486038735774
1,0.101093275951846,0.0955142780322394,0.0890597738435786,0.0840461385972923,0.0831269248184123,0.0179385831559744,0.0860443903922164,0.0437823046518698,0.2082699908786865,-1.2542070796304603,0.1280859442103948,0.1595743925859831
0,0.0961703862221677,0.0920606094563523,0.0866975029044965,0.0843436112137472,0.0744641954060064,0.0079365079365079,0.0793650793650793,0.037037037037037,0.3015873015873015,-1.4054414997588542,0.0737359095761582,0.1565483685696121
0,0.0833551192257826,0.0785116411435731,0.0678250974854449,0.0658007288515839,0.0659728864057669,0.0068493150684931,0.0388127853881278,0.0205479452054794,0.0981735159817351,-1.4949942685188011,0.0553314776777917,0.1742714336882835
1,0.1020467836033805,0.0934596160735202,0.086584576223579,0.0826279608938724,0.0845467466494466,0.0085209981740718,0.1095556908094948,0.0286062081558125,0.1539866098600121,-1.0317432240590378,0.1727959407724298,0.1581858657039269
1,0.0829614385039851,0.0734857974449023,0.0705473063050195,0.0679535998463888,0.0656850763278738,0.0059689614007162,0.0382013529645841,0.0151213688818145,0.0795861520095503,-1.276616251909903,0.0792909452531905,0.144998267761701
0,0.0718582467998007,0.0740636532916644,0.0676309940273092,0.0652401044214063,0.0666189979136352,0.0057803468208092,0.0057803468208092,0.0173410404624277,0.0693641618497109,-0.907466418338452,0.2127059033988477,0.1518361007061471
0,0.0922646364332003,0.0887639709017003,0.0836201882782471,0.0781839792590007,0.0776409805461497,0.0113293051359516,0.0619335347432024,0.0332326283987915,0.2492447129909365,-1.1676370846107635,0.1106766085117386,0.0979974275236535
1,0.1025994423264317,0.0931358103021753,0.0867952584059888,0.0850923008540639,0.0843976062418986,0.016867469879518,0.1614457831325301,0.0216867469879518,0.1903614457831325,-1.0201119093270086,0.1538549492013048,0.1773289797389873
1,0.086954712905861,0.0825360996058289,0.0770081483939503,0.0750833537829261,0.0740661132641801,0.0049846063627034,0.032839759566046,0.0114352734203196,0.0496994575575428,-0.4392742826043066,0.433668006509215,0.2105159650739501
1,0.0985474143846116,0.0942744878692053,0.0880701278276324,0.0855390277711349,0.0788081446992546,0.0248648648648648,0.067027027027027,0.054054054054054,0.16,-0.8614396082585821,0.3014190436077195,0.1566669268761274
1,0.0873726585798075,0.0842600133782478,0.0769613901809128,0.07528858734932,0.0758637503238268,0.0075757575757575,0.0443722943722943,0.0248917748917748,0.0584415584415584,-1.2801297278002732,0.1067895420182289,0.1611178938054034
0,0.0727410099518915,0.0719482444480913,0.0669863070544636,0.0623906055980907,0.0617398175332299,0.004231311706629,0.041607898448519,0.0091678420310296,0.0825105782792665,-0.6014638105690829,0.3760980546480765,0.1841813177087763
0,0.1020307553770007,0.1002245420853698,0.0932374033949493,0.0913736933725803,0.0859086890943847,0.0319314641744548,0.1561526479750778,0.0560747663551401,0.3407320872274143,-1.1594295383040545,0.2050649756901498,0.1441586532193303
1,0.0865235416332334,0.0814866536885212,0.0747225630059504,0.0728861294606659,0.0632634007671329,0.0038387715930902,0.0345489443378119,0.0115163147792706,0.0767754318618042,-1.4661120057924883,0.0934991403327726,0.1195066141642593
1,0.0691134861314217,0.0653986126832726,0.0608646819143053,0.0590584727977993,0.0581455488116275,0.004776526782668,0.0313886045718184,0.0228590924599112,0.0767656090071648,-0.893982393359354,0.0843593995364812,0.1519939371734996
0,0.0996814817304177,0.0837402691193909,0.0835035458637458,0.0831971595739999,0.0710169397084438,0.0374805598755832,0.2572317262830482,0.2548989113530326,0.4367029548989113,-1.2402634315985752,0.1629179215162718,0.1163409165860332
1,0.0980511373304083,0.092107593019819,0.0847004172180981,0.0818196868534593,0.0810475928464764,0.0039779681762545,0.0642594859241126,0.0195838433292533,0.0869033047735618,-1.026853095904573,0.2022920758117094,0.1921341016316957
1,0.0855119857940972,0.0886418170542582,0.0825060937830621,0.0792709814974423,0.0740260873297306,0.0115911485774499,0.0435546188970846,0.0189673340358271,0.0920266947664208,-1.5360891726062833,0.058351186678795,0.1603189796746592
0,0.0558828219381022,0.0556023662306702,0.05751456818721,0.0555835101871089,0.0471897173906964,0.0,0.0163043478260869,0.0,0.0217391304347826,-1.0851188945409027,0.1114676037504758,0.1089870080882363
0,0.0864426811651789,0.078319988335897,0.0774807853158044,0.0712182573999383,0.0717610634160406,0.0191570881226053,0.0344827586206896,0.057471264367816,0.2490421455938697,-1.321055459486936,0.0617282023268529,0.1232013664437299
0,0.0828707680213818,0.0765990470336109,0.0702633047944583,0.070384753721183,0.0696704100128412,0.0051546391752577,0.0217900656044985,0.0112464854732895,0.0449859418931583,-1.0466000004667544,0.1045179085866547,0.1413081745468324
1,0.1013030050886932,0.0812200988112332,0.0825564557542668,0.0781433497513593,0.0729856895373377,0.0048387096774193,0.0290322580645161,0.0451612903225806,0.1532258064516129,-1.50658176542545,0.0926912747499796,0.0875528044128016
0,0.0882471635236648,0.0809327096517853,0.0744639575473623,0.0716970388310343,0.0714241523751915,0.0067653276955602,0.0494714587737843,0.0253699788583509,0.0545454545454545,-1.1749513765926227,0.1541202356449115,0.1731726039347536
1,0.1000219545328558,0.0976090803780931,0.0895792203846815,0.0857156920163932,0.0835663508676521,0.0148003351019268,0.1100251326445127,0.0731639206925439,0.2449036581960346,-1.2015126636319209,0.1515742502182711,0.1837477532931242
1,0.1016247093623608,0.0929531701981267,0.0912808777303928,0.0827664282183366,0.0843599878913831,0.0196671709531013,0.2662632375189107,0.2813918305597579,0.5158850226928896,-1.3229751413684083,0.0664110619821526,0.1765429883876907
1,0.0565657502046918,0.0545710046441614,0.0486931320525158,0.0456746560830631,0.044486492066629,0.0022222222222222,0.0388888888888888,0.0111111111111111,0.0444444444444444,-1.227967620902282,0.17728431662632,0.153213183553155
0,0.087156918410799,0.0785656862190524,0.0760117365484534,0.0742450846827463,0.0687130890338381,0.0057987822557262,0.0513192229631777,0.0269643374891272,0.1588866338069005,-1.440161309105416,0.0948623314568036,0.1500133763332635
0,0.1003119398918125,0.1027776793371405,0.092845808291579,0.0926280192207815,0.0850041028311344,0.0306193458594293,0.255393180236604,0.0375782881002087,0.3173277661795407,-0.5845267376325235,0.3755179430590575,0.1717596093177368
0,0.0940898919272133,0.0898142568699428,0.082744878869566,0.0820286555466389,0.0771625168093189,0.013970983342289,0.1020956475013433,0.0236432025792584,0.1676518001074691,-1.2186744241569167,0.1050391015793134,0.1525265983645853
0,0.0708380425741738,0.0678493528102412,0.0611434473257585,0.0585374409537974,0.0588569793508893,0.001063829787234,0.0287234042553191,0.0085106382978723,0.0393617021276595,-0.71235523971487,0.1664278597519106,0.139966397564529
0,0.0901590617540321,0.0729631422440969,0.0760756888066485,0.0688613497323787,0.0742440083355679,0.0041551246537396,0.0193905817174515,0.0110803324099723,0.0941828254847645,-1.1781111969240483,0.1673997318886312,0.1654490671130885
1,0.0758574934985664,0.0667894549021646,0.0617592979535565,0.0587616320004345,0.0615858006415496,0.0,0.0232558139534883,0.0232558139534883,0.0387596899224806,-0.8553721766036337,0.0630920836576251,0.1710411891229168
0,0.099020458615233,0.0977807261993543,0.0899126025055849,0.08621869750678,0.0830145190967174,0.0065090041223692,0.0890648730744196,0.0381861575178997,0.2031894120199609,-1.442447583385352,0.0586473458829459,0.1510383102900586
0,0.0793553264446667,0.0734368798222895,0.0687309786973207,0.0666097133914797,0.0659091675889883,0.0042372881355932,0.0317796610169491,0.0098870056497175,0.0564971751412429,-1.1388348369579846,0.1569388337953128,0.1326336263813314
1,0.0974456331400149,0.0901308292552167,0.0850345614376257,0.0802657140462669,0.081316542659722,0.0222984562607204,0.1132075471698113,0.0480274442538593,0.248713550600343,-1.36193215806468,0.0791818252388841,0.135793833883074
1,0.0852807221816724,0.071935046569028,0.0755796959274082,0.0680710395924357,0.0681520447584163,0.0,0.0415224913494809,0.0103806228373702,0.1314878892733564,-1.112144319974837,0.2572729872816071,0.1684954196112106
0,0.098799722275981,0.0908862945485243,0.0849686214817374,0.0755841713392802,0.0797874955412241,0.0125523012552301,0.0753138075313807,0.0460251046025104,0.1548117154811715,-1.1474511989574945,0.0990826943426444,0.0993497949443708
1,0.0723205472839001,0.0648155639596799,0.0606702093498476,0.059993511844524,0.0586809041291367,0.005811354492624,0.0321859633437639,0.0156459544032185,0.0478319177469825,-1.0366874914092392,0.1748900323933147,0.1428463754489211
1,0.0751491856440351,0.0680877061821311,0.0678802202828414,0.0661291631212972,0.0599696816723078,0.0016583747927031,0.0215588723051409,0.0132669983416252,0.0696517412935323,-0.7662088820466373,0.3261111021714221,0.1710850463241967
0,0.0863336312174464,0.0804687005204241,0.0777882505265774,0.0733354378435579,0.0719530214756162,0.0040453074433656,0.0606796116504854,0.0169902912621359,0.1092233009708737,-1.301796721047208,0.1085414240049248,0.1566636330268719
1,0.0893213089595826,0.0833052492098988,0.0800613496289125,0.0741649908363241,0.0752148192145779,0.005813953488372,0.0697674418604651,0.005813953488372,0.0872093023255814,-1.570052724470293,0.0234069289218318,0.1530139375897709
1,0.0929340460934985,0.088756154332304,0.0841246358108965,0.0800985727169998,0.0772718890348952,0.0036997885835095,0.0671247357293868,0.0332980972515856,0.144291754756871,-1.633144450995018,0.0801387334844554,0.1714819664577557
1,0.0915989195403273,0.0840718409469342,0.0784640048256043,0.074188480294076,0.0773468501357074,0.0087702390131071,0.0739205859676175,0.0207208943716268,0.0932922127987663,-0.9764300221109312,0.1745531449884247,0.1917910026768391
0,0.1005268051978804,0.0943853458917064,0.0866741964263381,0.0842962194086813,0.0832577425591461,0.0145175064047822,0.0936521491602618,0.0162254483347566,0.1586962709934528,-1.0800179247264412,0.0923366086289141,0.1322935841710071
0,0.0922875542900581,0.0806662302602819,0.0774211834598977,0.075439393246319,0.0729037603191371,0.0107548297151961,0.0505875323640709,0.0145389364668392,0.061342362079267,-1.3094705595895255,0.0693845899234929,0.1472753069954606
0,0.0853465600925773,0.0765260662937576,0.0747173618697614,0.0694197974304931,0.0695210121230849,0.0,0.0985401459854014,0.0693430656934306,0.25,-1.2979158011849992,0.0735839022543124,0.144357936122172
0,0.0839199652098963,0.0712912175869684,0.0705673503400378,0.0676593386271988,0.0655260138680381,0.0106496272630457,0.0638977635782747,0.0532481363152289,0.1224707135250266,-1.30427368682347,0.0977211848257261,0.1451428668708207
1,0.105202879922646,0.097655513260554,0.0877752800363883,0.0828767892706076,0.0835868700441414,0.0118811881188118,0.093069306930693,0.0811881188118811,0.2059405940594059,-0.9987798231727004,0.2113047241810549,0.2029686074078489
1,0.0974086192378856,0.0875196462415471,0.084024140241362,0.0759967255594077,0.0800708568396457,0.0229007633587786,0.11886586695747,0.0806979280261723,0.2410032715376227,-1.5568132714776428,0.0871754596028641,0.1465810051577876
1,0.0549519105643991,0.0517357383230446,0.0475993148636154,0.0464488298252187,0.0459984006232188,0.0029610829103214,0.0236886632825719,0.0076142131979695,0.0359560067681895,-1.3006023477602435,0.0844944024606927,0.0867011718446998
1,0.0823626028724941,0.0752566510482477,0.0707985491592307,0.0703734342283664,0.0664221479300368,0.008058608058608,0.0498168498168498,0.0168498168498168,0.0772893772893772,-1.0961540419726843,0.1577804609868581,0.1751099884815068
0,0.1075429722130098,0.1069080244997352,0.0977420725396798,0.0959233399163085,0.0909233884968891,0.0404040404040404,0.1660079051383399,0.1032059727711901,0.3706631532718489,-1.415327533925714,0.0713106280261972,0.1319644880155824
1,0.095286262841823,0.0891588445882941,0.0805254002093937,0.0804431815978042,0.0795423240939276,0.005933117583603,0.0462064005753326,0.0116864437252786,0.0569938870909744,-1.17177965577167,0.1255636666916952,0.1561893629959697
1,0.0515002209115698,0.0417540765573275,0.0423311546919109,0.0400918240044532,0.0456430828230921,0.0029940119760479,0.0149700598802395,0.0104790419161676,0.0209580838323353,-1.0701792483620491,0.1835760221000808,0.1727612668465382
1,0.0788714679686989,0.0816957174242787,0.0706241536123146,0.0707867172980555,0.0635424908773395,0.012399708242159,0.0350109409190372,0.011670313639679,0.0824215900802334,-0.9921919596148536,0.1578341316751848,0.1805169553500199
1,0.0938118504594956,0.0889979097469523,0.0813760102811049,0.0773724336177003,0.0759406848027555,0.005,0.0496666666666666,0.0266666666666666,0.1073333333333333,-1.3501481325294775,0.0759616350907384,0.1400015662511578
1,0.0984138408461005,0.0965471428198791,0.089018023256314,0.0851573313051245,0.0824519333364503,0.0052910052910052,0.1322751322751322,0.0529100529100529,0.2116402116402116,-1.38165985499247,0.0514028519226003,0.1000194622557992
1,0.094662509157699,0.0906511204953047,0.0808650476968238,0.0812430616133101,0.0761465337612543,0.0054644808743169,0.0375683060109289,0.0129781420765027,0.0601092896174863,-1.1832614187263952,0.1390356363110317,0.1591087376562567
1,0.0988532085326079,0.0918678960625213,0.0855020061849155,0.0817639918742568,0.0797867651067454,0.0292249047013977,0.1041931385006353,0.0520965692503176,0.2388818297331639,-0.9691141158304328,0.218260471698324,0.1497557887607679
0,0.0711999892731442,0.0660657128123182,0.0687688982648387,0.0607126186910171,0.059523463305795,0.0,0.0217391304347826,0.0597826086956521,0.1304347826086956,-1.8339986773062715,0.0114364910547638,0.1056474559687714
1,0.0789199083389427,0.0716285222863007,0.0681465601478767,0.064961405612275,0.0660703658080621,0.0035087719298245,0.0491228070175438,0.0210526315789473,0.1111111111111111,-0.9930063068170398,0.1737039488177669,0.1560048408070163
1,0.0744797666004267,0.0651749773895916,0.0653257332969016,0.0612159386942745,0.0590254463775451,0.0005851375073142,0.0292568753657109,0.0140433001755412,0.0678759508484493,-1.1397224049092365,0.1086656878724111,0.1295057931789148
1,0.102489396815363,0.0972909303125538,0.0903045921260329,0.0867550536719535,0.085503780453585,0.0248652621264086,0.1022782949534541,0.0982361587457128,0.2245222929936305,-1.375408092920626,0.0732762869769853,0.1597871218609558
0,0.0840475916445775,0.0809774508554953,0.0736574791159271,0.0697733695795103,0.0704107530553957,0.0,0.0528455284552845,0.0203252032520325,0.024390243902439,-1.1948498154474532,0.0886472272488003,0.1373910082396902
0,0.0770648470582507,0.0729856625429241,0.0671953188931712,0.0657805083559745,0.0655443603148675,0.0061973227565691,0.0436291522062469,0.019087754090233,0.0684184432325235,-1.1419915363330708,0.1147842231875222,0.1470711856209217
1,0.07794050078802,0.0719677214505229,0.0683747911030118,0.0652990080015423,0.0646959397446224,0.0034828036569438,0.0487592511972137,0.0287331301697866,0.1131911188506747,-1.217053537360285,0.0915786022709686,0.1291733965058221
1,0.0991439476990087,0.0917203760145993,0.0855259767130469,0.0819154907452603,0.0803519533862677,0.0067114093959731,0.0693512304250559,0.0320656226696495,0.1025354213273676,-1.2457812835747242,0.1285189674410821,0.1481280546688732
0,0.1016241836900533,0.0925728236572603,0.0864056257762261,0.0821667928461032,0.0780047484098514,0.0076923076923076,0.0538461538461538,0.0,0.1615384615384615,-1.267628580858149,0.0554453262642984,0.1376488635007819
1,0.0831015834729909,0.074169425589349,0.0701453927692169,0.0660459849982867,0.0692637582975714,0.0039808917197452,0.0337048832271762,0.0233545647558386,0.0902335456475583,-1.0493209766052698,0.0833292690716251,0.1328784361866288
1,0.0951625104416995,0.0917434190008462,0.0845641055584614,0.0816445277490202,0.0804863080080308,0.0109471680152308,0.0533079485959067,0.0295097572584483,0.1137553545930509,-1.3462814941279575,0.1058949773822414,0.1508953730413118
1,0.1022190408774419,0.0930136497985787,0.0884005842083308,0.0829979230752772,0.0872642020858776,0.0177777777777777,0.0933333333333333,0.0266666666666666,0.1244444444444444,-1.310951415703934,0.0627145684651615,0.1901255305446123
0,0.0823878643840999,0.0767481668286311,0.0720529135323334,0.0698591082452957,0.0690027818980591,0.0022573363431151,0.0203160270880361,0.0112866817155756,0.0586907449209932,-0.9294757957938315,0.1651234363556505,0.1241066291259386
1,0.0911605892359783,0.0893073315810996,0.0822586659342216,0.0825142696675256,0.0760944420432477,0.0156006240249609,0.0534321372854914,0.0440717628705148,0.1614664586583463,-1.3670303300900897,0.063840072039763,0.1361693195440997
1,0.0797907172905167,0.0788672957041488,0.0789109770545498,0.0794695870532521,0.0686984593019103,0.0047058823529411,0.0235294117647058,0.0070588235294117,0.08,-1.2927440635135117,0.1465482007259055,0.1166810453610285
0,0.1046311847309984,0.0980812736924841,0.0887081230152189,0.0823398304166248,0.0868512950175774,0.0168776371308016,0.1054852320675105,0.0759493670886076,0.2236286919831223,-1.1990321032100797,0.100467746300769,0.1613478020715551
0,0.1022814942005875,0.0998259243330402,0.0943615356796917,0.0916533938558489,0.0835091575096508,0.0366911274182788,0.0947298198799199,0.0420280186791194,0.2041360907271514,-1.4021837467643914,0.0787008902236797,0.142773792316555
1,0.0835685112020535,0.0839324458087545,0.0730387200695502,0.0747386428717298,0.068013880666514,0.0035971223021582,0.0224820143884892,0.0098920863309352,0.0431654676258992,-1.1631045663391426,0.1655530040857557,0.1552099931142635
1,0.0655488983743121,0.059692809707987,0.0572646352021836,0.0541878995365926,0.0530958897118908,0.00141392718275,0.0381760339342523,0.0049487451396253,0.033227288794627,-0.9882755251086196,0.1696770691972501,0.1572873300424814
1,0.0987621346202166,0.0937325702563219,0.0896649743304092,0.0874626917366748,0.0820859416273574,0.0155857214680744,0.0839617898441427,0.0231271995977878,0.1618903971845148,-0.8719720986038565,0.2760928976040372,0.180041183782618
1,0.0966901670810571,0.0922998532600711,0.0843508668817935,0.080729972639678,0.0795080043558416,0.01194743130227,0.044205495818399,0.026284348864994,0.1027479091995221,-1.2938848689995757,0.0819128379513312,0.1539520504521453
1,0.1044640356693307,0.0915172455068334,0.089448652457988,0.0854103620208541,0.083924072897056,0.0248478701825557,0.1130831643002028,0.0446247464503042,0.2342799188640973,-1.1248686769330911,0.1046752499345756,0.1394393610616102
0,0.0927274158454742,0.0921441283468159,0.082212376436794,0.0811202907476687,0.0777168295068428,0.0043772383605252,0.0497413450059689,0.0310385992837246,0.129725427775567,-1.4788470780243752,0.0763221700070796,0.1401293478213009
1,0.0943517455755638,0.0885064111058343,0.0851086012695812,0.0788852150430457,0.076928845113419,0.0097993467102193,0.0730284647690154,0.0240317312179188,0.1796546896873541,-1.186824428952277,0.196385519508674,0.1486688152044479
1,0.0938995800109955,0.0915789751786455,0.0851951951482776,0.0827941651924351,0.0789461519929609,0.010331314570716,0.0381189882436765,0.0167438546490915,0.0673316708229426,-0.9679069136104156,0.2419238968387663,0.1550603298479993
0,0.0832206627676174,0.0811831772107083,0.0751334326491962,0.0717616663318402,0.0665511937269146,0.0,0.0588235294117647,0.01890756302521,0.1680672268907563,-1.20516947697991,0.1110081817867753,0.1358507829596179
1,0.0753034810386296,0.0706570087794141,0.0681521620115797,0.0650362681073762,0.0637586751458093,0.0023685457129322,0.0412126954050213,0.0161061108479393,0.0573188062529606,-1.12579835681671,0.1025345122455102,0.1557828387021836
0,0.0912624110751309,0.080262940973125,0.0765762061703657,0.0703325435575616,0.0753123689940173,0.0130597014925373,0.0752487562189054,0.0648839137645107,0.122927031509121,-1.2289689463899247,0.1480559414543254,0.1498349373091103
1,0.1028684617586893,0.1055253426562114,0.0939292380740614,0.0891484277098903,0.0858998078149333,0.0116776956014013,0.0552744258466329,0.0210198520825223,0.1249513429349941,-1.2584091282103076,0.0962985484284631,0.1674426619650806
0,0.0854106356067405,0.0757543858539624,0.0731568700194725,0.067123386334253,0.0682157795642809,0.0,0.1206225680933852,0.1011673151750972,0.2295719844357976,-1.3889358688246458,0.1133085841218406,0.164800379329801
0,0.0966975409995406,0.0853754635642345,0.0853220051523909,0.0780637664627808,0.0787944229071397,0.02,0.04,0.0533333333333333,0.12,-1.430895813211372,0.0965773242043038,0.1248558503268975
1,0.0786398543766563,0.0789335078513189,0.0721877424473416,0.0694845714393994,0.066900070797562,0.0012496875781054,0.0349912521869532,0.0094976255936016,0.0522369407648087,-0.4973213754966731,0.4133860456567164,0.1954061672845872
1,0.0841449552447174,0.0778693803840011,0.0726502880260999,0.0690463152136135,0.0676364112000197,0.0020576131687242,0.0452674897119341,0.0092592592592592,0.0658436213991769,-1.1878653809789117,0.1061142638695939,0.1440694427257682
1,0.0810719750550726,0.0733346322916721,0.0704699655791993,0.0653835175312259,0.0681784475962325,0.0034423407917383,0.0395869191049913,0.0240963855421686,0.1290877796901893,-1.2915189560165927,0.1321809692755717,0.1669981817851077
1,0.0883485900675867,0.0838188412964467,0.0778129666069569,0.0737528567747127,0.0732269672662378,0.0107192254495159,0.1106500691562932,0.0663900414937759,0.1732365145228215,-1.333659385363101,0.0928723339398094,0.1313594065212735
0,0.099569096391557,0.1003928134927667,0.0906926130733895,0.0903276710990591,0.082645180991325,0.0107751129648939,0.0549183176920403,0.0121654501216545,0.1286061870003476,-0.512014541283878,0.3884848605947564,0.1396140543176354
0,0.1043682917041093,0.0984043453165449,0.0894238568757784,0.0876527918532383,0.084845232968705,0.0283980056362453,0.0869282462605679,0.0372859310643832,0.1851289833080424,-1.396428474834453,0.0703048445349168,0.1473688204371759
0,0.096555232587609,0.0871913154532701,0.0858515536465266,0.0874512965823214,0.0685536918414048,0.0100671140939597,0.0637583892617449,0.0302013422818791,0.197986577181208,-1.4204656213484312,0.0399791344670406,0.1005216333742974
0,0.0862052071070466,0.0840912821234763,0.078796458065692,0.0762728797283016,0.0708401447817867,0.0095389507154213,0.0556438791732909,0.0190779014308426,0.1208267090620031,-0.9364981415457952,0.0987791190459513,0.127396076906127
0,0.0885814906359709,0.0776064845821737,0.0794030831030657,0.072081235514138,0.0712665763783419,0.0284321689683184,0.054021121039805,0.0426482534524776,0.2725426482534525,-1.1689352616832906,0.1563088801272317,0.1099669141237341
0,0.0872562399260007,0.0852310251444994,0.079427427523302,0.0779661579778736,0.0716528843145981,0.0,0.0309859154929577,0.0112676056338028,0.0746478873239436,-1.3960771952824766,0.0663246549990281,0.1182359746225488
1,0.1026668192260094,0.0947000226602524,0.0875972968775966,0.0850289405674842,0.0822155272532959,0.0118421052631578,0.0884210526315789,0.041578947368421,0.1621052631578947,-1.3308367047679002,0.1168640025444002,0.1522479152424071
1,0.1089560857896864,0.114167816000237,0.0970995594037487,0.0968921406493854,0.0890009007905985,0.0176442536957558,0.1664282308059132,0.0305197901764425,0.3547925608011445,-1.152371916326408,0.1872652801806006,0.1481856191489657
0,0.103748395983983,0.0946645465744309,0.0959792984255276,0.0902467540413304,0.0852022549296402,0.0453980099502487,0.1747512437810945,0.0398009950248756,0.195273631840796,-1.2858013058568876,0.0801932573320423,0.1728305859305634
0,0.0800100763530869,0.08158923206049,0.0727568332020026,0.0743106710612526,0.0724280366801526,0.0019801980198019,0.0435643564356435,0.2118811881188118,0.0564356435643564,-1.3025196217120871,0.056939077118173,0.1491423345263937
1,0.0822045431148276,0.0768933664085551,0.0733226270584183,0.0701036687468693,0.0735083513073348,0.0118043844856661,0.0961214165261382,0.0202360876897133,0.1129848229342327,-1.2562566934394297,0.1009181084426764,0.1730422155311042
1,0.0898366208011458,0.08031078644099,0.0757549893717053,0.0717703563879796,0.0716968180131622,0.0107991360691144,0.0998920086393088,0.0307775377969762,0.1090712742980561,-1.2404459555581728,0.0756510891767989,0.1487922441232319
1,0.0978408025384369,0.0877670404069573,0.0850518917690133,0.0793535938296838,0.0790127433273986,0.0094451003541912,0.1097992916174734,0.0608028335301062,0.2284533648170011,-1.032995178738779,0.2119745406733633,0.1386483964016995
1,0.1023829572800872,0.098922643963648,0.0944540493571287,0.089710711844615,0.0850807336446948,0.0258564964447317,0.1486748545572075,0.0691661279896574,0.3600517129928894,-1.437945166193127,0.0495341454958108,0.1155123473959275
1,0.0894563870232267,0.089831712608321,0.0826965055672494,0.0799938782416271,0.0738955526966145,0.0147347740667976,0.0618860510805501,0.0500982318271119,0.2534381139489194,-0.8943953789376156,0.1181052227507524,0.1246612308819692
0,0.0895926995984404,0.0843567171691153,0.0774386411673589,0.0754516145469355,0.0751561707959335,0.0013458950201884,0.0847913862718708,0.0161507402422611,0.098250336473755,-1.1312172988572418,0.1401975103969633,0.170808889192442
1,0.0827787501887269,0.0753069696159045,0.0726954792890271,0.0695853908113162,0.0665303287365764,0.004698512137823,0.0261028452101279,0.0109631949882537,0.054293918037066,-1.062074648142843,0.1741341992340664,0.156417921713568
0,0.0944699243006268,0.0881373263235156,0.0847337885566934,0.0821375186219865,0.080916721558633,0.0174418604651162,0.0722591362126245,0.0357142857142857,0.1378737541528239,-0.5670681415188819,0.3831135012103289,0.1725890026840342
1,0.0926671093137333,0.0899041613729448,0.0826050835607212,0.0788579964653178,0.0751437790574941,0.0069752694990488,0.0532656943563728,0.0329740012682308,0.1147748890298034,-1.5262707252449397,0.0891143084856922,0.1378186623004398
1,0.1057583417789244,0.1084202294225775,0.0979183403893748,0.0970836794631003,0.0858371016835701,0.0114049987867022,0.0808056297015287,0.027420528997816,0.1756855132249454,-1.0623640950304576,0.0825312368067119,0.151090492522515
1,0.0916179008097598,0.0811975347043014,0.0751262861321185,0.0744252010292506,0.0701926703435424,0.0038167938931297,0.0271946564885496,0.0162213740458015,0.0534351145038167,-1.20605766002151,0.1820585976505413,0.1509287832921329
1,0.0939169356269102,0.0929542745923902,0.0902712210512405,0.085685538396688,0.0768785364446488,0.0096618357487922,0.0338164251207729,0.072463768115942,0.178743961352657,-0.960985043771838,0.1824853763557145,0.1575246810358005
1,0.0908023780154745,0.083090841752543,0.0782468413971541,0.0740744955847181,0.0741810744521322,0.0112079701120797,0.049813200498132,0.0186799501867995,0.0759651307596513,-0.9000648480000629,0.1599072479934826,0.1386976218338388
1,0.1029987256163006,0.0987400866521374,0.0866954072761131,0.0877119680070869,0.0865067258850481,0.0240963855421686,0.0602409638554216,0.0240963855421686,0.1265060240963855,-1.422736331959018,0.0641051231800651,0.1517308904031392
1,0.0843269132787519,0.0807547222421495,0.0752219232536018,0.072485680892972,0.0694836825980375,0.0031227821149751,0.0414478353442157,0.0248403122782115,0.0867281760113555,-1.2346579656158518,0.1326207984168869,0.1528280971952542
0,0.0962385191436339,0.0865066111423702,0.0806712121579698,0.0764577068597045,0.079190830065366,0.0179292929292929,0.1146464646464646,0.0734848484848484,0.1856060606060606,-1.3007430184058837,0.107952322639781,0.1514734135688643
1,0.1043008341707269,0.098552619096859,0.0918782735445566,0.0886716746106785,0.0885969775317922,0.0236495565708142,0.095941951088417,0.0333243751679656,0.1480784735286213,-0.7448546134743735,0.2596808889009032,0.2074200118377896
1,0.0763389983117698,0.0718276698291406,0.0665003905138388,0.0664267717867344,0.0604789883522523,0.0017857142857142,0.0285714285714285,0.0160714285714285,0.0392857142857142,-1.1680549821500217,0.1480507241856749,0.1428473492363539
0,0.1048491760124255,0.091605675837033,0.0846855937068501,0.0814531656032977,0.0859078495278635,0.0065861690450054,0.0702524698133918,0.0493962678375411,0.1877058177826564,-1.402515048715013,0.0961528210158754,0.1125472707819198
1,0.0986644564956662,0.0983694504074447,0.0902832961677359,0.0876823910190037,0.0796098542381609,0.0268456375838926,0.0604026845637583,0.0308724832214765,0.1543624161073825,-1.5324806173333922,0.0547529052068731,0.1434615987786793
1,0.0812068404579188,0.0828337187088743,0.0770557743501315,0.0730798715545409,0.072088563723972,0.0026041666666666,0.046875,0.0286458333333333,0.0677083333333333,-1.389566967940636,0.0715706357491449,0.1594796071047726
1,0.1201444588403062,0.1169538448339204,0.1029417927174847,0.1081395991619453,0.0921083913361897,0.0269713261648745,0.1808243727598566,0.0469534050179211,0.2838709677419355,-0.9610791040467548,0.2510191525155502,0.2477942660773459
0,0.1002181518442863,0.1008835612136064,0.0863852252143798,0.0877806136672724,0.0802233170476377,0.0098984110445428,0.041938004688721,0.0197968220890857,0.0656420942953894,-1.6073821184854875,0.0535399560781804,0.1109593156118926
1,0.0755406039948264,0.0708462798834957,0.0653880350719739,0.0626404789678133,0.0637044805886157,0.0090122566690699,0.0630857966834895,0.0136986301369863,0.0627253064167267,-1.1781472792503258,0.1253121904841134,0.1597286750807444
0,0.0409463359039754,0.038085241503915,0.0332262478711081,0.0338305565145906,0.0331921247454267,0.0002546473134708,0.027501909854851,0.0119684237331296,0.0305576776165011,-1.685371494648934,0.0377186789156352,0.1539343920366281
1,0.0935109255959345,0.0800854781142734,0.0826025440896009,0.077431815205844,0.0759893075860259,0.0088888888888888,0.0622222222222222,0.0488888888888888,0.0888888888888888,-0.9014502852033648,0.0427745822862486,0.120657046789373
0,0.0891659135368224,0.0850125305726564,0.0787633242838953,0.0780265722015641,0.0708610853188922,0.0082460441274793,0.0610652997548473,0.0276353911299309,0.1317138399821707,-1.6318304185300176,0.0480118751087548,0.1160032627275721
0,0.0799315806204393,0.0665141991048142,0.0711308483779044,0.0644717982538855,0.0609312140045336,0.0,0.0,0.0853658536585365,0.2073170731707317,-1.4549172696129529,0.0634012985880245,0.1585690512850586
1,0.1072115269719392,0.1013991792718676,0.0936842138536602,0.090638564933046,0.0885714488536061,0.0432484382508409,0.1917347429120615,0.0509370494954348,0.2325804901489668,-1.0233892576577908,0.1762289901842939,0.2024901953458423
1,0.0937542147404626,0.0855106172658884,0.0799324249079517,0.0809820852503491,0.0758890953894087,0.0084666039510818,0.063969896519285,0.0112888052681091,0.0893697083725305,-1.4295255921215115,0.0477335070091092,0.1713633401721294
1,0.0944216664802043,0.0934201304558144,0.0861400479190057,0.0817721995017225,0.0782255828263841,0.0075187969924812,0.0225563909774436,0.0150375939849624,0.0576441102756892,-0.973220562942104,0.1779740207493758,0.145320122619413
1,0.0924821199664783,0.0881108728757762,0.0798059232340062,0.0789504603776694,0.0762040520196975,0.0121497998856489,0.0501715265866209,0.0200114351057747,0.0983419096626643,-0.9974696507223112,0.1418475340950734,0.1436795199069842
1,0.0677882768978417,0.0579740415396044,0.0548959250809772,0.0547068792797692,0.0543139068944394,0.0051020408163265,0.0476190476190476,0.0204081632653061,0.0612244897959183,-1.3493201317835022,0.0872800101953583,0.157591773462042
1,0.0819897602692303,0.0734040203262464,0.0690158820315935,0.066040960213399,0.0670073815759802,0.0021459227467811,0.0287553648068669,0.0094420600858369,0.0555793991416309,-1.1284687037643726,0.1617904412276634,0.1681178022819981
1,0.0941830976952065,0.0960815868749133,0.088781705498892,0.0857846594669897,0.0796707254878489,0.0237764665046858,0.0735855605692467,0.038528288788615,0.1485595279416869,-1.3496328385994314,0.1021988259600221,0.1971895461023027
0,0.0947956249476092,0.0891081125049084,0.0820428395903768,0.0778076005433658,0.0815821236056638,0.0140306122448979,0.0854591836734693,0.0522959183673469,0.1811224489795918,-1.1387468519714097,0.1524848954892909,0.2050307114635908
0,0.0846301616242598,0.0811077305299838,0.0769933595213768,0.0725168911990412,0.0730948116813755,0.0037907505686125,0.0409401061410159,0.023502653525398,0.0803639120545868,-1.0059434641224478,0.2004888399313944,0.1444744075892875
1,0.1038633170604057,0.0998355427271146,0.0917765355975054,0.0884953887286659,0.086244651256253,0.0165475742760436,0.1342610003760812,0.0440015043249341,0.2707784881534411,-1.0314365872738158,0.2301842943556569,0.1618286239004902
0,0.0901380912838012,0.0857021296835088,0.078453607177963,0.0760026292898448,0.0755253670507006,0.021321961620469,0.0692963752665245,0.0511727078891258,0.2153518123667377,-1.3574772301119429,0.0951359061706892,0.1203337422237184
1,0.1013646197042101,0.1004802316248582,0.09065906114839,0.0877293227590663,0.0834714467631042,0.0134247357897743,0.0775492716366752,0.0409882890602684,0.1276778063410454,-1.2357780628369042,0.1158521215387524,0.1601583389130449
1,0.0977163949572841,0.0922553210770436,0.0838587653065675,0.0779757352916934,0.081835079963659,0.0122615803814713,0.1757493188010899,0.0599455040871934,0.2016348773841962,-1.0256529886362644,0.1873632854646662,0.1787476066234832
0,0.0860807598181648,0.0814663493812932,0.0796382519308296,0.0757381728180214,0.0722554714597204,0.0029239766081871,0.0380116959064327,0.023391812865497,0.1228070175438596,-0.7846896305358126,0.1384526575608744,0.132859766576543
1,0.0793731025965492,0.0737595808221683,0.0704551123947046,0.0677167845579996,0.0651698870684585,0.0023584905660377,0.0277122641509433,0.017688679245283,0.084316037735849,-1.6803543806971497,0.0364568533684818,0.125073568898675
0,0.0886051630630055,0.0800477564213234,0.0755993169241608,0.0691753267092119,0.0738367459954338,0.0152579803252358,0.0701666332061834,0.0577193334671752,0.1800843204175868,-1.1508496478516572,0.1584299862138771,0.172273654851141
1,0.0798443485618616,0.072597311972852,0.0705111097618681,0.0700304682631617,0.0664900684282332,0.0080775444264943,0.0274636510500807,0.0258481421647819,0.0678513731825525,-1.1617583106852651,0.09460063704395,0.1479279800125357
0,0.09520613865097,0.0929019908098997,0.0865650563226156,0.0869977317185221,0.0763001648648036,0.0082191780821917,0.0630136986301369,0.0164383561643835,0.0986301369863013,-1.0770204603547406,0.1206031009313456,0.0775420089155328
1,0.0997775358753166,0.0901967870891676,0.0848131454811524,0.0792008863491158,0.0840978529263733,0.0069572334765704,0.0900347861673828,0.0380601596071209,0.1113157356251278,-1.3286905101996964,0.1107343525979015,0.1607135506496383
0,0.0966070166358316,0.0976008289536454,0.0905053905878468,0.0863391058438444,0.0850450255445679,0.0263480392156862,0.1084558823529411,0.079656862745098,0.1887254901960784,-1.2306586915883606,0.0636137746100673,0.1394276013863985
1,0.0792493594701536,0.0728225723892025,0.0676757012136138,0.0642207977641177,0.0687157799167504,0.0065084226646248,0.0482388973966309,0.0160796324655436,0.0593415007656967,-1.320150799879037,0.1362376617201143,0.2179741878703243
1,0.0911072126269825,0.0828045321569596,0.078636163435133,0.0797807041021553,0.0708635218061092,0.0039032006245121,0.0359094457455113,0.0109289617486338,0.0671350507416081,-1.0103041602996312,0.229543733490156,0.1640869702714479
1,0.1063772970827208,0.1060235942066216,0.0900413468760241,0.0890548488292017,0.0848884588097737,0.0073710073710073,0.0675675675675675,0.0282555282555282,0.1449631449631449,-1.0906660182199577,0.1785472901887224,0.1553433753181005
1,0.0954240104339068,0.0940004696619656,0.0876728998974332,0.087137562850084,0.0800409746513109,0.0058842759071592,0.084995096436744,0.0075187969924812,0.094802222948676,-0.9401139161756976,0.1568789963006299,0.1606010725491017
1,0.1039979083976551,0.097065777029134,0.0900068154197252,0.0859454411490882,0.0862969018292823,0.0157109190887666,0.1743912018853103,0.0722702278083267,0.3095051060487038,-1.181771824602356,0.1663857142591724,0.1836212489287784
1,0.091458881284633,0.0821710067363818,0.0772481661036025,0.0752995607663585,0.0727927157955591,0.0025395033860045,0.0338600451467268,0.0177765237020316,0.0713882618510158,-1.2554381456977382,0.1409648783296079,0.1473876258406095
1,0.0987993798869,0.085457205185769,0.0805638886296215,0.0764191483535108,0.0781627451051282,0.0133171912832929,0.0581113801452784,0.036319612590799,0.1525423728813559,-1.3135725519600914,0.1104387308141793,0.1509608384531922
0,0.0942900627181619,0.0892785108730969,0.083543531699142,0.0785996336831822,0.0788631657614006,0.0205850487540628,0.0780065005417118,0.1213434452871072,0.2296858071505959,-1.317094136258501,0.1567191965599564,0.126237167000774
1,0.089636366456189,0.0805103583748258,0.0779273611751976,0.0771238680944319,0.071712228261009,0.0175824175824175,0.0923076923076923,0.0945054945054945,0.1846153846153846,-1.2345065993191664,0.0747880888584745,0.1480020942512665
0,0.0906903531631131,0.0807265728446646,0.074671248383965,0.0710118253400534,0.0784970554659201,0.0068493150684931,0.0136986301369863,0.0136986301369863,0.071917808219178,-1.130702619889391,0.0982847763452259,0.158889061993002
1,0.0897012942939185,0.080423701494463,0.0790537419195741,0.075695163987011,0.0736402776378925,0.00390625,0.0143229166666666,0.0169270833333333,0.0625,-1.2925844115758411,0.1433120725931369,0.0854668467462451
0,0.1038489066995537,0.0975123451009693,0.0888621444835015,0.0877369996618425,0.0878133150954772,0.0284458552069344,0.1135392503967769,0.0366255646441215,0.166890489561714,-1.258561744354787,0.1234414642266837,0.1644034344133093
1,0.0975986098546189,0.0926029210328651,0.0878323343731269,0.0836901382899154,0.0797096960207237,0.0053304904051172,0.056503198294243,0.0287846481876332,0.1449893390191897,-0.6130517764724589,0.3652617671132626,0.1590287245675855
1,0.1009165412215361,0.0919783382732618,0.0862168540370695,0.0840064502949754,0.080455533945063,0.0077220077220077,0.166023166023166,0.0173745173745173,0.1235521235521235,-1.3242741559475513,0.0615073813160393,0.149112860902405
1,0.0876895499972048,0.0836102734868022,0.0797756079173829,0.0796982370166714,0.0695517160178051,0.0068027210884353,0.0290661719233147,0.0228818800247371,0.1255411255411255,-1.350360273823172,0.1548177823129506,0.1330594392172513
0,0.1046028175970661,0.0966791644083574,0.0923847433728496,0.0887874873696445,0.0871930669354348,0.0379353233830845,0.1156716417910447,0.0907960199004975,0.2369402985074626,-0.7313761107917294,0.3218952415253944,0.1419071793413258
1,0.1030069190622219,0.0988211245320659,0.090438796132193,0.086542076074512,0.0859064023515402,0.0170798065296251,0.0885731559854897,0.0343107617896009,0.156136638452237,-0.8912503493025321,0.1864342695728761,0.212180062733035
1,0.0933161457603464,0.0879472116522782,0.0835267867513966,0.080940263792428,0.0739284776994934,0.0056737588652482,0.0212765957446808,0.0340425531914893,0.1347517730496454,-1.444163773405626,0.0635973030019523,0.086045230913533
0,0.1045845948938437,0.0997932053699194,0.091556086162915,0.085471509239798,0.0865475442735365,0.0263752825923134,0.1446872645064054,0.0587792012057272,0.1906556141672946,-1.046561971334876,0.1186345416471594,0.1259239702914065
1,0.0739728701539969,0.0684227698350676,0.06735351884344,0.0632825092872531,0.0607035442128449,0.0056022408963585,0.0364145658263305,0.0168067226890756,0.0392156862745098,-1.1841082646656216,0.1423803851688374,0.1503633541078171
0,0.1055459035757998,0.1006005684458797,0.0989098907871285,0.0877733138484174,0.0953318604477636,0.0425531914893617,0.1595744680851064,0.0851063829787234,0.2340425531914893,-1.139048712337368,0.1001878543252841,0.1953857848963159
1,0.0871979191035837,0.0819209744607314,0.075196833042275,0.073156513460364,0.0730912180038389,0.0061271920557785,0.0361293048806253,0.0073948869638706,0.0712021973378407,-0.4398844690058028,0.4354225478144396,0.2095937164438663
1,0.081219451307048,0.0746483027608327,0.0716643997015711,0.070343606354351,0.0677140970635378,0.0104712041884816,0.0994764397905759,0.0331588132635253,0.1623036649214659,-1.1651687784376277,0.0790829424083781,0.1500235953437683
0,0.086053319991147,0.0796844392396868,0.0763603348130741,0.0742283987243248,0.0699565771145126,0.0068649885583524,0.0892448512585812,0.0251716247139588,0.1167048054919908,-1.2807945260940965,0.1058448686376219,0.164514903487874
0,0.0967649003686449,0.0933952530279091,0.0883385352877526,0.0842885441772089,0.0799675689891762,0.0128410914927768,0.1187800963081862,0.1268057784911717,0.4093097913322632,-1.730978998033378,0.0279902533349175,0.1157452718272289
0,0.0867098128932394,0.0858554622053813,0.0778062526723232,0.074555133667163,0.0738297174369926,0.009009009009009,0.0675675675675675,0.0255255255255255,0.0885885885885885,-1.099615531614123,0.1640480746294435,0.1758644973627777
0,0.0910665979446997,0.0858237331140151,0.0826108840628236,0.0794309142922268,0.0759204783425206,0.0231941683233929,0.0921139827700463,0.0384360503644797,0.1378396288933068,-0.8256312495370345,0.2949288960492422,0.1304357965725542
1,0.1066320685441903,0.0999948725183118,0.0908497110435494,0.0871656076519221,0.0862574749613383,0.053030303030303,0.1863636363636363,0.0984848484848484,0.2727272727272727,-1.1118559131056305,0.1691630973607767,0.1662934511125733
1,0.0957564422193234,0.0925895591809808,0.0841501597357216,0.0817437187934629,0.0801246546396932,0.0238521168753726,0.182468694096601,0.0399522957662492,0.1985688729874776,-1.3971209509511795,0.0435531474968329,0.1427833432083081
0,0.1003209607014156,0.0991118127838707,0.0898906761331585,0.0893296714709629,0.082303279581228,0.0171503957783641,0.1728232189973614,0.0567282321899736,0.2480211081794195,-0.9077126296068774,0.2588616489147409,0.1561219619575759
1,0.0959512066020537,0.0874777073212118,0.0854473885232386,0.0812866562980724,0.0808862194338225,0.0209284627092846,0.1095890410958904,0.0654490106544901,0.280441400304414,-1.2151018810007237,0.1345090008121947,0.143300431532959
1,0.091115970551928,0.0854312160974259,0.0792808761257708,0.0765126791785168,0.0732021767848173,0.0059726962457337,0.0304323094425483,0.0162116040955631,0.0958475540386803,-1.2505882887143838,0.0927816951386479,0.1234258544943805
1,0.0684671078570157,0.0673329006092759,0.0637034643796966,0.0594168517809265,0.0563925351512189,0.0040080160320641,0.034068136272545,0.0120240480961923,0.0681362725450901,-1.13600102642951,0.1748840637213315,0.1124380792709662
0,0.105885718389134,0.1060398130102682,0.0935216200130642,0.0889636887165423,0.0900726636361366,0.0259159964253798,0.1474530831099195,0.0478105451295799,0.2240840035746202,-1.34684492727099,0.0977522352748861,0.1562880684683682
0,0.0853666586215301,0.0769921301456112,0.0771905833867513,0.0694227719515189,0.0699761450015581,0.005801687763713,0.0421940928270042,0.0316455696202531,0.1199894514767932,-1.252717760644772,0.1273750118185828,0.1483309796798615
1,0.1013520901570678,0.0971275861134354,0.089014920952371,0.0851142443955108,0.0847005796551437,0.0234482758620689,0.1089655172413793,0.0468965517241379,0.1889655172413793,-1.262099863355498,0.1237020092504161,0.1656139685903919
1,0.1042264344017038,0.1032116417758338,0.0935274279826646,0.0926494609902347,0.08738880856912,0.0174781523096129,0.0911360799001248,0.0262172284644194,0.1423220973782771,-1.381803707389158,0.0555269432309634,0.1863833409810666
1,0.0941570837225469,0.0840973402525972,0.0806256046534024,0.0757515349669101,0.0789709692932585,0.00234375,0.0453125,0.01875,0.0765625,-1.0150864730273506,0.2254761831787602,0.1606966930290465
1,0.08568016708657,0.0830518279580535,0.0776146010651597,0.0754215558939557,0.0711846214636933,0.0113475177304964,0.0741134751773049,0.0134751773049645,0.0822695035460992,-1.28916789720807,0.1011723975268725,0.1450188629730928
1,0.0945160745126889,0.091194968401194,0.0855452893429948,0.083377033630553,0.080903985001429,0.0233033033033033,0.1201201201201201,0.0279879879879879,0.1533933933933934,-1.0992805985882708,0.1635966839704825,0.1720180716351083
1,0.0959319757287633,0.0911706680626285,0.0825444871754806,0.079284815419603,0.0792971516974246,0.0036968576709796,0.0536044362292051,0.022181146025878,0.1238447319778188,-1.3637123031048526,0.0833872588188566,0.1388157954132212
1,0.0760743010966374,0.0716043878839511,0.0668663228939191,0.0633243578828981,0.0624663532552013,0.0071138211382113,0.0548780487804878,0.008130081300813,0.0680894308943089,-1.2165659126394623,0.100447292511579,0.1676561461383259
1,0.1021466268495814,0.0954277736325168,0.0869137543412261,0.0834951378454985,0.0854318758786614,0.0102611940298507,0.0870646766169154,0.0248756218905472,0.1172263681592039,-1.057823630882035,0.1891835083175281,0.2293374274463114
0,0.0947373197081842,0.0894635789882503,0.0849922053277199,0.0797619764820233,0.0790170291876421,0.0157068062827225,0.0764397905759162,0.0638743455497382,0.2261780104712042,-1.3453682735251016,0.1057595045521864,0.1620622659103993
1,0.0960245390237665,0.0914798277531531,0.0845350592985103,0.082067480604057,0.082290716911659,0.0256880733944954,0.0752293577981651,0.0614678899082568,0.2211009174311926,-1.3500439820727514,0.0954700633481597,0.141137353759984
1,0.0752136769065541,0.0687179533605563,0.0597003610040175,0.0602325713733725,0.0617079593163504,0.0058365758754863,0.0116731517509727,0.0136186770428015,0.0350194552529182,-1.5505103973822951,0.0434945308644287,0.1523378485531503
1,0.0854095952739927,0.0798710328013013,0.0754553572473483,0.0718078233018352,0.0678118280234615,0.0161943319838056,0.0526315789473684,0.0263157894736842,0.1336032388663967,-1.177323750741495,0.1358899191325616,0.1652967457461029
1,0.1076457014867731,0.101610510057938,0.0916214932511006,0.0872746407881438,0.0873492017116891,0.0224284609435421,0.1245166279969064,0.0390564578499613,0.1566125290023201,-1.3063588889639737,0.12090462727358,0.1568746739385233
0,0.0924977334521804,0.0898857339865705,0.0827442303082935,0.0811980924366625,0.0752805786176768,0.0129020855425945,0.0604453870625662,0.0300459526334393,0.1297278190173206,-0.5945914501342755,0.366555318881571,0.1307207462085786
1,0.1013792930846923,0.0930805931298206,0.0877876451051161,0.0835881658668283,0.0823644691126575,0.0226214238190286,0.2441783100465735,0.0758483033932135,0.2774451097804391,-1.3357463590006144,0.1090723763693261,0.1615177543395981
1,0.0912373119382243,0.0802812931449511,0.0755874450524042,0.0732761152832097,0.0719836009949535,0.008992613210577,0.0508510866074296,0.0324376405095814,0.0974199764479177,-1.1848997809372692,0.1354121745877589,0.1532292188920936
1,0.1010855763899401,0.1071012946287577,0.0966717136471767,0.095512520848649,0.0836396477047345,0.0172872340425531,0.0984042553191489,0.0418882978723404,0.2712765957446808,-1.071710608247311,0.0541184973986528,0.1475105525043329
1,0.0988226588939091,0.0911722693675316,0.0814906333876692,0.0785577970939172,0.0828835202679385,0.0105342362678705,0.0846501128668171,0.0481565086531226,0.1745673438675696,-1.2883508215494297,0.1027090500149049,0.1622338568355595
0,0.1036747176144749,0.1003588703416893,0.0956343352367939,0.0931946264595161,0.0858739581750624,0.0065502183406113,0.0327510917030567,0.0087336244541484,0.0982532751091703,-1.3429776596134084,0.0861461256319729,0.1357415334901231
1,0.0985933188541796,0.0905792308725014,0.0888967259337647,0.0818131002727679,0.0795611830609276,0.0078023407022106,0.1148677936714347,0.0273081924577373,0.2071954919809276,-1.7760183538083156,0.0237488883453384,0.1535560748895917
0,0.0979933006936597,0.0900096923461807,0.0875166393464201,0.082885594846723,0.0768429465157493,0.0124223602484472,0.1118012422360248,0.124223602484472,0.3229813664596273,-0.9332791988933464,0.2230594935150643,0.1236632170852344
1,0.0563867992750427,0.0523934976637586,0.0507116309580756,0.0488065908518356,0.0471201315819674,0.0053552302749018,0.0314173509460906,0.0342734737593716,0.0549803641556586,-1.046875917907255,0.1525394040704263,0.1623167661659116
1,0.0829609844352552,0.0778073982972634,0.0740808305163714,0.070971441451963,0.0667237324656867,0.0014970059880239,0.0449101796407185,0.0179640718562874,0.0988023952095808,-1.3628297016797002,0.0967423822334847,0.1120098651083521
0,0.0810939165924073,0.0745696285105689,0.0694435726888813,0.0659761158151869,0.066855456998184,0.0036474164133738,0.0202634245187436,0.0099290780141843,0.0644376899696048,-1.2486091975372096,0.1349741513715984,0.1638160869126224
1,0.0944679695645443,0.0861184107436492,0.0835084179226574,0.078805360321668,0.0781169469920626,0.0172064777327935,0.1153846153846153,0.0526315789473684,0.1892712550607287,-1.161522762707847,0.1486274811693405,0.1782656842774826
1,0.1106664946948388,0.1037918662336827,0.0939513252288012,0.0899075511335833,0.0909830171944913,0.0400534045393858,0.1869158878504672,0.0841121495327102,0.2683578104138852,-1.395761433273818,0.1025520557684305,0.1615035962912192
0,0.0973395401387514,0.0883126183120895,0.0865965639079471,0.0812159154092235,0.0797584466289429,0.0196721311475409,0.1278688524590163,0.2885245901639344,0.2590163934426229,-1.100119885702963,0.1750630396274861,0.148332046168867
0,0.1083618786274295,0.103969449416705,0.0946967371844891,0.0927913602664445,0.086242324407949,0.0638297872340425,0.2659574468085106,0.2127659574468085,0.6808510638297872,-1.4723199775964786,0.075430053156567,0.1264283051080404
0,0.0538082371792864,0.0534351909474561,0.0499333615836957,0.0525749947670053,0.0449510682065719,0.0078125,0.0234375,0.0078125,0.0703125,-1.8644308720644365,0.0169705858061228,0.0876808960739337
1,0.0771100480862299,0.0617848844192124,0.0601122906556143,0.061340812031491,0.07187258118379,0.0,0.0155709342560553,0.0,0.046712802768166,-1.2191936171495217,0.0999006325410112,0.1767803403342861
0,0.1094492834481201,0.105885247166767,0.0946622584437554,0.093191801384591,0.0903060777984854,0.015392561983471,0.1305785123966942,0.0244834710743801,0.1426652892561983,-1.296467347655511,0.114272146534943,0.1614090140279569
1,0.0880394191130506,0.0768167116832826,0.0721357122452883,0.0693147891323732,0.0711052562944307,0.003671970624235,0.1015911872705018,0.02203182374541,0.0917992656058751,-1.204833881263311,0.1125903494432495,0.1357248268751476
1,0.0827326221590087,0.0809221974871,0.0750612368094843,0.0710151560599024,0.0716313510989377,0.0061349693251533,0.0699386503067484,0.0122699386503067,0.0822085889570552,-1.129605514717044,0.1063652639645379,0.1870841199029837
1,0.0878199372395656,0.0810627269977253,0.0784471844498506,0.0710898631645855,0.0715181053746129,0.0185185185185185,0.0185185185185185,0.0555555555555555,0.1111111111111111,-1.219381295457483,0.0675111375372019,0.1302367616203324
1,0.0715717020413198,0.0632568286763302,0.0602370428133701,0.0569955085309935,0.0621216205603398,0.0020242914979757,0.0364372469635627,0.0020242914979757,0.0566801619433198,-0.9600568183420876,0.1311850687554671,0.1683044061834421
1,0.0961921252217786,0.0954429189311498,0.0852832743434486,0.0814695482567977,0.0801321284339218,0.0109682299546142,0.105143721633888,0.0200453857791225,0.1675491679273827,-1.3687096937321914,0.076513887635332,0.1365440869767844
1,0.0730335832659322,0.0670830076624067,0.0630877875896122,0.0588319395855448,0.0616312764769033,0.0019841269841269,0.0579365079365079,0.0162698412698412,0.0591269841269841,-1.0734268548818369,0.0987520825471078,0.1580878127087433
1,0.0974646421046685,0.0923194644144155,0.0831954715031037,0.081179927711978,0.0806713047131388,0.0117351215423302,0.0729253981559094,0.0335289186923721,0.1500419111483654,-1.4360010468170148,0.1079449906796398,0.1610782716730151
1,0.0877810193382745,0.0787214156101034,0.0782106887002722,0.072084816384062,0.0737475813160612,0.0045871559633027,0.0137614678899082,0.018348623853211,0.0688073394495412,-1.3034350552546738,0.1152255078573104,0.1444596448543549
1,0.0911527086021314,0.082799241330482,0.0748411910002493,0.0731237921994397,0.0733518972362972,0.007125890736342,0.0601741884402216,0.01187648456057,0.0744259699129057,-1.1020241631028047,0.1678185368502163,0.1625858658627089
1,0.0891428688316592,0.0776188287462833,0.0741245843457773,0.0739742988306862,0.0732884607154115,0.0023529411764705,0.0305882352941176,0.0152941176470588,0.0611764705882353,-0.8613313653298598,0.208067089408303,0.1300658183576139
1,0.0648560878739267,0.0613117148587378,0.0589161351048664,0.0592991568935387,0.0549038878331155,0.0023419203747072,0.0210772833723653,0.0046838407494145,0.0292740046838407,-1.091057033507752,0.1122213992894515,0.1239521258069651
1,0.0871979868190602,0.0865346283823477,0.0818822563272915,0.0763315423043499,0.0746086715781642,0.0207972270363951,0.0537261698440207,0.0207972270363951,0.1109185441941074,-1.4962458186196852,0.0522654251201879,0.1389809067128751
1,0.1086918490007663,0.101555824994965,0.0978392726021442,0.0909082493404476,0.0920299748142774,0.0280464216634429,0.1586073500967117,0.2978723404255319,0.7098646034816247,-1.294080034790144,0.0850882925362954,0.1658702607054467
1,0.0939444817398831,0.0879438999988861,0.0866723388881566,0.0830228363091417,0.079616038213485,0.0033222591362126,0.0564784053156146,0.0398671096345514,0.1893687707641196,-1.373734683141183,0.0988282136112018,0.1632338602966828
1,0.094666791802712,0.0850145683792834,0.0797351881746921,0.0752180273954466,0.0771639343329088,0.010576923076923,0.0495192307692307,0.0192307692307692,0.1240384615384615,-1.2117273976872631,0.1317779507816776,0.1665000081249222
0,0.1002386741060645,0.0940846147742822,0.0870732376716744,0.0829041647709993,0.0773608897379495,0.0,0.05,0.0125,0.1625,-1.2252752765091677,0.1553215119358698,0.133268431578507
0,0.0560414400524445,0.0482754160559896,0.0476681997153203,0.0458425215157818,0.0426449795840192,0.0009930486593843,0.009930486593843,0.0049652432969215,0.025819265143992,-0.6266888058740397,0.1848596504882829,0.1608255406918809
1,0.078443203596446,0.0747164382401844,0.0675448436886324,0.066085729623768,0.0668243053596916,0.0021545090797168,0.0409356725146198,0.0070791012619267,0.0584795321637426,-1.2248070469254024,0.0705434768601079,0.1366102357579282
1,0.0922156885949899,0.0886534430059739,0.08552113561988,0.0829703221488236,0.0784450629040247,0.0137741046831955,0.046831955922865,0.0495867768595041,0.2314049586776859,-0.6305435755443113,0.3639068682330292,0.1831300430478159
0,0.0850799530693369,0.0817576998753894,0.077523648022452,0.074685745709084,0.0707881005715061,0.0033422459893048,0.052807486631016,0.0220588235294117,0.1089572192513369,-1.2789048276623416,0.0451186019876558,0.1066478549886399
1,0.1037655669214504,0.0989964106339979,0.0888112732297028,0.0851263702574353,0.0862960960080277,0.0086840347361389,0.0708082832331329,0.0273881095524382,0.1088844355377421,-1.1752272927525895,0.1107299707531714,0.1751594758551296
1,0.1068150933778532,0.107476138589733,0.0952296599793452,0.0936621374639764,0.0857363262099972,0.0206349206349206,0.0849206349206349,0.0333333333333333,0.2126984126984127,-1.3465403895987238,0.0770333349328303,0.1644146514690616
1,0.0761613062098743,0.0766095435619419,0.0690203355232062,0.0673239115889167,0.062250930261529,0.0017608452056987,0.0185689130782775,0.0056026892908596,0.0457819753481671,-1.395109407674732,0.0837467489069283,0.1142789380118827
0,0.0761233151936418,0.0649097708389411,0.0632031382316566,0.0634184584567101,0.0600847594240931,0.0010111223458038,0.0212335692618806,0.0040444893832153,0.0434782608695652,-1.008988518930483,0.2319904470786672,0.1525033597770186
1,0.0977804748495301,0.0945272935396642,0.0859083621793424,0.0816583089143761,0.0828140951031915,0.0138952164009111,0.112756264236902,0.0271070615034168,0.0940774487471526,-1.3607182225608965,0.0905677550572206,0.1536300730132943
0,0.0777165824447426,0.069724894721791,0.0681805544999382,0.0652265239223697,0.0620698901509835,0.0094562647754137,0.0505910165484633,0.0184397163120567,0.0943262411347517,-1.2757479424217546,0.0763266832211036,0.1319725595805797
1,0.0924963961896823,0.0849622069348633,0.0825364228148207,0.0774392385997169,0.0758331280777028,0.0077109810081393,0.0712551763529915,0.0265600456947022,0.1660716835641867,-1.479585806650471,0.0977805009642462,0.1348998601515706
0,0.065768285048679,0.0646970058398632,0.0560068063841272,0.0537794308245399,0.0558857390793275,0.0011867088607594,0.0268987341772151,0.0063291139240506,0.0324367088607594,-1.142529869460666,0.1290738918700346,0.1502361031697429
0,0.0975788440594195,0.0892072969841491,0.0829180870175336,0.0803123565989878,0.0804314127054333,0.0223463687150838,0.2011173184357542,0.0391061452513966,0.1452513966480447,-1.1962938842392803,0.1500410225766936,0.163301128779139
1,0.1091841551720087,0.1039762625631923,0.0973967252099396,0.0923566316672495,0.0923035512429878,0.0752565564424173,0.2782212086659065,0.2200684150513112,0.475484606613455,-1.206575936925948,0.0806499300562785,0.1945816453417536
1,0.1058426235682927,0.0996591856793574,0.0930831288467258,0.0858314174150469,0.0924937447931205,0.0532646048109965,0.1786941580756013,0.0756013745704467,0.352233676975945,-1.3582089552238803,0.044776119402985,0.1985395906788433
0,0.0703863507519473,0.0716011098837612,0.0639862751234072,0.0643007046166416,0.0627719315262398,0.0,0.04,0.08,0.12,-1.3715882248419906,0.1047781474995303,0.1689816273750193
1,0.0994068357805472,0.0951800857198277,0.087856422931182,0.0844109222286215,0.08209482327813,0.0094295143800094,0.090994813767091,0.0433757661480433,0.1296558227251296,-1.420491295637809,0.0694745954692586,0.1499509790517205
1,0.0952346440881007,0.0882850185766169,0.0843159454802342,0.0800479577396799,0.0775581579032239,0.013224368499257,0.0694650817236255,0.0449479940564635,0.1385586924219911,-1.3534859436513798,0.0851990144452795,0.1339505566338893
1,0.0966496001865116,0.089125100587941,0.0838516238362807,0.0788893358378904,0.0794680725259509,0.0210512552301255,0.0921809623430962,0.0555700836820083,0.1809623430962343,-1.427968050189677,0.054912942712819,0.1488513206414027
1,0.0853890136798972,0.078963523043897,0.0768807123418923,0.0735221182732211,0.0721848642227667,0.0057388809182209,0.0387374461979913,0.009325681492109,0.0674318507890961,-1.4407576625320468,0.0587704857932182,0.2302316976421123
1,0.1054396944498961,0.1033034692305196,0.0950063989494004,0.092883103222394,0.0892878381270667,0.0243341006247944,0.1381124630055902,0.0568891811903978,0.2019072673462676,-0.5727528170840699,0.3805950246084933,0.1887645069756393
1,0.0631241358936922,0.0613759274536077,0.0586032038913598,0.059068126962838,0.052544578365164,0.0014992503748125,0.0164917541229385,0.0044977511244377,0.0269865067466266,-1.1390626532827492,0.086945804985092,0.1489845319979022
1,0.1024392731075658,0.0947467383799412,0.0880158700629599,0.0850842359152269,0.0851141600497554,0.0398633257403189,0.1605922551252847,0.1002277904328018,0.2733485193621868,-0.742955249024983,0.3092049212540582,0.1766612103749054
1,0.0741662503667481,0.0670636369803899,0.0619966079185646,0.0606993277802287,0.0619847953105968,0.0026737967914438,0.0454545454545454,0.0053475935828877,0.053475935828877,-1.2827669716103849,0.0736950865282527,0.1324591009844299
1,0.0955400704449585,0.0924240745234682,0.0874946638495344,0.0838103764592854,0.0817862275746151,0.0396039603960396,0.1633663366336633,0.0676567656765676,0.2293729372937293,-1.295085197640286,0.1057253196945518,0.160985186920156
0,0.0915552957580983,0.0876343349275405,0.0843932170223661,0.0796177733958012,0.074047749372148,0.0084985835694051,0.0580736543909348,0.0127478753541076,0.1076487252124645,-1.1634660164793018,0.071672454053776,0.1142079032841592
0,0.0907437016152376,0.0846683899130598,0.0795401808100873,0.077290457124967,0.0776607397654898,0.0041666666666666,0.0833333333333333,0.0125,0.0763888888888889,-1.2756958279865416,0.1103731807242108,0.1439623503377823
0,0.0885644941326993,0.0822523394966314,0.0782142554926432,0.07240567695123,0.0735857680357269,0.0056179775280898,0.0674157303370786,0.0280898876404494,0.0674157303370786,-1.095182137933744,0.126902791679697,0.1722415459725963
0,0.1018179129512675,0.1001391692604196,0.0885192185583151,0.0867247806607688,0.0836358217874597,0.007619487416301,0.0750404063726622,0.0177788039713692,0.1089817594089124,-1.3741733009221515,0.1073070255854137,0.1654056786659473
0,0.1089208511857135,0.1026094836220511,0.0931235804328017,0.0886680055536804,0.0924940779598373,0.0307742144476838,0.1370262390670553,0.0537738905085843,0.2432782636864269,-1.110247197525941,0.1686589815907279,0.1750492495729825
1,0.07306163721001,0.0704026048990823,0.0667107412725676,0.0651413641864929,0.0623337354428986,0.0045372050816696,0.0308529945553539,0.0090744101633393,0.0426497277676951,-1.4053451731387243,0.0617308841518362,0.1710532608809553
1,0.0867991029385338,0.0817469607221631,0.0767097563982746,0.0715067875107198,0.0718592368412945,0.0068965517241379,0.0862068965517241,0.0482758620689655,0.1551724137931034,-1.1465260356821405,0.2131647257316007,0.1558360957317225
1,0.1000420289226591,0.0948344573237827,0.0903253636044866,0.0826333326320415,0.0849677457354052,0.0375779162956366,0.1802315227070347,0.1889581478183437,0.317720391807658,-1.0834638000606918,0.144441993199994,0.1829875419499363
0,0.0910510249158234,0.0821850873311837,0.0804590358919798,0.0756587550826988,0.0713919859047988,0.0079681274900398,0.0916334661354581,0.1266932270916334,0.1043824701195219,-1.232370959975808,0.1490835756146835,0.1330928742403481
0,0.0968236428672806,0.0950248191251852,0.088612604643003,0.0854841100824117,0.0810941055919489,0.027027027027027,0.2,0.1837837837837838,0.3405405405405405,-1.452275161065938,0.0793689403099225,0.1317967780886744
1,0.0990334067200235,0.0953727693617584,0.0864874677512319,0.0826297194840363,0.0810243601041297,0.0114017437961099,0.1086519114688128,0.0690811535881958,0.2146210596914822,-1.2211944875237837,0.1340335232691852,0.1247195060323554
1,0.0926565459528728,0.0871912796441536,0.0852052364316814,0.0865386259753215,0.0684046994751592,0.0426195426195426,0.2016632016632016,0.0561330561330561,0.2817047817047817,-1.0598450300435396,0.062618773250439,0.1198863106623498
1,0.0893787362469122,0.0842305004210753,0.0763974696556166,0.0739551222014582,0.0758599461380039,0.0123119015047879,0.0683994528043775,0.0355677154582763,0.0984952120383036,-1.10988828323587,0.091000152192079,0.1474577277473589
1,0.099161858212062,0.0984216744632743,0.0933392856697593,0.0896825471080896,0.083741701940176,0.014516129032258,0.0658444022770398,0.0343453510436432,0.1716318785578747,-1.0393348290472546,0.2149010109521805,0.1405400442401941
1,0.086084731308062,0.0756708765944361,0.0745307026171143,0.0689679062528525,0.0700489838268466,0.0079575596816976,0.0627763041556145,0.0490716180371352,0.1180371352785145,-1.052207247553537,0.2048956330599126,0.1563614442009681
1,0.0944495135688731,0.0859283532590133,0.0791374955666787,0.0755982597225642,0.0758914094446375,0.0157255182273052,0.0679056468906361,0.0160829163688348,0.1325947105075053,-1.287971134776046,0.1017513584015917,0.1561597044951039
1,0.0886101804008766,0.0847039497483929,0.0768155443381646,0.0725327187867952,0.0818038878557381,0.0101936799184505,0.0407747196738022,0.0387359836901121,0.1131498470948012,-1.2953214705503362,0.0769612341374784,0.1576643387965846
1,0.0910443707410039,0.0847108697590764,0.0786831342379411,0.075813133558613,0.0781346790712483,0.0108225108225108,0.0389610389610389,0.0324675324675324,0.158008658008658,-0.7326718559689087,0.3334213279644217,0.1805916473058346
1,0.0981103793589798,0.0900348439620774,0.0841323074428642,0.0799171524724888,0.0845276058668357,0.0123641813413263,0.083177219932559,0.0348445110528287,0.1504308729861371,-1.275730919254871,0.1015976789632907,0.154400998314407
1,0.1010523213248,0.1030463683490635,0.0915048713040346,0.0892054303570153,0.0880303091293033,0.02073732718894,0.1417050691244239,0.0357142857142857,0.1653225806451612,-1.455596776459473,0.0951019470890441,0.1657904632875193
1,0.0908101101639087,0.0815474559381417,0.0787076702834963,0.0731794450554317,0.0732864068157223,0.0093603744149766,0.0418616744669786,0.0296411856474258,0.1315652626105044,-1.3516114055280566,0.0755471975909415,0.1488148645736052
1,0.0917995180521256,0.0872147430078403,0.0835164345492329,0.0798606347007632,0.0779665736719256,0.0,0.0573951434878587,0.0331125827814569,0.0838852097130242,-1.2250759103468765,0.0892702162224425,0.1668728747125454
0,0.1020535231619343,0.1035925707510114,0.089029728957516,0.0865240739076075,0.0827832346813993,0.0163690476190476,0.0669642857142857,0.0446428571428571,0.1726190476190476,-1.683740987631191,0.0685045802428387,0.1011938089540322
0,0.0806103932830406,0.0756660323494713,0.0741089973476766,0.0676017569860533,0.0682072443153923,0.0,0.0113636363636363,0.0,0.1022727272727272,-1.606611001350289,0.0322374460272668,0.0652279532323708
1,0.0636309099737428,0.0593931907944519,0.0564759426853315,0.0542325047088408,0.0524858777116796,0.002112378538234,0.0325306294888043,0.0092944655682298,0.0405576679340937,-1.0340196797727683,0.1430230963454047,0.146113630929582
0,0.0915298060614302,0.0891389170094175,0.0884690210687277,0.0842327528236387,0.0789155709647943,0.0,0.0109890109890109,0.0,0.0769230769230769,-1.1991931376084255,0.0820118939908462,0.1153321157220871
1,0.0684093084954789,0.0641891298391827,0.0573818769649912,0.0565657540297822,0.0603117507845323,0.0,0.0296296296296296,0.0055555555555555,0.0296296296296296,-1.0836405320868807,0.1476218518816828,0.1403173534086594
1,0.0541634174439683,0.0505998479632291,0.0468189386842896,0.0467373252141579,0.0443152742194075,0.002375296912114,0.0197941409342834,0.007125890736342,0.0475059382422802,-1.3646063901549637,0.0898516853333697,0.0925617060959752
1,0.0761948865030566,0.0684594162301295,0.0673748751672508,0.0672374506894029,0.0617424065427234,0.0,0.0208333333333333,0.0069444444444444,0.0555555555555555,-0.8808941675790298,0.1153400078459261,0.1287588145790614
0,0.0764438560341204,0.0695441958095449,0.0659269262554361,0.0639142048057475,0.0616606838315961,0.0018996960486322,0.0288753799392097,0.0148176291793313,0.0725683890577507,-1.140030568621845,0.1165086516880601,0.1337812941287244
0,0.1049522944349366,0.0977343739566426,0.0926331810994163,0.0875277148666224,0.0911790466341265,0.0163934426229508,0.1256830601092896,0.0655737704918032,0.1967213114754098,-1.1045082798085786,0.1711674789557251,0.212822740575717
1,0.0768200670800706,0.0665828685395285,0.0600144875401299,0.0551297883125685,0.0548118475163308,0.0035222542427153,0.0200661756857722,0.0068310385313267,0.297683850997972,-1.257997587755454,0.0955455257362994,0.1375669562234401
1,0.0913813706989132,0.0855212994877609,0.079898429286636,0.0764787349583316,0.0731464430947614,0.0206489675516224,0.1209439528023598,0.0884955752212389,0.1297935103244837,-1.322904765698337,0.0412852710927889,0.1601086975349711
1,0.0970950507135317,0.0881866936445146,0.0869436686060698,0.0841656350568212,0.0798789054639165,0.0078125,0.0598958333333333,0.0208333333333333,0.21875,-0.5447864545967149,0.3820569692775526,0.155010471891583
1,0.102489738873647,0.0946478777622154,0.0878199362695267,0.0839372565463752,0.0830244728966662,0.0315015750787539,0.104305215260763,0.0605530276513825,0.1736086804340217,-1.239258965874166,0.1341024375503532,0.1140556550376368
1,0.0890870173113601,0.0818643235806636,0.0749676484799733,0.0721471254891566,0.0714716099478607,0.0083250083250083,0.0552780552780552,0.0163170163170163,0.0912420912420912,-1.2397235068068342,0.1140622553596556,0.1329944082736996
1,0.1004474284432394,0.0975616256108367,0.091092763071985,0.0885561742756223,0.0843673583262997,0.0306898424769147,0.1515480717001629,0.0334057577403585,0.2273221075502444,-1.2828717416628914,0.1111704824884564,0.142598122683078
1,0.0919488438155005,0.0880558572628483,0.0806423818323764,0.0773161385041712,0.0735694109632201,0.0108483402039487,0.1134736385333044,0.0203948795834237,0.1386417878064656,-1.1306991965868736,0.1387748770035237,0.1485415320463456
1,0.0712885365156766,0.0625611837615036,0.0580860670164554,0.0574738819304425,0.0581395347035791,0.0053574161947038,0.0316852900658196,0.0131639369355579,0.0368896372263891,-1.1428672783371503,0.1322787306215185,0.1742640354854694
1,0.100254644964779,0.0968448279897671,0.0906895521842448,0.0867380628780893,0.0843381431345937,0.0117370892018779,0.2018779342723004,0.0328638497652582,0.2112676056338028,-1.4292724082474306,0.0615639951526036,0.2023004786924594
1,0.0862889712468104,0.0782398728337137,0.073626622849017,0.0684731729797769,0.0691367761414747,0.0038022813688212,0.0538322993796277,0.0182109265559335,0.0796477886732039,-1.21390261929038,0.1275685793799835,0.1521595067195039
0,0.0742915494456605,0.068137743036248,0.064766840966737,0.0643520133220068,0.0605108161504686,0.0056065239551478,0.0412844036697247,0.019367991845056,0.0897043832823649,-1.1599511976150916,0.1096152010011331,0.1318955579667513
1,0.104580806119569,0.0975237167675501,0.0892541835633863,0.0846614742196897,0.0890550954994277,0.0230547550432276,0.0605187319884726,0.0461095100864553,0.1469740634005763,-1.2684343833164793,0.1089189781186558,0.1793118606714259
1,0.0884579210291045,0.0814142027374921,0.0778999611049504,0.0756005723061079,0.0739700079384981,0.0105605199025182,0.0609260763606823,0.0129975629569455,0.0877335499593826,-1.292842964421519,0.0841538895047926,0.1905534846103007
1,0.1005540020883679,0.0990946684558016,0.087467823401245,0.087072537674478,0.0840634301252768,0.0227817745803357,0.0887290167865707,0.0695443645083932,0.1510791366906475,-1.2339975937414789,0.0654595771323737,0.1491184695595978
1,0.095059926456219,0.0929321930650227,0.086186703718644,0.0837093968462106,0.0794862098045307,0.0110759493670886,0.0846518987341772,0.0300632911392405,0.1099683544303797,-1.39740968907597,0.0964441777139594,0.153627894786839
0,0.0974630721810791,0.0865912720575134,0.081890136547458,0.0776092852417846,0.0757666355515205,0.0,0.0676835081029551,0.0104861773117254,0.0667302192564347,-0.864460541560517,0.0349668140929269,0.1527096198509751
1,0.0824272890939211,0.0773703741266255,0.0710440298627288,0.0690498300212626,0.0688501988420187,0.0059084194977843,0.0226489414081733,0.0128015755785327,0.0817331363860167,-0.956381545555706,0.2210120272513957,0.1393390150018654
0,0.0998120972748122,0.0927843774806587,0.090382383929158,0.0837814040167814,0.0820786257819502,0.048076923076923,0.1346153846153846,0.1826923076923076,0.4038461538461538,-1.568329929993239,0.055501711813981,0.0820044418473083
0,0.094911042758443,0.0929376320803003,0.0858111029135708,0.0844368718034316,0.0770767727157786,0.0101502233049127,0.0479090539991879,0.0349167681688997,0.1392610637434023,-1.134441473169289,0.0811498541544961,0.1144483114495148
0,0.1013066009502687,0.0885359123292931,0.0839377403736381,0.0822781825518749,0.0802385965442655,0.0077319587628865,0.056701030927835,0.0257731958762886,0.1211340206185567,-1.4065669975395,0.0841355218449381,0.1506042987219537
0,0.0880874958395699,0.0815984839048961,0.0759358377433821,0.072587321195931,0.0774849085192328,0.0125470514429109,0.0978670012547051,0.0677540777917189,0.1292346298619824,-1.1702675682198365,0.1071938911451428,0.1453704807585758
0,0.1108388353116296,0.1096897887011217,0.0978318123991473,0.0951055267283855,0.0915343510305286,0.0557156580211335,0.2949087415946205,0.1091898815241754,0.5453089977585655,-1.0674627142123556,0.178550668517212,0.148717518508986
1,0.1003413903548765,0.0899241762676269,0.0848340748729093,0.078552379042656,0.0836459057456087,0.0128440366972477,0.0697247706422018,0.0697247706422018,0.2018348623853211,-1.1652345175487495,0.1759008121453306,0.1838132503160247
0,0.0737103340307276,0.0713259700348761,0.0677629996165892,0.0654009183103981,0.0590144392988942,0.0052356020942408,0.06282722513089,0.0418848167539267,0.1675392670157068,-1.3291050944950906,0.0962316263578529,0.1494372810217725
1,0.0984199650218627,0.0979275727950786,0.0877768473511407,0.0856059542706464,0.082597613151816,0.0146137787056367,0.1002087682672233,0.0375782881002087,0.1816283924843423,-0.7373917322970672,0.3209408576714658,0.1791961522955444
1,0.1042371002260394,0.0969098581441733,0.0903970331335656,0.0857980100771926,0.0909674593044219,0.1034985422740524,0.2551020408163265,0.3731778425655976,0.565597667638484,-1.2895435062853815,0.1190996885382765,0.1287557705011
1,0.1000285279604601,0.0976122144416656,0.0892259874797278,0.0865634429656753,0.0826700043925154,0.0076875768757687,0.0977859778597785,0.030750307503075,0.1838868388683887,-1.3053667369302278,0.1158552363233773,0.1435316084377884
1,0.1062273642281545,0.0911775086619784,0.086774353022096,0.0786606944421162,0.0859363150986432,0.0161691542288557,0.1156716417910447,0.0547263681592039,0.25,-1.1583032440771557,0.1257374352755264,0.1804934727221326
1,0.0794785898248706,0.0731573147029692,0.0708159391636371,0.0651820485093779,0.0673981333797208,0.0,0.0440165061898211,0.0137551581843191,0.0522696011004126,-1.234980122266345,0.0838477646004692,0.2019116421840521
1,0.1059946362441033,0.1044736457233975,0.0940930343581694,0.0899210886117095,0.0845395684165663,0.018808777429467,0.1175548589341692,0.0493730407523511,0.2484326018808777,-1.8743920507132632,0.056665380557656,0.083716234347776
1,0.0943731857551793,0.0860635187210628,0.0842919743390445,0.080845126230657,0.0785835595852833,0.0188679245283018,0.1320754716981132,0.1105121293800539,0.2318059299191374,-1.3388131502215124,0.0686054667054759,0.1458927836532071
0,0.0875738778699454,0.0817488661839497,0.0786478064289237,0.0758810818848844,0.0730909179401175,0.0057603686635944,0.0552995391705069,0.0172811059907834,0.0990783410138248,-1.2800037740859085,0.122407166536847,0.1353856497514167
1,0.0877456099276159,0.087786744095978,0.0772586295735956,0.0753809208887526,0.0726762129018294,0.010752688172043,0.0660522273425499,0.0368663594470046,0.1244239631336405,-1.09331810890024,0.1576308708813101,0.1571385904390406
1,0.0930494523776217,0.0861154569507102,0.0788735046184469,0.0731992430702357,0.0759059817584395,0.0178217821782178,0.1564356435643564,0.0396039603960396,0.1841584158415841,-1.1181813956759523,0.176234228718733,0.1671080344017123
0,0.0943105230789878,0.0941672038795591,0.0858109168974535,0.0807455760350703,0.0820516265058085,0.006243213897937,0.0671371697430329,0.018458197611292,0.1054107853782121,-1.459145930305377,0.0560341041042999,0.1290437829625962
0,0.1004020295211125,0.0955512701422299,0.0892560686949631,0.0826399275305188,0.0792357693781098,0.0,0.1439393939393939,0.3409090909090909,0.2727272727272727,-1.1284158457645852,0.0926269409857606,0.123051680342052
0,0.0955471744290525,0.0968226979668802,0.0854113842625024,0.082157016614067,0.0801290731726045,0.0037012113055181,0.052321668909825,0.0105989232839838,0.0772207267833109,-0.5457728415962012,0.3307344604737073,0.1564258669785894
0,0.107993446149686,0.1002135106548333,0.0947181526789161,0.0836026070178732,0.0871690513701194,0.0154867256637168,0.2809734513274336,0.2920353982300885,0.3429203539823008,-0.9533149304581652,0.2244198407236023,0.1708565283761492
1,0.0913874722244287,0.1116204593178746,0.1064907711683034,0.1273210399591594,0.110130773250569,0.0,0.0,0.0,0.0,-0.8606191760054935,0.2679960975264085,0.1698120423389799
0,0.0847276174004417,0.083889519720867,0.0759294439598583,0.0775321341280737,0.06932164324236,0.0145303580695381,0.0508562532433835,0.0342501297353399,0.1722885313959522,-1.634605150527745,0.0603389187957533,0.1240963149231196
0,0.1042480911413349,0.0957696277708316,0.0897462515834538,0.0855298440671351,0.0862470851456442,0.022354694485842,0.169150521609538,0.0394932935916542,0.2391952309985097,-1.1997744825104095,0.1483867041807381,0.1758813896950125
1,0.0876412615300074,0.0825086347030514,0.0740640589367473,0.071549378679497,0.0709412578528904,0.0079133694294044,0.0816326530612244,0.0428987921699291,0.1045397750937109,-0.9757148508270056,0.1409997444354641,0.1521206048563884
0,0.1077656148246656,0.0980560145494482,0.0945028762876007,0.0862407199626018,0.0909930061609119,0.0365296803652968,0.1506849315068493,0.184931506849315,0.4212328767123288,-1.296830961492009,0.077505815849563,0.1375164943692907
1,0.098202959109085,0.0870870888590352,0.0839457338257565,0.0772185329401638,0.0790043562209588,0.0099108027750247,0.0773042616451932,0.0346878097125867,0.155599603567889,-1.3027201848316146,0.0872980706975611,0.1383645781221788
1,0.1106381822810517,0.1052783462976015,0.1024809678066287,0.1006052838146343,0.0944333893121164,0.0247699929228591,0.1141778721396555,0.037037037037037,0.0917669261618306,-1.4389825272051116,0.0525706340292926,0.2097260908265356
1,0.080440819149945,0.0731669103575371,0.0690679289226472,0.0663061686074415,0.0665340840981954,0.0048216007714561,0.0501446480231436,0.0115718418514946,0.0578592092574734,-1.1938643423871065,0.1568045856355983,0.1854063206814312
1,0.1092963707687875,0.0977506631441696,0.0869682255943355,0.0858290880979255,0.090655387283283,0.0311614730878186,0.1331444759206798,0.0878186968838526,0.2492917847025495,-1.2872116925181725,0.2096249170446492,0.1033361571265053
0,0.0900692547481116,0.0849890917776322,0.0745631166933123,0.0747305632448965,0.0759860317360291,0.0055005500550055,0.0363036303630363,0.0121012101210121,0.0638063806380638,-1.006444253707658,0.1858977392966666,0.1636699799781049
1,0.1008262490318011,0.1007875337396482,0.0896966708918603,0.0928556448244468,0.0847925032100295,0.0139211136890951,0.0464037122969837,0.0185614849187935,0.1624129930394431,-0.6958740347051511,0.345558961505468,0.1563247780125172
1,0.0773402302669049,0.0731059476058025,0.0676623769520115,0.0649882961130123,0.063954230357435,0.0019854401058901,0.058239576439444,0.0132362673726009,0.0555923229649238,-1.09908236521613,0.1002642763765771,0.1482921126186079
1,0.0976239128657683,0.0962414160983292,0.087130008415012,0.0830635153106942,0.0830883002580981,0.0064935064935064,0.1382189239332096,0.0482374768089053,0.147495361781076,-1.1233553897398971,0.1214562431332588,0.1511925763368238
1,0.029878885701106,0.0268651039700404,0.0258275557866552,0.0263496098369036,0.0240494103163386,0.0,0.0023640661938534,0.0023640661938534,0.0094562647754137,-1.4303523543130243,0.0698564209253659,0.1180470244224749
0,0.0950063449141149,0.087079556495594,0.0810852924420443,0.0768442131871259,0.0766311314499053,0.0041050903119868,0.041871921182266,0.0065681444991789,0.0779967159277504,-1.0657200753690383,0.1700743758700553,0.130110499310302
1,0.0871666045391003,0.0830125292353534,0.0780020956078534,0.0733181898554467,0.0725817422549415,0.0107095046854083,0.0281124497991967,0.0254350736278447,0.1151271753681392,-1.308697934848049,0.096425865380921,0.1444579954104388
0,0.082753968662221,0.0787360821608914,0.0764553059890156,0.0718020835727529,0.0703805803216023,0.0203045685279187,0.0304568527918781,0.0203045685279187,0.0558375634517766,-1.3184168535921357,0.0838684159915338,0.123737965115971
1,0.1069044934958455,0.1008316422084786,0.0912841085798861,0.0916513603320389,0.0873739225367771,0.0406779661016949,0.1915254237288135,0.0762711864406779,0.3559322033898305,-1.2573446290421664,0.1451421575183574,0.1103197132906585
0,0.0792645508849151,0.0717303706630868,0.0673186372077779,0.06520894567808,0.0656517329274251,0.0039781203381402,0.0382894082545997,0.0129288910989557,0.0631526603679761,-1.1384293924706792,0.1396382881293948,0.1572275684017293
1,0.0918806273253048,0.0891368260423714,0.0843970564970746,0.0793971647060629,0.0758050970209787,0.0153452685421994,0.0716112531969309,0.0920716112531969,0.2020460358056266,-0.860559505297235,0.2903612635717125,0.1643321920547555
1,0.0753982606374976,0.0704790259522441,0.0672623759433832,0.0662182471068767,0.0599377637978204,0.001410437235543,0.0197461212976022,0.007052186177715,0.0662905500705218,-1.4622442338413113,0.0878406215138114,0.139566707868762
1,0.093291905056676,0.0967288120058145,0.0923521935986151,0.0918414050638355,0.0806958591511116,0.0614186851211072,0.1427335640138408,0.115916955017301,0.3866782006920415,-1.4688997272937143,0.0587240548485362,0.1618026813477
1,0.1024893531546571,0.0952869192410538,0.0898647554762829,0.0860681288352021,0.0832238609954054,0.0154892330940687,0.0986021911598035,0.0355119002644503,0.1420476010578013,-1.003159482130474,0.0987698152500507,0.1500292986063295
0,0.0837320693987265,0.0809268386644344,0.0714710385360492,0.0709163974081832,0.0700865919940941,0.0074324324324324,0.0695945945945945,0.0209459459459459,0.1229729729729729,-1.043149907688954,0.210454662605059,0.1417948870027537
0,0.0919805735507806,0.0877607985156311,0.0825596329934175,0.0793512254265316,0.0775250631065308,0.0073313782991202,0.0747800586510264,0.0307917888563049,0.126099706744868,-1.3027494014608527,0.1480704366422235,0.1443473637071629
1,0.1023845509698402,0.0961040749191246,0.0869248412124702,0.08526118697783,0.0807590772063641,0.0113636363636363,0.0582386363636363,0.0236742424242424,0.0900410353535353,-1.0644672441489444,0.2047301988790391,0.1655313445275507
0,0.10047016261062,0.0960439976201716,0.0846382222308004,0.0810950547749321,0.0743087019704425,0.0220588235294117,0.1102941176470588,0.0735294117647058,0.2720588235294117,-1.708623304415867,0.0331829578269274,0.1021979368122088
0,0.1073279961579519,0.0993703660190486,0.0913508463475977,0.0878595914759831,0.0835168702809742,0.0310344827586206,0.1439655172413793,0.0560344827586206,0.3801724137931034,-1.1390368130220916,0.1409780710946302,0.1355565911056294
1,0.0732507484163998,0.070227819566655,0.0631720346174173,0.061413916354541,0.0614091486057481,0.0098280098280098,0.0319410319410319,0.0122850122850122,0.0712530712530712,-0.8264034035861543,0.2843096635150258,0.1583323266175661
1,0.0644019054520246,0.0654875033087671,0.0647150773966643,0.0661372931378783,0.0563572806494714,0.0098743267504488,0.0403949730700179,0.0143626570915619,0.0825852782764811,-0.8485648086111987,0.1269165073907518,0.1169705505963442
1,0.1046643409048854,0.107030814026197,0.0931124747194022,0.0906578540307739,0.0895903720928928,0.0171159606332905,0.1557552417629439,0.0312366281557552,0.2708600770218228,-1.2712126425550188,0.1342269205576565,0.1643061016392185
1,0.0431758730148963,0.040059383257582,0.0338669876470116,0.0365060262165378,0.0360066504304866,0.0005336653917993,0.012630080939251,0.0027572711909632,0.0098728097482878,-1.187461843731782,0.1249346156793183,0.1204617736466972
1,0.0886899110430824,0.0885847196596845,0.0819255716791764,0.0780524135033003,0.0735271286892724,0.0098894706224549,0.0843513670738801,0.0197789412449098,0.1093659104130308,-0.9975080795082172,0.1036133625073839,0.1509465661290038
0,0.1133555787132565,0.1215515100446567,0.1017166989555233,0.1017325629664194,0.0958598006159627,0.0555555555555555,0.0555555555555555,0.0,0.1666666666666666,-1.3375394321766558,0.0536277602523659,0.1712986395455548
1,0.0901101460716058,0.0856952608385331,0.0780484189399428,0.074804220164638,0.0750538306853212,0.0047021943573667,0.0491118077324973,0.0156739811912225,0.0741901776384535,-1.3625783925301211,0.0717026112478521,0.1337425449859555
1,0.0945521290512762,0.092538198078767,0.0845908386654158,0.0827234821499279,0.0787663628184651,0.010016694490818,0.0751252086811352,0.011686143572621,0.1118530884808013,-1.398843456606727,0.1022084812828945,0.1842614842369754
0,0.1066861190700406,0.0969180786669748,0.091435403589983,0.084274396041086,0.0877119639011421,0.0246913580246913,0.166332999666333,0.1322989656322989,0.3812145478812145,-1.2261193350196542,0.1131078568204807,0.1592000009089021
1,0.0722124181563944,0.0660575385212742,0.0647331879654674,0.0618010794273991,0.0638801818644582,0.0025125628140703,0.0552763819095477,0.0175879396984924,0.0678391959798995,-0.7328763705339963,0.1789433338059745,0.1980578068528016
1,0.0772322378696606,0.0718995773018774,0.0656034632943021,0.0646340741052387,0.0639829309915523,0.0005788712011577,0.0541244573082489,0.0109985528219971,0.0813314037626628,-1.4409535568968972,0.0521131999028475,0.1488438900579891
1,0.0770932929012089,0.0747006300798462,0.071335448494629,0.0672904630118692,0.0673189827943821,0.0,0.0445859872611464,0.0031847133757961,0.0636942675159235,-1.478687317541501,0.0422861539459683,0.129547404610133
1,0.0923860398057638,0.0916478096944815,0.0847290230059401,0.0817512151233245,0.0780793851160765,0.0180333446750595,0.1105818305546104,0.0598843143926505,0.3974140864239537,-1.3835433306268012,0.0536519261942699,0.1427263845158397
0,0.085753809772829,0.0765726549131553,0.0750579442232832,0.0719473136464268,0.0632940276789249,0.0104529616724738,0.0209059233449477,0.0209059233449477,0.1463414634146341,-1.43349822929036,0.0728915416459859,0.1107988701688721
0,0.0910115499674069,0.0838650359084039,0.0790308428018201,0.0734478494841986,0.0764201668559326,0.0085836909871244,0.0639875146312914,0.0351150994927818,0.1576277799453765,-1.3830118352604657,0.0809817126201288,0.1392608969197833
0,0.0845598058135929,0.0795474847220095,0.0747028701610653,0.073491393249563,0.0641720835347834,0.0070921985815602,0.0141843971631205,0.0070921985815602,0.0992907801418439,-1.7425903369874136,0.0261099567719901,0.0966246816691473
1,0.0828968046804399,0.0790187223539397,0.0727082964141012,0.0685838963133802,0.0693892346260121,0.0039911308203991,0.0470066518847006,0.0186252771618625,0.0758314855875831,-1.12788031980073,0.1131795790052955,0.1722816343918869
0,0.0873157699169724,0.0783226083883637,0.0734713760600271,0.070820780035335,0.071150445284958,0.0021321961620469,0.044776119402985,0.021321961620469,0.1023454157782516,-1.3379019220866215,0.0590804398478982,0.1495201048882931
0,0.0877701644831217,0.0881818985124248,0.0757358803810129,0.0803888959547289,0.0757745909590915,0.0,0.0,0.0,0.1071428571428571,-1.200525964715895,0.0489162520030361,0.1097354092834249
1,0.0830397557086939,0.0767727844642341,0.0747982322290343,0.0704954600454744,0.0673989094569713,0.0066334991708126,0.0555555555555555,0.0248756218905472,0.1368159203980099,-1.5538269722376472,0.0668857911569828,0.138913289430106
1,0.080529054572572,0.0715234677396798,0.0669449100241238,0.0639303730382121,0.0638787990084121,0.0052465897166841,0.0398740818467995,0.0125918153200419,0.0377754459601259,-1.0360224513028755,0.1542872275586401,0.1682686921345153
1,0.0835679622970528,0.0729503871601676,0.0701160449510648,0.0664343180526263,0.0661653329877798,0.0066577896138482,0.0363959165557035,0.0053262316910785,0.0399467376830892,-0.912861053297118,0.2057528527197444,0.1638312722615753
1,0.0691054266230973,0.0608400442557507,0.0574851089313124,0.0544133393015877,0.0569796102540131,0.0025526483726866,0.0216975111678366,0.0076579451180599,0.0504148053605615,-1.2416795815771469,0.127446180480227,0.1993338931763809
1,0.0983014811523098,0.0891897266194866,0.0835575125779269,0.079610701464409,0.0808926201814285,0.0087336244541484,0.1091703056768559,0.0131004366812227,0.0960698689956331,-1.2439356600749556,0.0739456175542809,0.1684525234215479
0,0.0931631650105501,0.0890666373366535,0.0826921463202474,0.0803413596287501,0.0806884755834506,0.0152874031797798,0.0974317162657969,0.0211985324092947,0.078679168365267,-1.1746143528669282,0.1216981296578375,0.1934237465870493
0,0.0892241278305903,0.0874541288333102,0.0822519992510268,0.0777481818789256,0.0751274055178072,0.0092665615141955,0.064865930599369,0.0177444794952681,0.085173501577287,-0.9450704980413522,0.0853812242541103,0.1352843722024422
0,0.0833695955087567,0.0756963876846465,0.0691167701123975,0.0700660509227096,0.0625948853237515,0.0,0.053475935828877,0.0053475935828877,0.0481283422459893,-1.1917578494668324,0.0758205427390065,0.1450087251972475
0,0.0866101125062242,0.0780772006441592,0.079963262096191,0.076528610757693,0.0724387396273377,0.0,0.0192307692307692,0.0192307692307692,0.1538461538461538,-1.221169470202838,0.1388774016496668,0.1220132308858309
1,0.085184999905348,0.08026092298189,0.0743944059765062,0.0718920696281107,0.0707904330636229,0.0119393352694417,0.0372700871248789,0.0204904808002581,0.0898676992578251,-1.298135581003186,0.1209329180712231,0.1563145817930336
1,0.1069092643208001,0.1002223150547149,0.0938065112120469,0.0923732565097047,0.0860768946236866,0.0219780219780219,0.1368631368631368,0.0409590409590409,0.2237762237762237,-0.6202317369797635,0.3677960296058036,0.1890395603684732
0,0.0714680034029683,0.0667493110735088,0.0627961609177294,0.0610391258032413,0.0575141218609678,0.0021802325581395,0.0421511627906976,0.0072674418604651,0.0581395348837209,-1.3122816322210338,0.1097629764943044,0.1419311833734825
0,0.0898674895955468,0.0789176807631703,0.0809478285414224,0.0774417855751353,0.0745550462053925,0.0172413793103448,0.0689655172413793,0.0103448275862068,0.2034482758620689,-1.140736331193746,0.0456806377108904,0.1276474745617248
1,0.087957768506474,0.0779872499535237,0.0720153006706319,0.0696139568604082,0.0690362031211373,0.025531914893617,0.0957446808510638,0.0276595744680851,0.1191489361702127,-1.0545114063331835,0.1771322431763392,0.1650027606307759
1,0.0894930427431783,0.0846969928920221,0.0761441128485588,0.0730298721061625,0.0716105655269865,0.0118110236220472,0.0616797900262467,0.0479002624671916,0.2007874015748031,-1.4455103328884562,0.0831526476216495,0.1225286144246474
1,0.0807307179894799,0.0654313994233924,0.0690930631079527,0.059760832683347,0.0626931016308819,0.0,0.0170648464163822,0.0273037542662116,0.1126279863481228,-1.0686396102889653,0.1889711791278333,0.1432832495448008
1,0.081048578575048,0.0781118499416862,0.0725134542915729,0.0703962336607809,0.0659287387387341,0.0068965517241379,0.0352490421455938,0.0199233716475095,0.1226053639846743,-1.386513186156212,0.0615569989790808,0.1079206209717163
1,0.0661399080844382,0.0610511970580447,0.057081142969745,0.0547569100350733,0.0557212164121705,0.001494209936496,0.0351139335076578,0.0141949943967127,0.0496824803884945,-1.1898095948515093,0.1187172342186041,0.1590634151986158
0,0.0771550250556603,0.0696086089504484,0.0665133559454082,0.0634825443994583,0.063959098921366,0.0025252525252525,0.0336700336700336,0.0092592592592592,0.0622895622895622,-1.3196102866177557,0.1320918936535819,0.1280303142878674
1,0.0934374376722553,0.0890121355173122,0.0834219666876179,0.0779163695815206,0.0792610357698833,0.0144151565074135,0.1128500823723229,0.0473640856672158,0.1733937397034596,-1.117366379811361,0.1112891912666801,0.191458992703991
1,0.1176881695807125,0.1115879836978434,0.0928768555857203,0.0934226513380922,0.0947882801993518,0.0333333333333333,0.1,0.0333333333333333,0.1,-1.4887045176747242,0.0678691099250675,0.1620772191008839
1,0.0981147174654405,0.0940076078318216,0.087295874227255,0.0853689003755275,0.0831698693229392,0.0160807778608825,0.0841436050860134,0.0272999252056843,0.1260284218399401,-1.346223291174086,0.0738556531144617,0.1801281274734224
1,0.0597018816083669,0.0542460392332619,0.0522692946485923,0.0498291921091606,0.0510057852178149,0.0009914077990746,0.0152015862524785,0.0062789160608063,0.0297422339722405,-1.0564689556041944,0.1753281575510308,0.1231914399346994
1,0.0867533185751423,0.07979040657236,0.0737582869538096,0.0721865529699316,0.0735057407279235,0.0115098171970209,0.0494245091401489,0.0111712931618144,0.0639810426540284,-1.11629134525606,0.1491129578818873,0.1806943717542804
1,0.0946206345972573,0.086786683362787,0.079163576207861,0.0754846693765516,0.0787383020672988,0.0131641253906619,0.1510559712093948,0.0361776683398049,0.1662089212993654,-1.1178937888814031,0.0820238171743822,0.1611372817435767
1,0.0868789906542235,0.0825224589264242,0.0747421439100589,0.0723131870143347,0.0724751877424147,0.0048592253823067,0.0631699299699871,0.0127197370301557,0.0677433185650993,-1.148958264444271,0.0895353486361873,0.1501222044791476
0,0.0894403986950178,0.0852762522558198,0.0799986354443518,0.0760033309905426,0.0725711808880191,0.0042145593869731,0.0191570881226053,0.0229885057471264,0.0988505747126436,-1.1988618857504458,0.069596444223355,0.0815366040960466
0,0.0958614734042205,0.094919920427254,0.0841607306464206,0.0823790212605681,0.0790267415701272,0.0263157894736842,0.0526315789473684,0.0263157894736842,0.0526315789473684,-1.580036021217735,0.0560738962243309,0.1419961647203293
0,0.0913569162075083,0.0888412312057378,0.0845473004599321,0.0789263169059419,0.0804284845444929,0.0161290322580645,0.157258064516129,0.0282258064516129,0.189516129032258,-1.4448668415530244,0.0736743961769177,0.1272826193931954
1,0.1006684570175662,0.0949693054963168,0.086838757957584,0.083392522202648,0.0815683518633335,0.0208333333333333,0.1217447916666666,0.0442708333333333,0.1549479166666666,-1.4497046225403014,0.0829376886659352,0.176072073827225
1,0.1065908763727743,0.0981500074125063,0.0865729612167738,0.079420233706003,0.0815207802183595,0.050632911392405,0.1139240506329113,0.1139240506329113,0.3037974683544304,-1.2317028869371969,0.0661865789117536,0.1668192095888469
1,0.0978476050449887,0.093663953292784,0.0840207014255458,0.0823421859903407,0.0831357446833903,0.0101694915254237,0.0491525423728813,0.0084745762711864,0.0491525423728813,-1.4539255476885369,0.0441332047255286,0.1859860117239982
1,0.0896519343295385,0.081533868943338,0.0778346691530777,0.073492426770756,0.0733837172874375,0.0053394355453852,0.0511060259344012,0.0442410373760488,0.1365369946605644,-0.6249822278153071,0.3445817683018602,0.1106137286752639
0,0.082903812032274,0.0769866133228813,0.0799028397415741,0.0805136463422371,0.0750010285185356,0.0,0.0,0.0,0.25,-1.5433070866141732,0.0787401574803149,0.1238248060496844
1,0.0852892299087125,0.0831412489288129,0.0772861298790551,0.0744636063653057,0.0712893272561595,0.0085959885386819,0.0881884750079592,0.023559375994906,0.0760904170646291,-1.2476564250398865,0.106953592697443,0.2015439397520761
0,0.0897454266428176,0.083115555472782,0.0748204859610122,0.073925684634904,0.0730809076160695,0.004825922095829,0.0696311616683902,0.0074112375043088,0.0822130299896587,-1.114924996785647,0.0661364973861501,0.1177836329242051
1,0.087382723478618,0.0856926668951814,0.0770164134456366,0.0737129502746932,0.0744080868869664,0.0053580126643935,0.0662445202143205,0.0175353141743789,0.0725767169995129,-1.1424667364476515,0.0929141389926362,0.1527308376732811
0,0.0999060222710757,0.0935840342258236,0.0871074054229849,0.0832107480180756,0.0820978357707146,0.0171358629130966,0.1187270501835985,0.0905752753977968,0.2913096695226438,-1.0334200236600757,0.0583542831110467,0.1188869506688877
0,0.0953160829237729,0.0918864994771608,0.079914012195679,0.0782086120132104,0.0761764124701573,0.0086580086580086,0.0865800865800865,0.0331890331890331,0.1082251082251082,-1.396738400553478,0.0609508061586064,0.1280469012458815
1,0.0924922706673234,0.0898411337841587,0.0833500066383516,0.0796532660067311,0.0773050204388684,0.0083565459610027,0.0777412003038744,0.0350088630032919,0.1495315269688528,-1.213798213191245,0.1773589455965037,0.1507512057365627
1,0.105195320603463,0.0963702270701132,0.0895771857628024,0.090736338204409,0.08415799028714,0.0069605568445475,0.0672853828306264,0.0266821345707656,0.2134570765661252,-1.455860160008533,0.0851728585782876,0.1390790859226026
1,0.0910224536087285,0.0864194833074264,0.0787862680951868,0.0761995059804541,0.0741720846848614,0.0029397354238118,0.0641842234198922,0.0235178833904948,0.0852523272905438,-0.9505372520449238,0.213711831991369,0.1311361345016138
1,0.1025364381665937,0.0977558944472268,0.0883716246212064,0.0853954288327281,0.0844122880928298,0.0178890876565295,0.0778175313059034,0.0107334525939177,0.1153846153846153,-1.3568599049842744,0.0936576789657515,0.1621534299202704
1,0.0692323264015766,0.061218992936707,0.0589771632111496,0.0572910172607424,0.0559740791707453,0.0018018018018018,0.0477477477477477,0.0045045045045045,0.0495495495495495,-1.123073216302099,0.1267044078004687,0.1801924351774456
1,0.0846676958623553,0.0797323585378348,0.0757912554587822,0.0710161454702177,0.0683539165408028,0.0089928057553956,0.0341726618705036,0.0179856115107913,0.0971223021582733,-1.3069449344541315,0.1519792842443223,0.1363726628925507
1,0.0798965130438732,0.0764800430720669,0.0708274933617363,0.0668389244888222,0.0658707696038503,0.0,0.078902229845626,0.0040022870211549,0.0920526014865637,-1.2173152022377602,0.1118010148491907,0.1389712812621995
0,0.0975232955082323,0.0914668951741289,0.0840121945598582,0.0814459384685131,0.0756815011303866,0.007600434310532,0.0825190010857763,0.0390879478827361,0.248642779587405,-1.0984405232511874,0.2125844514866957,0.1295911506715426
1,0.0893722561072696,0.0817641026015424,0.0759345305908799,0.0737738641861687,0.0708091270314065,0.0071319409067753,0.0723382577687213,0.0280183392766174,0.0927152317880794,-1.01425477352578,0.1618968816316249,0.1667789874196111
1,0.0842608092653972,0.0798076451184619,0.0757584980837396,0.072907640663659,0.0711251839079189,0.0052356020942408,0.0613313388182498,0.025430067314884,0.0747943156320119,-1.5728650000064586,0.0411091731204649,0.1396938331626507
1,0.0942739908090672,0.0821357047709613,0.0792247370722862,0.0767359360956513,0.0758606516571256,0.0018365472910927,0.0371900826446281,0.0169880624426078,0.1088154269972451,-1.0434650607541414,0.2063301382128614,0.1620563011811598
1,0.0884835613415363,0.0827327776408008,0.0785700932542352,0.0743152558111557,0.0724057934369211,0.0055115397864278,0.0640716500172235,0.0454702032380296,0.1157423355149845,-1.2457638781796792,0.1114132287579359,0.1339662826623686
0,0.0945269632722198,0.0787851185289136,0.080498308302318,0.07671433434379,0.0769505501770856,0.0061728395061728,0.0401234567901234,0.0123456790123456,0.0833333333333333,-1.1068794558756805,0.1401512442322544,0.1531380862305424
1,0.1034683830883436,0.0988659391116129,0.0929019725496236,0.0863045000353314,0.0845382363316497,0.028169014084507,0.104225352112676,0.0619718309859154,0.2394366197183098,-1.1544307497724158,0.1360910594238437,0.1420134195018083
0,0.0764278111461251,0.0698707359141162,0.0677514245079739,0.0629979836693494,0.0614544681592963,0.0029498525073746,0.0429367420517863,0.0098328416912487,0.0707964601769911,-1.4258243125205978,0.0856082055809544,0.1638055115316281
1,0.0950209589664361,0.0871667021759331,0.0864556037043533,0.0793556109151283,0.0817330896241918,0.0115295926210607,0.1053036126056879,0.0522674865488086,0.2644119907763259,-1.2347924986235157,0.0914962091665489,0.1968349844358843
0,0.0716026076394761,0.0658378324894524,0.0641270751208176,0.0622210828058172,0.058046448288585,0.0073927392739273,0.0529372937293729,0.0213861386138613,0.1131353135313531,-0.6928194782558043,0.175676905496449,0.1855861340183394
1,0.0961323060700614,0.0929050135651926,0.0833898632541142,0.0812182274495358,0.0784414079077486,0.0259208731241473,0.1061846293769895,0.0495679854479308,0.2257844474761255,-1.314675956554778,0.0952378647807351,0.1477351529142593
1,0.078961964420176,0.0695295813606293,0.0667863536397299,0.0629592520059901,0.0630985426701855,0.0013368983957219,0.03475935828877,0.0053475935828877,0.0427807486631016,-1.0098651184508671,0.1737443366503094,0.1625745927275807
1,0.0903817632080034,0.086622062919994,0.0792791098406503,0.0759605350596409,0.0757590192650285,0.0053191489361702,0.050531914893617,0.0186170212765957,0.0984042553191489,-1.259938117553259,0.1164014023269321,0.1471367996169944
1,0.0721561277708477,0.0697455373073318,0.0642511410607658,0.0625922809576869,0.063956089601085,0.0,0.0274841437632135,0.0190274841437632,0.0782241014799154,-1.059615570947945,0.1941385121295405,0.1642544482661158
0,0.1004461878885003,0.1007000659836103,0.0897836439864394,0.0840173546885752,0.0878979426983838,0.0,0.0952380952380952,0.0714285714285714,0.1904761904761904,-1.3924188402616888,0.0709063706074474,0.1216567615764378
1,0.0853781635519111,0.0805910697476675,0.0765317834821377,0.0722891205493044,0.0700707268693013,0.0053010223400227,0.0412722453616054,0.0162817114729269,0.079136690647482,-1.2753922420629156,0.0743329636008166,0.1299135675174978
1,0.1143146890246442,0.1090381852320795,0.0978268402376604,0.0938672347542328,0.0905708205214845,0.0188679245283018,0.2264150943396226,0.0754716981132075,0.3962264150943396,-1.5165734957084671,0.0845933790433201,0.1019828289292788
1,0.0862217845728776,0.0809218372770391,0.0765581629292659,0.0717958527959639,0.0704363153169708,0.0028292181069958,0.0329218106995884,0.022633744855967,0.139917695473251,-1.5123806999518927,0.0864233843840257,0.0995501153680913
1,0.0773021173764389,0.0756608817759846,0.0708820629761321,0.0728422212910002,0.065364167913877,0.0,0.0071428571428571,0.0142857142857142,0.0607142857142857,-1.4259988302837925,0.0819591452733668,0.0809206561542673
1,0.0781290794363455,0.0747845245949304,0.0675467399106573,0.0649141633938352,0.0648273145494978,0.003875968992248,0.0596899224806201,0.0131782945736434,0.0635658914728682,-1.0764523979385416,0.1247236955895442,0.1449342211663083
1,0.1036240974543509,0.0994184622998439,0.0950960621153093,0.0917494259794453,0.0877355449340031,0.0251572327044025,0.2452830188679245,0.0553459119496855,0.4062893081761006,-0.7992623557060298,0.2132303616925991,0.1961121369074763
1,0.0838912769891003,0.0768147979666595,0.0730910913766637,0.0693989266702891,0.0666816036652721,0.0034507256673094,0.0546026590886024,0.0286207246523901,0.0986501573124936,-1.1939234757148296,0.1105863665074857,0.134643128437272
1,0.0750386917422734,0.0701370489004248,0.0666646468983483,0.0635272144208484,0.0627248996266928,0.0032743942370661,0.022920759659463,0.0117878192534381,0.0484610347085789,-1.2953932807881066,0.0980580646087291,0.1218858407012168
1,0.0957009451263456,0.0900400102586849,0.0845394454226191,0.0812897086017139,0.0800984441219221,0.0068870523415977,0.0950413223140495,0.0564738292011019,0.2162534435261708,-1.3965100921500355,0.0610864689304346,0.1183515226297181
1,0.1009986363574423,0.1004656380581999,0.091506633523826,0.0885092711845713,0.0840703904185739,0.0125944584382871,0.1952141057934509,0.0906801007556675,0.3022670025188917,-1.0796084644808033,0.2093827447263349,0.1251237574423253
1,0.106335566494113,0.0989883243490035,0.0909341817170386,0.0894512165644277,0.0820047339062913,0.0148148148148148,0.0783068783068783,0.0423280423280423,0.1936507936507936,-1.451585574444462,0.0462276862580574,0.1381461242942095
1,0.0975345037664012,0.0945140478143321,0.0871637911771132,0.0848119351510101,0.0815702740324814,0.0148809523809523,0.0922619047619047,0.046875,0.1651785714285714,-1.2147125610153762,0.1242377569728764,0.1653146974018436
0,0.0853208168761632,0.0815543577371191,0.0737236989256822,0.0718780117222538,0.0706589700676837,0.0111492281303602,0.0437392795883361,0.023156089193825,0.0660377358490566,-1.46377879863447,0.0719941105504557,0.141224930394058
1,0.0791397185944241,0.075531908116161,0.0716782735895767,0.0704480669293799,0.0655393052976286,0.005610098176718,0.0196353436185133,0.0238429172510518,0.0589060308555399,-0.9607881479514492,0.2099618633811397,0.1467479647394434
1,0.0838652277119135,0.0782180615227319,0.071181130091664,0.0699537050016606,0.067103056108326,0.0008802816901408,0.0264084507042253,0.0184859154929577,0.0536971830985915,-1.1395920073307135,0.107455530748242,0.1496306573541838
0,0.1001413074394806,0.0868094364461521,0.0816042605621001,0.0797749433943197,0.0769105405961052,0.0039682539682539,0.0661375661375661,0.0119047619047619,0.0859788359788359,-1.3269076588918822,0.1075974403705233,0.1421511499294298
1,0.1015867617341826,0.0970201652639642,0.0876660999826781,0.0887005762499267,0.0833264152411182,0.0285024154589371,0.1285024154589372,0.0429951690821256,0.2067632850241545,-1.3553415418259178,0.1044528522691907,0.1313189907271267
1,0.0975380034739211,0.0893507873425054,0.0845412974195946,0.0805362645520695,0.0806385962730712,0.0103975535168195,0.0581039755351682,0.0354740061162079,0.1272171253822629,-1.2636216912185156,0.1428263191589435,0.1672701056756761
0,0.1034212652072755,0.0975587513152319,0.091039329832299,0.0880301347925341,0.0881653092958695,0.051710350955131,0.1608174144824522,0.0766770324300311,0.3306974677920924,-1.322973546054493,0.1181626324371273,0.1342071827374449
1,0.0822710161732419,0.0781200620761724,0.070793944755738,0.0688135456808246,0.0689532468517999,0.0100671140939597,0.1375838926174496,0.0201342281879194,0.1275167785234899,-1.148704355647299,0.1383743984671334,0.1645967536489943
1,0.1187334109489971,0.1110967114628897,0.1003296670271714,0.0931529153649205,0.0995312767038939,0.0211180124223602,0.1105590062111801,0.0757763975155279,0.2024844720496894,-1.1771109423896315,0.0814846401370263,0.1823010847747137
0,0.0415235636980352,0.0369239641369533,0.0324652977944385,0.0324758816030435,0.0340319754467478,0.0006451612903225,0.0103225806451612,0.0032258064516129,0.0187096774193548,-0.7410755878974659,0.1146948799220868,0.113734102117652
0,0.0998832268777509,0.0974729474324049,0.0922237818310599,0.0877084438810459,0.0828301750907122,0.0328448711470439,0.1581606872157655,0.0818595250126326,0.2784234461849419,-0.860370049924469,0.0837317357636843,0.1361847241491704
1,0.0755619909645878,0.0704576352145783,0.0664402115125527,0.0644534750348704,0.0651871085537643,0.0009784735812133,0.0254403131115459,0.0088062622309197,0.0587084148727984,-1.038868504982305,0.127472445208441,0.1603149972943225
0,0.1027859053559104,0.0916033410030292,0.0850197211306157,0.0832615091324877,0.0846384665423035,0.0210779459612392,0.1099165369925024,0.0285754703635592,0.1253359739708587,-1.2446539759336062,0.1080123073959691,0.1656181256091461
0,0.0734347321720544,0.0716285149556201,0.0646179744217813,0.0621830582037001,0.0627078523031157,0.0018621973929236,0.0242085661080074,0.0046554934823091,0.031657355679702,-0.905723423996704,0.2556368515950215,0.1551473248225802
0,0.0985572326502457,0.0979190593581339,0.0874010584493523,0.0844421356725027,0.0806722856170051,0.0088532883642495,0.0860033726812816,0.0181281618887015,0.105185497470489,-1.435069534535054,0.0870627583413119,0.1468546770733499
1,0.0959192805423293,0.0907682446711575,0.0854356253201466,0.0821576950600962,0.0805681638622263,0.0030165912518853,0.1040723981900452,0.0271493212669683,0.2066365007541478,-1.1241330634401856,0.1749152433615338,0.1606223882182654
1,0.0814304274730454,0.0685255634302345,0.0676540048473742,0.0660747305914628,0.0603258999525243,0.0,0.0294117647058823,0.0084033613445378,0.0840336134453781,-1.4289488573825857,0.0788421348758666,0.1344599381712836
1,0.0978423326417787,0.0904916859775812,0.087663999043425,0.0824915228994281,0.0797675418328941,0.0147058823529411,0.0784313725490196,0.082516339869281,0.3031045751633986,-1.3613991509775414,0.0889488385037847,0.1275120932350484
0,0.0926438857904452,0.0906074475311569,0.0846330015102507,0.0817070352663594,0.0776918783663506,0.0117767537122375,0.0686123911930363,0.0225294418842805,0.1054787506400409,-1.1475988862966071,0.0867868071467955,0.131774561645391
0,0.0796872744544704,0.0717567441632528,0.0688049920748579,0.065467731881985,0.0679778984465126,0.0138888888888888,0.0555555555555555,0.0277777777777777,0.125,-1.1237601847958156,0.1508585197614198,0.2165377328265299
0,0.0821467238807357,0.0761482365335692,0.0729504575993171,0.0802611275036823,0.0716056058519646,0.0,0.0188679245283018,0.0,0.0188679245283018,-1.1726807583559211,0.0503497867695952,0.1534933624707247
0,0.0927384821099043,0.0918107697635492,0.0810363330669894,0.0798995500852019,0.0739083142448192,0.0074349442379182,0.0631970260223048,0.0446096654275092,0.1226765799256505,-1.4327278043288316,0.0532759197836854,0.1154630190030016
1,0.0800453470264716,0.0736471930005484,0.0695726130831736,0.0621132355706481,0.0640127338445833,0.0,0.0352422907488986,0.026431718061674,0.0484581497797356,-1.153083167408545,0.061053427557607,0.1264423499361834
1,0.0830851341138313,0.0768575284721086,0.0733423511779902,0.0710835428553768,0.0663200386227202,0.0110091743119266,0.055045871559633,0.0201834862385321,0.1082568807339449,-0.9441328982892688,0.1573029335641946,0.146581389495206
1,0.0953769074415688,0.0845804948125683,0.0854368806069432,0.0771626849667303,0.0764424781948207,0.0,0.0220994475138121,0.0441988950276243,0.1325966850828729,-1.3686703884280114,0.10922938468797,0.1280041949018801
0,0.0937035912985429,0.0885819033092666,0.0849051424684305,0.08077328253171,0.0760677276790782,0.0091803278688524,0.0793442622950819,0.0340983606557377,0.1691803278688524,-1.145125630124164,0.1495726657089497,0.1449316529444929
0,0.0909235403102558,0.0836901094875373,0.0808627104661549,0.0705807677160507,0.0733569974747996,0.0,0.104,0.056,0.22,-1.0422701613169754,0.159972844772502,0.1047210985153267
1,0.0651438330320925,0.0568922453022905,0.0547429677147141,0.0529792627251482,0.0531886063921181,0.0024131274131274,0.012065637065637,0.0062741312741312,0.0424710424710424,-1.06798386178663,0.1232560971874586,0.1457529972916995
1,0.0842236296340827,0.0869173288830724,0.076684603317581,0.072168183016064,0.0722345264210034,0.0087412587412587,0.0244755244755244,0.0157342657342657,0.0506993006993006,-0.7327749969903478,0.3243084343241685,0.136144331617956
0,0.0748286835836023,0.0696929121095505,0.0618606871423884,0.0611716437634033,0.0619152445779727,0.0037878787878787,0.0378787878787878,0.0085227272727272,0.0473484848484848,-0.9721843343920488,0.1269147703754189,0.1625506364742915
1,0.0861610768177996,0.0790835578029818,0.0747611437323497,0.0712810227165559,0.0673641006563337,0.0082644628099173,0.0523415977961432,0.0303030303030303,0.0606060606060606,-1.3119486250619876,0.1179854777356116,0.1607235080489531
1,0.1077012221285205,0.1011605152914835,0.0927907691974265,0.0889354558637911,0.0911270637253511,0.0789756446991404,0.2241224928366762,0.2476719197707736,0.3602256446991404,-1.2839637669102983,0.12530116341875,0.1927451729263616
1,0.0974559076232021,0.0942051217253888,0.0875765499101857,0.0836978726602387,0.0808723466329114,0.0081490104772991,0.0762514551804423,0.0139697322467986,0.1233993015133876,-1.4416487048705393,0.0959787401082219,0.140284302936727
1,0.0625440661287919,0.0561189602190611,0.0502423943920933,0.0485943740698238,0.0494750149275915,0.0018083182640144,0.0361663652802893,0.0041730421477256,0.0371400751147586,-1.066978827644418,0.1317976193075507,0.1523836982596189
0,0.0875581845269396,0.0822722498131836,0.0814951364916543,0.0759955206411778,0.0693022945639865,0.0029673590504451,0.0563798219584569,0.0385756676557863,0.1068249258160237,-1.314022146664822,0.0895319395693705,0.1298787352358722
1,0.1029855889149299,0.0999171530816525,0.0904174564307152,0.0879148387346352,0.084876232514777,0.0386568197553658,0.2172859450726979,0.115393491807062,0.535310408492961,-1.3429338386475036,0.0979613346911317,0.1264128749312291
1,0.0872252805178365,0.0843535919983246,0.0815202049701852,0.0790328720193861,0.0682627110112757,0.0031298904538341,0.0359937402190923,0.0250391236306729,0.1533646322378716,-1.5041305984283675,0.0439381348878296,0.0936019164961324
0,0.0991677978690122,0.0987700003208222,0.0894941098958701,0.0861372804371671,0.0841484250576252,0.0354838709677419,0.1604838709677419,0.0612903225806451,0.267741935483871,-1.3849833418337425,0.0980036511292507,0.1601898705408907
1,0.1009488432513264,0.0909541783675078,0.0844214409379403,0.083970966072507,0.082998895714715,0.0076923076923076,0.1038461538461538,0.0384615384615384,0.1307692307692307,-1.1555566392155394,0.1767460690045049,0.146220606557521
0,0.0899082140381631,0.0809174364271773,0.0792754617158316,0.0737274154071443,0.0739145009471861,0.004930966469428,0.0315581854043392,0.0177514792899408,0.1025641025641025,-1.3366301897541133,0.1084629821634038,0.1366794936960522
1,0.0882999148660547,0.0905785847925306,0.0802299256378971,0.0782175513240473,0.0775451285038195,0.0144404332129963,0.0216606498194945,0.0216606498194945,0.0866425992779783,-1.7678939700663463,0.0046998477703925,0.1530681961515405
0,0.0913503120073451,0.0819489541279813,0.0804607119017577,0.0742335456031636,0.0761628051888375,0.0130445483632783,0.0634998769382229,0.0662072360324883,0.1740093526950529,-1.4923282799576283,0.0593822746302907,0.1205367539648021
1,0.0931958454657686,0.0897282547729585,0.0834083165048803,0.0802505916399395,0.0772753207019063,0.0090400344382264,0.0503659061558329,0.034007748600947,0.1338786052518295,-1.2190061329533908,0.129579071343634,0.1581535363691749
1,0.0829269224954231,0.0732632682290575,0.0686073417159818,0.0669422905857337,0.06901701700925,0.0058309037900874,0.0641399416909621,0.0145772594752186,0.0641399416909621,-1.0043213651499798,0.1562596616763051,0.1882611087008065
1,0.09113440185647,0.0908412343135321,0.0812044948189345,0.0801048237223794,0.078142216875136,0.011578947368421,0.0810526315789473,0.0147368421052631,0.1042105263157894,-1.124040622249688,0.1464279351975247,0.1820140626104734
1,0.1076183030931374,0.1064270782554339,0.0966568773287829,0.0966045202583343,0.0879430918902167,0.0348690153568202,0.2458897922312556,0.046070460704607,0.2222222222222222,-1.4005416664650103,0.0813824835947638,0.1478161321570981
0,0.0755393272047931,0.0678396550811095,0.0630115512072078,0.062583592520904,0.0626234238805106,0.0065454545454545,0.0301818181818181,0.0141818181818181,0.0487272727272727,-1.0372485429791187,0.124137884889752,0.1536034574509353
1,0.1021583881373746,0.0965897117909347,0.0907798320234867,0.0856177562369952,0.0834526427728192,0.0227743271221532,0.0807453416149068,0.0848861283643892,0.2422360248447205,-1.3713104382223484,0.077076018514051,0.1558827642627701
0,0.1050395992557154,0.1031531349920337,0.0890046078874864,0.0851311776941942,0.0808711738070643,0.0094339622641509,0.0471698113207547,0.0188679245283018,0.1792452830188679,-1.6900358326987068,0.013697887356709,0.1118178734939871
0,0.0758816876288699,0.0728035503090106,0.0662851886369505,0.0646263052361162,0.0634994947662987,0.0048701298701298,0.0389610389610389,0.0292207792207792,0.0974025974025974,-0.956310757222942,0.2761255438382164,0.1560294242231496
0,0.0741280366675852,0.0681919022615204,0.0616964573753536,0.0606228714139602,0.0610482853608436,0.0020833333333333,0.01875,0.0125,0.04375,-1.0739023947787063,0.2120653183939277,0.145341308881472
1,0.0848679933743167,0.0808451802424496,0.0783494618063049,0.0726057348824747,0.0699470775267525,0.0039292730844793,0.0589390962671905,0.0589390962671905,0.174852652259332,-1.4775058581690403,0.0501986112961143,0.1162302403753197
0,0.0911545738903617,0.0784434211219691,0.0765522186215327,0.0720007640832952,0.0730817172907927,0.0062360801781737,0.0498886414253897,0.0298440979955456,0.133184855233853,-1.1657478019717165,0.1208229849978675,0.1438089861773042
0,0.0732543005050218,0.0642515672653028,0.062011250626741,0.0592707231523862,0.0553827005038699,0.0,0.0393401015228426,0.0076142131979695,0.0507614213197969,-1.0819789051272548,0.1646866905886823,0.1388510078996098
0,0.0925613958179378,0.0895434673751507,0.0843965145949361,0.0800784103808774,0.078494102963263,0.0059121621621621,0.0743243243243243,0.0177364864864864,0.1351351351351351,-1.262737143554783,0.1306078028057137,0.1727423261472806
1,0.1109485488134572,0.0965666849898126,0.0876333299190343,0.0824657479638025,0.0929579198729474,0.0311244979919678,0.1144578313253012,0.0993975903614457,0.3162650602409638,-1.5536391245165726,0.0609401926274172,0.17798929833063
0,0.0966147870157684,0.0906399614363123,0.0823734014551518,0.0837505284495654,0.0771121816310815,0.0248962655601659,0.0539419087136929,0.0456431535269709,0.1825726141078838,-1.7252540506311849,0.0514038689650227,0.142823754720756
0,0.0731614957536845,0.067280693076095,0.0627754147933681,0.0606007930564579,0.0598452617015248,0.0074257425742574,0.0259900990099009,0.016089108910891,0.0618811881188118,-1.316339516248444,0.0273848591208592,0.0919377013520873
1,0.10333606987719,0.0918165922840967,0.0861716467652881,0.0813419097958575,0.0841219503671221,0.0390300230946882,0.1489607390300231,0.1344110854503464,0.2752886836027713,-0.9785056652027984,0.2043912819238998,0.1801201995954154
1,0.0948490366340115,0.0842202603446944,0.0794156227152298,0.0789331318878733,0.077442855149509,0.0090070769890628,0.0416041175209092,0.0218743298305811,0.0677675316319965,-1.6925897716424074,0.0421094578564871,0.1558595018860252
1,0.1024945059153224,0.0970112786617607,0.0936020631353438,0.0886421560254477,0.0892795880259065,0.0356489945155393,0.159963436928702,0.1371115173674588,0.2815356489945155,-1.1687564462254287,0.0753930941057225,0.2052840936710914
1,0.0899930800038985,0.0790496639711532,0.0725200255653653,0.0694455509679878,0.0739643530608876,0.0055000723693732,0.0418294977565494,0.0176581270806194,0.0683166883774786,-1.3911665756384242,0.1117835297297959,0.1678174556113463
1,0.0860871423904033,0.079661166211719,0.0791491837958794,0.074882955476067,0.0690142865880639,0.0055045871559633,0.0623853211009174,0.0165137614678899,0.1963302752293578,-1.0209573925105793,0.1648144618298227,0.1998640471468656
0,0.0786146735043299,0.0695906650020293,0.0655486284186324,0.0625272385152881,0.0644278682677651,0.010559662090813,0.0485744456177402,0.0279831045406547,0.087117212249208,-1.158560648645565,0.1313848623174345,0.1562166896705355
0,0.0979991616078041,0.0959277355122836,0.0996486583137192,0.0898765398912134,0.0894412371082067,0.0,0.3076923076923077,0.3846153846153846,0.6153846153846154,-1.4306279618645092,0.1035176110778779,0.1856735379346739
1,0.094753618581031,0.0865307569183177,0.0841970666791479,0.0782709809492322,0.0767418385217208,0.0074074074074074,0.0808641975308642,0.0839506172839506,0.1858024691358024,-1.45892453969621,0.048253205460316,0.1487283907230168
1,0.103665761297259,0.0926013213536075,0.0889125737525903,0.0854991662508827,0.0816915141564763,0.0059563203176704,0.0634017207147584,0.043017868960953,0.1887491727332892,-1.447865343847849,0.1114072898820203,0.1232984426872402
1,0.0997155771317288,0.0912818296119857,0.0838768239148006,0.0827834181371772,0.0790091725539993,0.0160653889515219,0.0558060879368658,0.0279030439684329,0.1242953776775648,-1.3234484588693345,0.1130429963312354,0.1382499722548497
1,0.092002133958543,0.0900074376014961,0.0824765056382484,0.0789348689764449,0.0783787069807323,0.0089020771513353,0.1951038575667655,0.0548961424332344,0.2396142433234421,-1.0406420462349733,0.0304812882009971,0.0962064913379753
1,0.106391852835557,0.1023581563639029,0.0922335625384865,0.0922190375677169,0.0867989163546248,0.036468330134357,0.272552783109405,0.0959692898272552,0.4088291746641075,-1.4005414202697803,0.0771085398871881,0.1184517786895861
1,0.1079991352237395,0.0975179529875315,0.088723359510938,0.0877529042904248,0.08508107471495,0.0081632653061224,0.0555102040816326,0.0187755102040816,0.1118367346938775,-1.2166690230459956,0.1539872304925574,0.1541212370637644
0,0.083821548665986,0.0805324751198047,0.0747225318967245,0.0713103823527016,0.0696491890970775,0.006861063464837,0.0548885077186964,0.0188679245283018,0.078902229845626,-1.18479227630349,0.1214293303755129,0.1629358574544099
0,0.0755809628908136,0.0703479322878229,0.0680851144987562,0.0673092082458669,0.0623465844079994,0.0035714285714285,0.1142857142857142,0.0017857142857142,0.0607142857142857,-1.1788921572801498,0.0917502097157608,0.1560478237965309
1,0.0917484811112186,0.0821187230050965,0.0786266635166435,0.0763029686570284,0.0739256256888989,0.0102389078498293,0.0341296928327645,0.0341296928327645,0.0870307167235494,-1.237574545257323,0.1334592615180264,0.168461222231017
1,0.0948635445385831,0.0872359499114148,0.0833564328728197,0.0785394916331904,0.0773334417159016,0.0089285714285714,0.1303571428571428,0.0767857142857142,0.1785714285714285,-1.3082623840062737,0.1165834817062728,0.1605470448064139
1,0.089391864099313,0.0865184744101074,0.0781016355586427,0.078906647398363,0.0755635550759531,0.0038387715930902,0.036468330134357,0.0095969289827255,0.0998080614203454,-1.3157782614507758,0.0954082142322574,0.1122999222794423
1,0.085973322831632,0.0813425884151985,0.0740450880248509,0.0719763285289844,0.0704777498770867,0.0093023255813953,0.0674418604651162,0.0232558139534883,0.1337209302325581,-1.2496699561291624,0.1121227572910432,0.1704311049278532
1,0.0717057047184607,0.067758232195582,0.0615818293968584,0.0617364518102777,0.056440560008371,0.0,0.0207792207792207,0.0025974025974025,0.0571428571428571,-1.1874115403093355,0.1053280539052508,0.1718964473362584
1,0.0931237518596853,0.0889457685737447,0.0786126834327076,0.0757605257788067,0.0790471191156904,0.0052025269416573,0.052396878483835,0.0100334448160535,0.060200668896321,-0.8812003008296793,0.2312470400597097,0.2238991577175137
1,0.0821974773133991,0.074110267223756,0.0706282710051677,0.0676665252855497,0.0670502973249491,0.0050840276797062,0.0430730122864002,0.0323400649625759,0.069764157604858,-1.0487437216767732,0.1567512899655085,0.1706826476189497
1,0.0786537013123593,0.0710472394927347,0.0668904048837793,0.066327714079977,0.0631897912748016,0.0047732696897374,0.0680190930787589,0.0178997613365155,0.1085918854415274,-1.0821237981890812,0.1548474664383972,0.1376062138878356
0,0.0861243865889443,0.0748539999701148,0.0732213169671527,0.0703273131156674,0.073741135113757,0.0,0.0509193776520509,0.0155586987270155,0.0565770862800565,-1.0107308057194762,0.1896867227619181,0.175279591526031
1,0.1190220480645147,0.1152137706072751,0.1066497975286604,0.0978454367827564,0.1066037692493997,0.0341997264021887,0.1285909712722298,0.0848153214774281,0.1928864569083447,-1.221029599991813,0.1192643491170552,0.21756131493731
1,0.091566888347489,0.0848638265532307,0.0792361499776485,0.0792671860314955,0.075860549843394,0.0119667013527575,0.072840790842872,0.0296566077003121,0.1441207075962539,-1.1507452634590607,0.1337260990707436,0.1492247873457529
1,0.0721816274690828,0.0626257296104667,0.0595093302329872,0.0581203154078134,0.0570031190198637,0.003610108303249,0.0155685920577617,0.0072202166064981,0.0464801444043321,-1.126819882789739,0.1184378739658499,0.1351387707613031
1,0.0823673456788534,0.0760841534759557,0.0706283095670765,0.0679968121024032,0.0644433338383231,0.00238379022646,0.0393325387365911,0.0125148986889153,0.0661501787842669,-1.113412665147017,0.1722850689847103,0.1596673242357527
1,0.0729374226456751,0.070461752236715,0.0657879667872233,0.064049567937294,0.0636456375725375,0.0010626992561105,0.0308182784272051,0.0127523910733262,0.0356004250797024,-0.9425527740883852,0.2092773772669996,0.1849889743898562
1,0.0642737032709425,0.0618488764761862,0.057691926725561,0.0584912521473458,0.0552912803607862,0.0018261504747991,0.0226442658875091,0.0084002921840759,0.0343316289262235,-1.2329449998361757,0.1009760187924442,0.137395532603815
1,0.0754268934390756,0.065724595442023,0.063522248304672,0.0613108144018342,0.0624935672600773,0.0032025620496397,0.0424339471577261,0.0077395249532959,0.0528422738190552,-0.990875064749258,0.1581475127523419,0.1722435874256716
1,0.0817088979199565,0.0816258606242778,0.074290907258627,0.0712389680762776,0.069121524491132,0.0027743868605038,0.0417267783819775,0.0076573077349905,0.0502718899123293,-1.1718884902447688,0.1421752970349302,0.1577944952053398
1,0.0925798077347572,0.0858338940849977,0.0813092659871822,0.0778566265153796,0.0792399808445044,0.0437788018433179,0.1889400921658986,0.0990783410138248,0.1820276497695852,-1.2013373762941169,0.1056618122330429,0.1932036049458393
1,0.094813558336348,0.0947037228635799,0.0870048751759418,0.0834211117223522,0.0825800633527217,0.0118231260345235,0.1364388744384015,0.0243556396311184,0.2095057933317569,-1.2919913454021972,0.1055799290384359,0.160415268818673
1,0.0767029599837483,0.0727770155103569,0.0717531287988937,0.0723511474946388,0.0605279950505516,0.0083333333333333,0.0271929824561403,0.0105263157894736,0.0787280701754385,-1.388947593584824,0.111401400252644,0.1296375069627997
1,0.0958509243878476,0.0878031704387267,0.0808974542122763,0.078574845044617,0.0800223068975784,0.0144462279293739,0.081059390048154,0.0296950240770465,0.1075441412520064,-1.077770731527001,0.206044939792224,0.1720153218220504
1,0.0681289518616836,0.0655400530788889,0.0613054893313018,0.0603879135712853,0.0586373811701482,0.0015810276679841,0.0292490118577075,0.0031620553359683,0.0300395256916996,-1.158410622009099,0.0907676031342037,0.1686533947635294
1,0.1029730324888032,0.1083546257980303,0.0997859724049626,0.096751905676751,0.0914303960229029,0.0317519611505416,0.0698543145311916,0.0545386626821068,0.2543892416884572,-1.1356172236276476,0.157274734182369,0.1739648681985101
1,0.0913329994129855,0.0872106225656214,0.0798611874001099,0.0771692366692592,0.0756411963963308,0.0119912790697674,0.0793968023255814,0.0267078488372093,0.1017441860465116,-1.226606100350147,0.114379182189228,0.1969405333931546
1,0.0685759365566156,0.0592078969541426,0.054698336135684,0.0546380765601663,0.05651434935913,0.0053554286869095,0.0251604102460465,0.0069216389632698,0.0334966907492547,-0.9839144955689728,0.1695393377115106,0.1394003545514286
1,0.0876509826533772,0.0818383204381321,0.0776699705175537,0.0744643787839561,0.0703349067205699,0.0039781203381402,0.0447538538040775,0.0218796618597712,0.096966683242168,-1.3643668980520798,0.1348288047350316,0.1341173760649475
1,0.0706602804720793,0.0699487610314654,0.0618954167809893,0.0601349311219106,0.0605262747674925,0.0020602626834921,0.043780582024208,0.0048931238732938,0.0375997939737316,-1.2330926703914842,0.0832766111621682,0.1428980156649919
1,0.0946149689805712,0.0908789877139498,0.0809272192568536,0.0807083886843058,0.0806647704215239,0.0117395944503735,0.0672358591248666,0.0181430096051227,0.0928495197438633,-1.0314945804529756,0.2112902586145174,0.1530334205571784
1,0.1015426802124996,0.0951097160838101,0.0885368694447657,0.0841799329906287,0.0809650520199457,0.026602176541717,0.1281741233373639,0.0788996372430471,0.336154776299879,-1.281962618372325,0.1202440645164828,0.1244243933672684
1,0.0891803899372678,0.0793302419866602,0.0749560663909267,0.0710263906384329,0.071613377406148,0.0101046553590761,0.0479971129556116,0.021652832912306,0.0761457957416095,-1.1622921959435182,0.1473311616803101,0.1568444245764436
1,0.0603509403703126,0.058373401147843,0.0518449878318545,0.0502064087174517,0.0508457485496159,0.0048987589810581,0.0228608752449379,0.0117570215545395,0.0437622468974526,-1.251259309809244,0.0987079664027875,0.1788878988401701
1,0.0581553302804822,0.0544381598797969,0.04920149198606,0.0480807544513089,0.0494965013039096,0.0015302218821729,0.029265493496557,0.0043993879112471,0.0371078806426931,-1.3178809296390357,0.0797880850802752,0.1459878388580746
1,0.0980603648936625,0.096999542251571,0.0887266749277699,0.083933979193742,0.0843194433214742,0.0114810562571756,0.0815154994259471,0.0275545350172215,0.1121316494450822,-1.2862596578915326,0.1225282603992345,0.1628688721937376
1,0.1034410627840347,0.1045581990133371,0.1178496202906779,0.1201538075513788,0.109954442974946,0.0,0.0,0.0,0.0,-0.6947689141477557,0.3230088331332888,0.1736823342645547
1,0.0994767978871637,0.0932695010898723,0.084493738143829,0.081389317887,0.0849061613055676,0.0099847292376365,0.1125337718783037,0.0305415247268882,0.1454246446611065,-1.3608910068303492,0.1055657522659641,0.1291311763395864
1,0.0963226637762109,0.0902146938273873,0.0848784363385135,0.0791245699765427,0.0833449267773288,0.010764745458623,0.1089930477685579,0.0370038125140166,0.1154967481498093,-1.420390401101462,0.0868358131463401,0.1470140937750624
1,0.0914424609117128,0.087930640480449,0.0801592542346121,0.0768444345892501,0.07518951568057,0.0051205814337628,0.0447637925338619,0.0161876445325404,0.097621407333994,-1.034984069596403,0.1294665824008707,0.10334698315655
1,0.0734962889549887,0.0654731945478175,0.0625824322468679,0.0607789470628723,0.0584224176660508,0.0025330706445257,0.0160427807486631,0.0095693779904306,0.0329299183788347,-1.139944760584419,0.1613315125873642,0.181546951264005
1,0.0987922643615365,0.09797065152924,0.0911859801661002,0.0883298417224036,0.0822494282882375,0.0599818408807172,0.2073544433094994,0.1087844739530132,0.4574963114288957,-1.4784297494183425,0.0755242872639511,0.1602229766970224
1,0.0842331131181658,0.0789057194498067,0.0728593563727219,0.0705446295757577,0.0697941643803331,0.0077639751552795,0.0496894409937888,0.0419254658385093,0.0854037267080745,-1.1535802488831453,0.1541944401651029,0.1665123542297847
1,0.0909732417006942,0.0849660112593,0.0802947136652358,0.0761744061906702,0.0766235912863836,0.0151346539060761,0.1097262408190518,0.0500778989539283,0.1673714667260182,-1.2579730617016949,0.1070703298589006,0.1455337748626244
1,0.0839266715136174,0.0767140204487096,0.0723041477973274,0.0698257182646105,0.0717757371644949,0.0060288335517693,0.0595019659239842,0.0220183486238532,0.0993446920052424,-1.3486152628848391,0.0635832008586243,0.1718257237924974
0,0.1021920581290684,0.0987233981247502,0.0931363529368526,0.0900938696299477,0.0874715092133675,0.0160914672877408,0.0973957230573787,0.0326063942409485,0.1033241583739148,-1.3595186843777385,0.1086799272052317,0.1717727473578378
1,0.079691822498258,0.0773436801064976,0.0695823313772217,0.067348047756695,0.0700437945429507,0.0097887686759402,0.0628541988665636,0.0092735703245749,0.080370942812983,-1.207833363643766,0.1288456989514057,0.1679832349945993
1,0.0699936406452627,0.0653432123481743,0.061097069679623,0.0602607543136985,0.0568138045733463,0.0056116722783389,0.0516273849607182,0.0168350168350168,0.0512532734754957,-1.1836736620941894,0.1114413336165796,0.164611128220189
1,0.0871138301027352,0.0830322188717829,0.074638574407402,0.0730169227554685,0.0710897458764534,0.0088105726872246,0.0607929515418502,0.0229074889867841,0.0810572687224669,-1.0425888266108876,0.1664042524999336,0.1337536381884305
1,0.0882799108561404,0.0784030960597197,0.0733353930337705,0.070487290814564,0.0725129340044891,0.009161859518154,0.0460355163443049,0.0235267503676054,0.0769143762017871,-1.1654298918743844,0.1383454932221296,0.1333713975300341
1,0.0744468406014883,0.0667834165692941,0.0643029636817437,0.0601466065117773,0.0604580981217116,0.0065940366972477,0.055762614678899,0.0476634174311926,0.209288990825688,-1.4010963374517211,0.0280707731550243,0.1612316540264472
1,0.0738446076785802,0.0696418715712223,0.0641130057492825,0.0612113542131511,0.0613800391243585,0.0051009785550697,0.0325838017905475,0.0204039142202789,0.069539870914012,-1.1104580002842008,0.1354400634768095,0.115931906986069
1,0.0863018654492055,0.0783583360528051,0.0744002022477933,0.0722646600573174,0.0719123856617007,0.0109011627906976,0.0403343023255814,0.0268895348837209,0.0694040697674418,-1.1868434191471682,0.1205117161265209,0.2041527929353677
1,0.090279170714288,0.0854954014272681,0.0802947632163173,0.0762714009666721,0.0777145173293669,0.0107434464976364,0.079215012175906,0.0322303394929093,0.1074344649763644,-1.2339345080767792,0.1008632534558992,0.1842250893815977
1,0.1054000397083061,0.0969821270287627,0.0902840469711042,0.0858215978769656,0.084818247967021,0.0213208528341133,0.1674466978679147,0.0702028081123244,0.3244929797191888,-1.2734808165091762,0.1613875104918206,0.1527788140048611
1,0.0808299825601986,0.0740830753336104,0.0699200046679226,0.0675893755813935,0.0665366835203077,0.0006176652254478,0.0364422483014206,0.0105003088326127,0.0716491661519456,-1.5252263920173237,0.0453115211893728,0.1373160349727709
1,0.0796478900900965,0.0738727308764211,0.0675054364094769,0.0645356067841957,0.0660840598230052,0.0028083313831032,0.033934004212497,0.0114673531476714,0.0477416335127545,-1.2204749816988671,0.1287029660683158,0.1520225716412726
1,0.0952692657149086,0.0899782106143965,0.0792952596880911,0.0801784870611454,0.0779497435293698,0.0194915254237288,0.1254237288135593,0.0203389830508474,0.123728813559322,-1.020087252125614,0.177910275965855,0.1736019286275007
1,0.1062066830563095,0.091285123756054,0.0865556876383035,0.0830650708635834,0.0836049020246103,0.017094017094017,0.1196581196581196,0.0256410256410256,0.1709401709401709,-1.0488626336263176,0.165709700685451,0.1232046541122244
1,0.0795401854516198,0.0752674565553431,0.0705119246411288,0.0672554001930508,0.0650646636933574,0.0022048015678588,0.0220480156785889,0.0056344928956393,0.0617344439000489,-0.9463407255780274,0.185110483312362,0.1691578649852084
1,0.0838666048765938,0.0763239833742807,0.0730169777185368,0.0689276775794972,0.0702865567025083,0.0051500621559225,0.0383590836441129,0.022731308826141,0.0724560468833244,-1.1188994164444517,0.1521132564909235,0.1667420121215816
1,0.0781668614202412,0.0752289686737458,0.0719374053529117,0.0684249214187773,0.0665817912553853,0.0042792792792792,0.0402027027027027,0.0112612612612612,0.0572072072072072,-1.1291771885317796,0.1291623797803159,0.1462739238383983
0,0.0840228389221287,0.0788746283034942,0.0711135378107181,0.0688527472321512,0.0731522382566659,0.0065952184666117,0.0478153338829348,0.0140148392415498,0.055234954657873,-0.8816045056815012,0.145752090667201,0.2329303475062838
1,0.0924146752004968,0.091060649070167,0.0820403184118546,0.0778645045349531,0.0787419974519794,0.0160642570281124,0.072289156626506,0.0301204819277108,0.1325301204819277,-1.1646390427133635,0.1370164609027326,0.1764083336440849
1,0.0829656028954507,0.0736273517685014,0.0696587831567595,0.0670629974944553,0.0657601927409382,0.0028116213683223,0.049359575132771,0.0121836925960637,0.0793502030615432,-1.200512971382978,0.1294821388507396,0.1704346245443933
1,0.0999755811228317,0.0840608468212801,0.0828843271963553,0.0751536913233946,0.0809457334091607,0.024,0.0853333333333333,0.0693333333333333,0.232,-1.2428521768543566,0.1151928035663343,0.1225549713834642
1,0.0989381255919993,0.0956045207997357,0.0876402042930817,0.08628543296807,0.0823854143945599,0.0321861057998725,0.1593371574251115,0.02868068833652,0.182919056724028,-1.026319541095505,0.1832388147336616,0.1612352197360155
1,0.0911858549443019,0.0853533410648845,0.0771726673804766,0.0750893508583112,0.0750076272623843,0.0077695046940757,0.0479119456134671,0.0181288442861767,0.0864357397215927,-0.7501576572906973,0.3176347426909922,0.1868227037548046
1,0.1094178120813782,0.1035097742897049,0.0913720580537927,0.0899539054486462,0.087666482350356,0.0147376960519199,0.1108707409410492,0.0416441319632233,0.1806381828015143,-1.272092969566069,0.1467885455991548,0.1777036198805583
1,0.0854902631297791,0.080699530480278,0.0722475368595469,0.0703782922526015,0.0709730088676761,0.0047909407665505,0.0434668989547038,0.0113240418118466,0.0530487804878048,-0.9599676764177182,0.2113934587218107,0.2063486565632069
1,0.094986443576776,0.0858880604454802,0.080071179620761,0.0789918873555427,0.0757675083003962,0.013732833957553,0.0939450686641697,0.0252808988764044,0.1176654182272159,-1.222946089442012,0.1114869713563934,0.163712663845527
1,0.0938686278860067,0.0893093792568129,0.0811748343611817,0.0784335717543087,0.0770876839065894,0.0083333333333333,0.0833333333333333,0.0122023809523809,0.0936011904761904,-1.1073971964051283,0.1770457421661335,0.1615039459109564
1,0.0959399017674285,0.0869984441897618,0.0770971403316124,0.0757348707422728,0.0771221321146186,0.0031416143064282,0.0318994683421942,0.0099081681971967,0.0534074432092798,-1.2209952888503477,0.191932107473612,0.1537670906015326
1,0.093195140799379,0.0891861774491471,0.0831703049850994,0.0787867916350711,0.0805957798071256,0.0173710137412496,0.0782991962665283,0.0248898107337308,0.1177080632616022,-1.308546802501272,0.0996735302027409,0.2570944381703667
1,0.1029162324533215,0.0963014117051937,0.0894809039431312,0.0830357361867983,0.0848871938740643,0.0115606936416184,0.1156069364161849,0.0635838150289017,0.3988439306358382,-1.3323668272057672,0.0711136459333128,0.1250406200381608
1,0.1037399202205517,0.0939466473947783,0.0889072030448114,0.0846983234405665,0.0848796951497578,0.0181887803944093,0.0920926670495883,0.0413555427914991,0.1401493394600804,-1.343162698463292,0.1232655113087011,0.1401911794309109
1,0.0901105607990238,0.0787753724939643,0.0740329532493668,0.0707228318366711,0.070829471732365,0.0059251279288984,0.0729868031241583,0.016967411796391,0.0670616751952598,-1.1027222962089178,0.1414012094437636,0.1685248827955835
1,0.0837269408300692,0.0768479112053853,0.0721296994254906,0.070878947872187,0.0703894752390533,0.0060250037656273,0.0423758598182457,0.0148616759552141,0.0629612893508058,-1.1637708470000825,0.1185920297332675,0.1416808808081339
1,0.080946984875823,0.0824466079106399,0.074756515692674,0.0719109136979778,0.0695950087869148,0.0039576300779885,0.0494703759748574,0.0166453265044814,0.0687929228262134,-1.1482082926465669,0.1487564050566715,0.1378993680233826
1,0.0836242720029624,0.0804497831223204,0.0773801230325294,0.072226215924953,0.0682518935803639,0.0068392769907181,0.0527601367855398,0.0224719101123595,0.1270151441133366,-0.8439046577180653,0.1250650602657196,0.1326219913899448
1,0.1048520642479043,0.0970432284908063,0.0901577214589452,0.0891178874116284,0.0839782395951839,0.0085771947527749,0.1054490413723511,0.0209384460141271,0.1064581231079717,-1.0227403480186443,0.1646250759048324,0.1846406058565027
1,0.0780899584108749,0.0708962062135101,0.0651856921006423,0.0635214007251019,0.063221685091287,0.0027739251040221,0.0277392510402219,0.0124826629680998,0.0471567267683772,-1.1897642890921294,0.137113826205019,0.1604427528751832
1,0.0937353310410278,0.0901234804869223,0.0810444520946657,0.0784854054594027,0.0779682563015298,0.0054073803434417,0.0880526123492875,0.015126050420168,0.1097552064303982,-1.3266342561772098,0.0623049115885467,0.146571335643381
1,0.0768636956330402,0.0706908260245713,0.0658544131447873,0.0630873497393114,0.0635855495698527,0.0038704038953742,0.0352706161433298,0.0116112116861227,0.059242149946938,-1.0556978163346615,0.1010593686749515,0.1590166180655586
1,0.0642628715350338,0.0583399288228792,0.0558589117913044,0.0547516318004214,0.0538535510447659,0.0007581501137225,0.0238817285822592,0.0037907505686125,0.0246398786959818,-0.88369076772692,0.191552386404836,0.1768183899600119
1,0.0852558784880225,0.0835800077973562,0.077412271156462,0.0767755013160845,0.0738822562696417,0.0299511002444987,0.1943765281173594,0.0452322738386308,0.2011002444987775,-1.429512524329771,0.0603127492380652,0.1656174794115086
1,0.100423721754028,0.0949304902112484,0.0886356410272906,0.0829182023079014,0.0837559409857996,0.0067460317460317,0.1055555555555555,0.0404761904761904,0.1373015873015873,-1.204380318014239,0.1400155553737781,0.1743422488002445
0,0.0784969965470969,0.0690468636827918,0.0707849594517029,0.0678591750211999,0.0622318423246382,0.009009009009009,0.054054054054054,0.009009009009009,0.063063063063063,-1.3822916861500536,0.0604503319548333,0.1134840473688344
1,0.0974549130824055,0.092224925963059,0.0839539556066682,0.0818061302502978,0.0818561387977945,0.007933010136624,0.0401057734684883,0.0163067430586161,0.0846187747906566,-1.309451931909554,0.093585790669427,0.2463131734278528
1,0.0854614134903807,0.0795468003585059,0.0747904894374249,0.0705916365129758,0.0720157453204677,0.0067435669920141,0.0945874001774622,0.0239574090505767,0.0892635314995563,-0.7833873952832877,0.0789053876153757,0.1540711745912757
1,0.0862984839187786,0.0828628828025185,0.0759080988282781,0.0734549772763705,0.0722544929827457,0.0063348416289592,0.0669683257918552,0.020814479638009,0.0941176470588235,-1.152288955688169,0.1292412746860861,0.1695707201259241
1,0.0896878108450157,0.0774770119893853,0.0731571729501583,0.0705130871684389,0.0715843494055429,0.0099248120300751,0.0412030075187969,0.0150375939849624,0.0517293233082706,-0.9733090165306032,0.2073241252266169,0.1980145735862197
1,0.0657402760914832,0.0602947992592712,0.0552547680051266,0.0545731771870958,0.0542313659338761,0.0048309178743961,0.0368357487922705,0.018719806763285,0.038647342995169,-0.8986230747149646,0.1784006556069877,0.1292492004836852
1,0.106586725168083,0.0990584096140735,0.0898869194853625,0.0853712083172038,0.0882426482612329,0.0072379173476535,0.084753677328975,0.0336212934858743,0.1498949334578566,-1.1649000429630494,0.1389595898857955,0.1835680289974881
1,0.108687327135074,0.1048661754763794,0.0941067715517415,0.0917319236570835,0.0877203522522042,0.0243362831858407,0.144358407079646,0.0414823008849557,0.1617809734513274,-1.2473035116855182,0.1512870012387019,0.1743657536748964
1,0.0634547600043865,0.0586826568298266,0.0567332549164509,0.054676661084201,0.0522085546409042,0.0029354207436399,0.0190802348336594,0.0088062622309197,0.0401174168297455,-1.1989301657580609,0.1173507028392569,0.1382604224747192
1,0.0807878741305575,0.0740082763013267,0.0722181985123054,0.0663956676613949,0.0629571963826699,0.0099502487562189,0.0348258706467661,0.0199004975124378,0.0646766169154228,-1.2382593291485773,0.1147472419604928,0.1151361273263847
1,0.0959204379034671,0.0875644945501327,0.0847511712612628,0.0823064355120223,0.076208831505948,0.0060483870967741,0.0846774193548387,0.034274193548387,0.125,-1.2608469697833005,0.1558086554761423,0.1523129081853405
1,0.0742627969573814,0.0678794142294449,0.0639767521374069,0.0610202611424903,0.0635520366733695,0.0034497628288055,0.0564898663216903,0.0159551530832255,0.0616645105648986,-1.1706566890142809,0.1058428681561978,0.1571374928189762
1,0.0728721197018953,0.0646080108032007,0.0609766964405658,0.060679280800322,0.0603027996963375,0.0021582733812949,0.026978417266187,0.0046762589928057,0.0334532374100719,-1.2611437542301736,0.0777003324183045,0.1702209269384059
1,0.0940605090510467,0.0883195025028109,0.0828335218727422,0.0794956667165906,0.0785281337023067,0.0074305827141181,0.0435406074827271,0.0152522487289792,0.0835614652587667,-1.2257677494326038,0.1239060583702616,0.1614330541648306
1,0.0967403905725731,0.0889149541434955,0.0811601582610412,0.0775672977888409,0.0805441964586695,0.006877990430622,0.0813397129186602,0.0152511961722488,0.1004784688995215,-0.9878301933278368,0.1952188760169076,0.1880341095062431
1,0.0856826225984179,0.0837247740876461,0.0743266392352582,0.0724526428948428,0.0727581525669457,0.0081521739130434,0.0135869565217391,0.0489130434782608,0.0652173913043478,-1.3054898686074334,0.125252391220946,0.182138156681709
1,0.0972446038307502,0.0902637757423279,0.085509859982949,0.0824137216491243,0.0805878851509322,0.0259388308168795,0.1389856755710414,0.0727835849787069,0.1629887727448703,-1.1483926774422497,0.1181486329267458,0.1427571280216541
1,0.0912226724217881,0.088144713219108,0.0827496442968819,0.080188984820633,0.0747385396973217,0.0070850202429149,0.082995951417004,0.0313765182186234,0.1599190283400809,-1.362994648064576,0.0710748945370273,0.1155026371078043
1,0.1098228390742138,0.1029076699603498,0.0949220721624752,0.0944956371001028,0.0912072724748246,0.0609922621756941,0.2002730996813837,0.0769230769230769,0.3236231224396905,-1.245831595488255,0.0939521314318552,0.1602860104060452
1,0.0989483076805835,0.0946303818930399,0.0828185068766036,0.0804822922891302,0.0796695301713579,0.0177124959498865,0.065665838643482,0.0313208769845555,0.1415919645750081,-1.265050250935769,0.0882332080801551,0.1262006878534099
1,0.0899143326560768,0.085242455341814,0.0788146902758633,0.0764219048617746,0.0750579079585575,0.0088832487309644,0.0913705583756345,0.0258037225042301,0.0858714043993231,-1.2603971946690542,0.0981339447792245,0.1689087725182906
1,0.0670147525741046,0.0605434631527119,0.0573095783611989,0.0546958182679195,0.0542601222792288,0.0011218308279111,0.0217635180614763,0.0044873233116446,0.0394884451424725,-1.1196043356765903,0.1468879389985091,0.1667505700408901
1,0.0819517890954404,0.0763898513837757,0.0695702924591375,0.0681376992105427,0.066057478179667,0.0035082590264581,0.0340593480485309,0.0124250840520391,0.0606636456658383,-1.0382733529705082,0.1681342896990539,0.1534199917033814
1,0.0883739583275004,0.0892071937398681,0.0843137450801324,0.079614031939729,0.0714638743255325,0.0103092783505154,0.0360824742268041,0.0154639175257731,0.1185567010309278,-1.1491018924145933,0.1442303817636906,0.1241777574505288
1,0.0839817739566307,0.0796057280268493,0.074731444991453,0.0700519052415955,0.0693787552107123,0.0085470085470085,0.0660968660968661,0.0245014245014245,0.1037037037037037,-1.202656184636839,0.1071808664564852,0.1430255577172218
0,0.0911920542601079,0.0860796408176385,0.0826112799078671,0.0800644963077191,0.0765919711343964,0.0113060428849902,0.1204678362573099,0.0417153996101364,0.1348927875243664,-0.9409394446954163,0.1157837806610163,0.1362603428573547
1,0.091532977770526,0.0866042743863685,0.0811437916203068,0.0775656929408428,0.0748302369420362,0.0098402642043539,0.0852598234144368,0.0250050549302419,0.1423468356136685,-1.0908570368917812,0.1082934426019522,0.1505379206432069
1,0.0884378115797132,0.0871885221317764,0.0770083214962668,0.0776708134012341,0.072354765033663,0.0053404539385847,0.0847797062750333,0.048064085447263,0.232977303070761,-1.4443838602893166,0.0828258343849693,0.1135572252043517
1,0.0853375165106116,0.0768728940108072,0.0718043534144225,0.0709156534137963,0.0669962995971279,0.0136125654450261,0.0549738219895288,0.031413612565445,0.1020942408376963,-1.091647826617924,0.1732853705424889,0.1613650915591157
1,0.0907452420255627,0.0817071919380151,0.0768440909931046,0.0720330333171751,0.075248674917626,0.0075533661740558,0.070607553366174,0.0325123152709359,0.1257799671592775,-1.2327207645977674,0.1435737316309049,0.166247611751236
1,0.1026622715794867,0.0951348665665807,0.0905384660247137,0.0847475762270257,0.0816354506550036,0.039274924471299,0.2084592145015106,0.1510574018126888,0.5317220543806647,-1.1106762048470575,0.1810768811861513,0.137142970327314
1,0.0951127777280894,0.09335309000111,0.0833913703546862,0.0804632633673037,0.0818803755247619,0.0069637883008356,0.0338904363974001,0.016480965645311,0.0796193129062209,-0.795099732887792,0.2450708944355228,0.1351767069445818
1,0.0703778294131273,0.0653434348010764,0.0592578660831523,0.0573271712721097,0.059101086720496,0.0039370078740157,0.0236220472440944,0.0112485939257592,0.03037120359955,-1.051523533739828,0.1701325970612693,0.1541076326418157
1,0.0879532600326834,0.0851710738840004,0.0782523999006421,0.0737703332105448,0.0749589919182244,0.0050483803113167,0.0466975178796802,0.0138830458561211,0.0551114850652082,-1.3047090080470345,0.1237187990430627,0.1858796655647685
1,0.0925196730769756,0.0870938938840741,0.0784033270151149,0.0776006085925171,0.0756124065471727,0.0182926829268292,0.1395663956639566,0.02710027100271,0.1382113821138211,-1.1313820937291892,0.1170542693068968,0.1695392942867477
0,0.0786045150879495,0.0735820712747101,0.0672640620739842,0.0655626074914864,0.066649952092279,0.0042126019539302,0.043291207313794,0.0085148337366675,0.0531504884825669,-1.026482751589843,0.1784396575634197,0.2779650093252057
1,0.0915051363842744,0.0888876501921584,0.0758219988804447,0.0769290779755317,0.0757200423644267,0.0065827686350435,0.0619554695062923,0.009486931268151,0.0584704743465634,-0.9854284200245882,0.1731449225996149,0.15146004097347
1,0.080903992329099,0.071974207793858,0.0676713153048773,0.065837455312775,0.0661587512661634,0.0060240963855421,0.0389249304911955,0.0078776645041705,0.0421686746987951,-0.9036517589031464,0.2240718253694128,0.1782011947147415
1,0.0866800295991816,0.0768384941725334,0.071836681644968,0.0681308493739012,0.0699405549527796,0.00366870483602,0.0379099499722067,0.0153418565869927,0.0621456364647026,-1.2067426801180494,0.1361305331995212,0.1569453447709859
1,0.1065591455433876,0.1011560263489697,0.0900423145600048,0.0873728305777071,0.0845031542179145,0.0076219512195121,0.0457317073170731,0.0213414634146341,0.0823170731707317,-1.3851451366292664,0.0901113343705026,0.1575369702763719
1,0.0940015606627325,0.0999402259082933,0.0875620526114748,0.0872268405322682,0.0829100677842527,0.0109363008442056,0.0581350729086722,0.0274366845740598,0.1492709132770529,-1.2350007129017082,0.1540505560361833,0.1536072379102192
1,0.0886201328221148,0.0830105083586151,0.0784920939395166,0.0758590886731291,0.0732058195573368,0.011743450767841,0.037940379403794,0.023486901535682,0.08130081300813,-1.415774681493121,0.0941425910888803,0.1468012951730062
1,0.0862814670293522,0.0768418697345519,0.0739434965104051,0.0705959657923578,0.0695978613912011,0.0057453885697006,0.0365890535228303,0.0184457211974599,0.0934381614756577,-1.10470103812836,0.1427897396689153,0.1504376335572444
1,0.0805464656285588,0.0765725942047357,0.071141921811061,0.0697884683080941,0.0676116005638526,0.0101439790575916,0.0811518324607329,0.0202879581151832,0.118782722513089,-1.1702322524763915,0.0988338198008818,0.1809442637767495
1,0.0643798714959344,0.061370155274725,0.0573084994412913,0.0538840279992602,0.0592400483203629,0.0,0.0680272108843537,0.0068027210884353,0.0272108843537414,-1.109048654666427,0.1295970769218836,0.1923359180988814
1,0.0677079613406432,0.0644276751783897,0.0579298225485207,0.0578169537627086,0.0578556810463303,0.0028698979591836,0.0382653061224489,0.0044642857142857,0.0379464285714285,-1.1567144045174966,0.1016933026576281,0.1513437932752314
1,0.0872264211501152,0.0810395183476283,0.0756048809027222,0.0754870448966946,0.0762095495925648,0.0074766355140186,0.0345794392523364,0.022429906542056,0.0635514018691588,-1.1033049913873725,0.1459111043166487,0.1564485986449616
1,0.1027051390064719,0.1042203336132892,0.0908948540535371,0.090198352615523,0.0862846776702686,0.0098243524858588,0.0544805001488538,0.0130991366478118,0.0905031259303364,-1.0660553392827783,0.1948461424274717,0.1621039311054636
1,0.1057703637947268,0.0985323240483867,0.0910114178781679,0.0896924757863464,0.08760127591084,0.0312815338042381,0.0988900100908173,0.053481331987891,0.1927346115035318,-0.4344062990038644,0.4536586603572852,0.2057772536989972
1,0.0690079513406219,0.0350556228268957,0.0584517268157188,0.0429819260224561,0.0491426110831058,0.0014676206200697,0.0117409649605576,0.0020179783525958,0.0229315721885892,-1.151114351304446,0.1312487224201585,0.181051679927226
1,0.0952618842737692,0.0891929778253583,0.0809694028980888,0.0785265572603207,0.0807327092723693,0.0184005661712668,0.1372965322009908,0.0339702760084925,0.1556970983722576,-0.9197858299775608,0.2036225877795964,0.164522451552582
1,0.1016083152738186,0.0971658051429201,0.0880022487099079,0.0838517733716813,0.0842789649249938,0.0221606648199446,0.1045706371191135,0.0879501385041551,0.2299168975069252,-1.154520471451021,0.1086751829344828,0.1407226817733779
0,0.0938462220564694,0.0922513545637587,0.082878609230136,0.0785226365392118,0.0809113837217827,0.0047201210287443,0.0664447806354009,0.0166414523449319,0.0771558245083207,-1.5006675896457184,0.0752460361075271,0.1468698089778157
1,0.1115931622735357,0.1063725948783357,0.1012427265426514,0.0930833278651374,0.0939836937216541,0.0830479452054794,0.1703767123287671,0.2148972602739726,0.449486301369863,-1.0345374359701138,0.1810866394797753,0.1667362629216196
1,0.0953242328009804,0.0875577049883063,0.0819264068318949,0.0772987532092037,0.0774981450244272,0.0052694372638695,0.0545834161861205,0.0217737124676874,0.0940544839928415,-1.2393798221880727,0.1197066443676334,0.1492871354596124
0,0.0994830767743388,0.0956232505474394,0.085484577091473,0.083218079482294,0.0879573432444868,0.0116400277970813,0.1560111188325225,0.0271021542738012,0.1846768589298123,-1.33294983150432,0.0927219687708528,0.2188302181291248
1,0.0850467270438835,0.0767820685083467,0.0725215402754724,0.0700528839868857,0.067692745709589,0.0093757710338021,0.0419442388354305,0.0172711571675302,0.0602023192696767,-0.948414643442926,0.2051248091141506,0.1619886510132589
1,0.0922516658933425,0.0896681870326916,0.0822386705822432,0.0801510291871628,0.0758887523444429,0.0100541376643464,0.0460170146945089,0.0158546017014694,0.0761794276875483,-1.1877822663301596,0.1032704454845881,0.1442083428713465
1,0.0823514395559225,0.078576361965992,0.0756027789214405,0.0708113388638921,0.0719429190617593,0.0046439628482972,0.0474716202270381,0.0247678018575851,0.0727554179566563,-1.146357233313503,0.1553866963853286,0.1759652843930189
1,0.1041545120433541,0.0962836342703822,0.0877477986646722,0.0843109945533249,0.0837153890597996,0.0187165775401069,0.1898395721925133,0.1470588235294117,0.2299465240641711,-0.8866460691822495,0.2736228577258464,0.1374214038226773
1,0.1020938429895357,0.0987816180774893,0.0898460433733867,0.0865333307793902,0.0848306549219719,0.0063694267515923,0.0780254777070063,0.0175159235668789,0.0891719745222929,-1.3370403696460524,0.1131843064944655,0.1568362597415843
1,0.0843524359619032,0.0815879135061504,0.0767756613877613,0.0736608817500874,0.0704948997098594,0.0072215887495248,0.0630938806537438,0.0121626757886735,0.1364500190041809,-0.8773320771539216,0.1292226978153018,0.1365426947787768
1,0.0983559558550608,0.0904842151319446,0.0850939847157774,0.0799004152022475,0.0813720637990279,0.0312385823894775,0.1362805991962002,0.0767263427109974,0.2948483741322616,-1.1031745568603473,0.1560751997688503,0.1467828242953475
1,0.0826064469046333,0.0792189557560267,0.0756148547557176,0.0724034923882693,0.0724732170252908,0.0084525357607282,0.042262678803641,0.0227568270481144,0.0754226267880364,-1.33397787313823,0.1140870971082441,0.1443441874043606
1,0.0907311805531394,0.085715901479001,0.0788755033783198,0.0741748905617532,0.0745486683815818,0.0034587714443829,0.0640564471499723,0.0484228002213613,0.0929717764250138,-1.246119987459851,0.1275774759555055,0.1532837382549581
0,0.0838721296065867,0.0812218849794437,0.0722887190856735,0.0723160696684634,0.0697584388999168,0.0026420079260237,0.0871862615587846,0.0026420079260237,0.071334214002642,-1.1714114023286504,0.056724469328167,0.1117087208637969
1,0.0922539759672306,0.0814835622026302,0.0770015122021508,0.0728212929106352,0.0775135037267642,0.0071428571428571,0.069047619047619,0.0410714285714285,0.0892857142857142,-1.1006394585192434,0.1757535399204344,0.2022380926109221
0,0.0883106962549596,0.077550051363338,0.0720069703832246,0.0687873327538474,0.0737009984620274,0.0065987933634992,0.0292232277526395,0.0173453996983408,0.0935143288084464,-1.2223695078037573,0.1333544366172735,0.1695383820265509
1,0.0972230946429797,0.093717007232908,0.0873838067397733,0.0836690457344561,0.0810075492928048,0.0110886393751307,0.1018202106144082,0.0299184043517679,0.1140944277843643,-1.2843560833646468,0.1327714169022714,0.1536892114923186
1,0.1070473954619964,0.1009168428258458,0.0929605206621486,0.0877807636685549,0.0912994864769052,0.0507992895204262,0.2802841918294849,0.2966252220248668,0.5143872113676732,-1.2315548182475773,0.1213982014213177,0.1578536256921284
1,0.076533551979583,0.0670887659165738,0.0655998196886638,0.0623495494063511,0.0596655551154901,0.0018165304268846,0.0208900999091734,0.0108991825613079,0.0844686648501362,-1.3502374302474265,0.088411882807723,0.1254804314576831
1,0.0634502362487007,0.057160907919261,0.0526003447824719,0.0527315672759521,0.0523552604394734,0.0053378069238981,0.0271465609272533,0.0103705963092877,0.0390422449290834,-1.1367594509138286,0.1214107717735746,0.1717515431412375
1,0.0893859520276896,0.0847393395663546,0.0807437334268269,0.079293721059969,0.0743049212139511,0.0,0.0358306188925081,0.022801302931596,0.0749185667752443,-1.0145146065576551,0.2289412827876119,0.1053719878768387
1,0.1015903621433224,0.0997275630827307,0.0872560965340591,0.0830839822063405,0.0855798661276257,0.011070110701107,0.1420664206642066,0.040590405904059,0.1254612546125461,-1.0468719208472357,0.2304140011181131,0.2595233534920023
1,0.0940070521222779,0.0872503724540768,0.082434670974686,0.078363026460209,0.0763379769165983,0.0107320812571866,0.0868148715983135,0.0387121502491376,0.129359908010732,-1.2787719242385076,0.0966315622739232,0.165921891298621
1,0.0681973573754702,0.0620166636959119,0.0593647908717978,0.0564452181960445,0.0563603183590785,0.0204741379310344,0.0792025862068965,0.0269396551724137,0.0517241379310344,-1.206244519596255,0.1443762570453815,0.1864179314885733
1,0.0669308225107328,0.0618062211026148,0.058502142959148,0.0559001072138673,0.0562060733722231,0.0033311125916055,0.0233177881412391,0.0133244503664223,0.0293137908061292,-1.2464500427658167,0.1278663648907788,0.1537898538062431
1,0.1017039714933697,0.0915306821253978,0.085286241723273,0.0839492981796034,0.0832765048272405,0.021555763823805,0.1068416119962511,0.049671977507029,0.0955951265229615,-1.320119707208112,0.0947708658160186,0.2316812341673056
1,0.0851423437537934,0.0805219666595621,0.0751882819334644,0.0727354414545805,0.0695716006298609,0.0052289652986848,0.0494374900966566,0.0278878149263191,0.0928537474251307,-1.3088848745696726,0.1132344784183725,0.1423762871709206
1,0.0919668594408138,0.0838287046752213,0.0779467047703122,0.0754227260204813,0.0770247540443665,0.0186206896551724,0.0751724137931034,0.0303448275862068,0.1096551724137931,-1.0631129313350125,0.0816616849275122,0.1258118777893672
1,0.0900812194427394,0.0834340555468731,0.0779892647730786,0.0729852135076216,0.0725120663016605,0.0060024009603841,0.0444177671068427,0.0516206482593037,0.1356542617046818,-1.261479793808066,0.1071458368414141,0.1675826676580206
1,0.080344194222413,0.0713618299343222,0.0678673967487399,0.0653009272405257,0.0646069876522032,0.0,0.0365853658536585,0.0121951219512195,0.0780487804878048,-1.090625682914311,0.1252612520329749,0.2021854022095986
1,0.0723957086308204,0.066919444525101,0.0630884861057379,0.0604745066711779,0.0599916377010579,0.0023956625898373,0.0353045013239188,0.0081956878073382,0.0423654015887025,-0.9189158842750472,0.1392135654301748,0.1643119431713323
1,0.1006627158745726,0.0995785724349649,0.0894841538289779,0.0871133597498761,0.0836615062087681,0.0172874209416725,0.107659873506676,0.0412508784258608,0.1618411806043569,-1.253602680038428,0.1279824801440869,0.1440713741088688
1,0.096557795271966,0.0892160704049812,0.0827492459933504,0.0779443309165301,0.0837962140317478,0.0083652007648183,0.0685149776927979,0.0255736137667304,0.1372689611217336,-1.2289445951164102,0.107600347295176,0.1589919925392304
1,0.0869751068593174,0.0820190135371687,0.075970204123474,0.0771346456495677,0.0689385949449444,0.0027173913043478,0.0951086956521739,0.0108695652173913,0.0421195652173913,-1.1773103666708506,0.1240930572736189,0.1737329736192608
1,0.1007986059239682,0.1005023543814823,0.0936498556255405,0.0930815717226324,0.0826670731655171,0.0145120934111759,0.0334167361690297,0.0204614956908534,0.0692243536280233,-1.5156903822115964,0.0671423018352373,0.1583699057186223
1,0.0697644238244379,0.062767822063593,0.0620450637740278,0.0601117639479379,0.0587236155860935,0.0023573785950023,0.0377180575200377,0.0103724658180103,0.0683639792550683,-0.990088700866196,0.1708982659396561,0.1838460936006709
1,0.1027188753972828,0.0918159479095351,0.0927397629674036,0.0837356398920354,0.0871635438100814,0.0303030303030303,0.2679425837320574,0.2030834662413609,0.4157363104731525,-1.1828310042007313,0.1171966792158051,0.1778106953051868
1,0.070597114929571,0.0673386073210962,0.0624351847725908,0.0603353981371176,0.0601866213152384,0.0058072009291521,0.0458768873403019,0.0116144018583042,0.0580720092915214,-1.2872505794958824,0.0956467705021714,0.2063315131541164
1,0.0741650270406261,0.0673873524117288,0.0645841670747923,0.0620844497758658,0.0628762664678222,0.0026408450704225,0.0264084507042253,0.0079225352112676,0.0457746478873239,-1.0109248991670872,0.0733373704094688,0.1442988703421051
1,0.0802467078215146,0.0806233640337243,0.0796532483185917,0.0738329902710123,0.0713345075121012,0.0,0.0608365019011406,0.0038022813688212,0.11787072243346,-1.4579373413274772,0.0954007685304604,0.1591198394558758
1,0.0912977820212007,0.0834382151975829,0.0784267861994736,0.0765077459755632,0.0735011686457079,0.0147676639083386,0.0770210057288351,0.0134945894334818,0.0906429026098026,-1.1839447282150009,0.1251694072026643,0.1661128528678116
1,0.0646121635881989,0.0597397954577788,0.0560003926951495,0.0544289491980885,0.0529512556537818,0.000903342366757,0.016260162601626,0.006323396567299,0.035230352303523,-1.1265026115016084,0.0958243123938194,0.1250247420453651
1,0.0815579216046005,0.0735004174668097,0.0688247532410031,0.0662295965525552,0.0678276357432837,0.0032320620555914,0.0575307045895281,0.0200387847446671,0.0853264382676147,-0.9808510705161804,0.1939010856518749,0.1370689416287238
1,0.095189125843329,0.088595773410045,0.086261300958116,0.0797639061673258,0.0796481514857369,0.023191094619666,0.2266542980828695,0.0927643784786641,0.2816944959802103,-1.3952522182511926,0.0766487636806928,0.1546399904051558
1,0.0828121212678719,0.0775098696603249,0.0747798551561089,0.071491744498825,0.066666201914758,0.0035087719298245,0.0652631578947368,0.0371929824561403,0.127719298245614,-1.32432088488681,0.066525530005079,0.1384360463392715
1,0.0848650202617388,0.0737161720972032,0.0717499328568241,0.0668787539785817,0.0695557234227722,0.0057720057720057,0.062049062049062,0.0274170274170274,0.0735930735930736,-1.2942648731673698,0.107344438607861,0.1383431470032693
1,0.1063168356824401,0.0998804904468129,0.0910690015308828,0.0906053274458657,0.0863564884537257,0.02171552660152,0.0977198697068403,0.0412595005428881,0.1585233441910966,-1.3673455341390977,0.1238839690387863,0.1448854454488632
1,0.0882553243855703,0.0845693378363528,0.0800560142323777,0.078334029484189,0.0743717336841321,0.0107246950960694,0.0918248960072441,0.0221851212541384,0.1267438241036814,-1.585554907944681,0.0601247430749882,0.1715488629799184
1,0.0647121681999036,0.0572590393222687,0.053529257823442,0.0518661418017214,0.0532064029302712,0.0003885758694385,0.0081600932582086,0.0033028948902273,0.0254517194482222,-1.378442014122571,0.0925437214035048,0.1346210116618933
1,0.056613175607492,0.0527659416229323,0.0515581472306692,0.0501282998927219,0.0472340921296655,0.0015708451146716,0.0216776625824693,0.0081683945962928,0.0361294376374489,-0.9227269816291764,0.1854174167948405,0.1355957097607444
1,0.0565298200817804,0.0531971162711138,0.0468864224483801,0.0470040542550768,0.0512128384028991,0.0035906642728904,0.0053859964093357,0.0089766606822262,0.0251346499102333,-1.078145422181897,0.1111923192223409,0.1758133480620381
1,0.0959849526649545,0.0912510214075522,0.0831752070397457,0.0809380604714921,0.0791489091483504,0.0101052631578947,0.071719298245614,0.0225964912280701,0.1187368421052631,-1.3332806895490232,0.1118841221579263,0.1601250283102913
1,0.0953077165544332,0.0894642366194534,0.0824610908702838,0.0803668236769012,0.0783480704149876,0.0123503705111153,0.0682120463613908,0.0205206156184685,0.0936728101843055,-0.9118079732571802,0.2295739955223819,0.2142348277484264
1,0.0828296200284529,0.0731840009224197,0.0708774477434677,0.0715106911325942,0.0705356629463241,0.0041171088746569,0.036139066788655,0.0086916742909423,0.0704483074107959,-1.0370269185294865,0.1616268947149753,0.205170441145546
1,0.0855822960887056,0.0778979106156362,0.0747442773950053,0.0711005916363297,0.0679081706535579,0.0035922766052986,0.0437808711270767,0.0116748989672204,0.0823978446340368,-1.341224330738236,0.0967592468003538,0.1446546276449507
1,0.0748401470036309,0.068742479963484,0.0650581174131922,0.0610352592775703,0.0600543317873725,0.0080609046126287,0.0382892969099865,0.0145544111061352,0.0747872816838334,-1.203128753984049,0.1207959843292471,0.1700537742300589
1,0.0814310141773271,0.072038640218843,0.0671391875345903,0.0650846156052599,0.065219242832712,0.0118753092528451,0.0578921326076199,0.0544285007422068,0.0653142008906482,-1.2209185609413786,0.0467795315215804,0.1309119265983981
1,0.087614425024079,0.0794908894947534,0.0711494006069066,0.0691698818563234,0.0722526672863313,0.0041459369817578,0.0315091210613598,0.0082918739635157,0.0530679933665008,-1.0145490960050454,0.1522548143730053,0.1764768141129608
1,0.1117982820700952,0.0981214837629754,0.0956739173266076,0.0876136092689597,0.0906930232942326,0.0272373540856031,0.2300297550926985,0.0748455024032959,0.2609292744335088,-1.2029121400825231,0.0832581359023731,0.1913391194632792
1,0.0920052616991288,0.0918130878246271,0.083402741359076,0.0839822337876694,0.078014809955806,0.0303254437869822,0.0821005917159763,0.0421597633136094,0.1061390532544378,-1.190985840824124,0.1340765446020856,0.1587120190842433
1,0.0597721942406531,0.0555954024689163,0.0527762963836631,0.0489874303825524,0.0488263191873674,0.0,0.0363636363636363,0.0212121212121212,0.0484848484848484,-1.0442264263704322,0.1152661219137775,0.1402903389176624
1,0.0997398008023388,0.0996324754863603,0.0905838872806796,0.0882968013852195,0.0830044324096138,0.0128009309767983,0.0817514001018255,0.0235653502072878,0.1451741944868717,-1.4168809480556117,0.0831071136325509,0.1717215944918367
1,0.0982978151424194,0.092493470349375,0.0879577512487868,0.082924016904303,0.0823420363512393,0.0228471001757469,0.109841827768014,0.0527240773286467,0.1977152899824253,-1.068057903354039,0.1655075949840856,0.1590016891152549
1,0.0723075106187171,0.0681538459282117,0.06365855650854,0.0618625620912565,0.0587448266007046,0.0016260162601626,0.0422764227642276,0.0097560975609756,0.0260162601626016,-0.9708634601262296,0.1553755220323938,0.1735776860599819
1,0.0891216768077797,0.0831381799355306,0.0779566294654224,0.0748581721272385,0.0746888271740297,0.007063572149344,0.0494450050454086,0.0161453077699293,0.0766902119071644,-0.9005927205754006,0.2209631791300471,0.155359810451787
1,0.0628004225027872,0.0589408218266559,0.0551596362049945,0.0540864543871273,0.0506071854683826,0.0063912348778817,0.0303583656699383,0.0127824697557635,0.0474777448071216,-1.2320869277193252,0.1199089834414199,0.1366207074623474
0,0.0879628861919277,0.0833559817893967,0.0773478005178886,0.0746895902968915,0.0726856747159844,0.009228187919463,0.0813758389261744,0.0285234899328859,0.1233221476510067,-1.0691853742129342,0.1802143436877146,0.1876439126686706
0,0.104938691917976,0.0843509350258277,0.088961062142218,0.0788386282243734,0.0816559440353677,0.0077519379844961,0.040169133192389,0.0166314305849189,0.1859055673009161,-1.4500225493063637,0.1061829256062481,0.1634732917385374
1,0.108223234360992,0.1020526688766941,0.0936394874199754,0.0893100337785421,0.0873996455237774,0.0111211983658647,0.1037221970040853,0.0449387199273717,0.1665910122560145,-1.250591544857172,0.1345686370999245,0.1646341840878745
1,0.0942475217279328,0.08474355433016,0.0809958501662163,0.0760739741538895,0.0783591723445587,0.0098484848484848,0.0848484848484848,0.0704545454545454,0.1287878787878787,-1.317590008960973,0.1363434661920894,0.1638635539293672
1,0.0954512963032104,0.0900303912362459,0.0849450116185112,0.0802441395570865,0.0783847657363336,0.0251615096905814,0.1506290377422645,0.0921455287317239,0.2437946276776606,-1.2400471139800424,0.0871268053726528,0.1344857350050597
1,0.0058286310906724,0.0052508566929801,0.004967483531075,0.0054765212931685,0.0041586092230186,0.0,0.0,0.0009896091044037,0.0044532409698169,-1.1794598245547825,0.1125262357385527,0.150010389835469
1,0.084306809278236,0.080589376899539,0.068421670694085,0.0684656812447292,0.0675571795625764,0.0074187470560527,0.0434526613283089,0.014366462552991,0.0614696184644371,-1.8703084974808093,0.0189423379129705,0.0933430719346039
1,0.0854305288589498,0.0772480867540885,0.0738032427087981,0.0693728112866974,0.0699196889323028,0.0115367549179115,0.08608194054134,0.0388995710693684,0.132081053098654,-1.3095252033551397,0.1024444068168094,0.1599668937382261
0,0.1221770879502302,0.110816956917715,0.1079794803704725,0.0999298640420813,0.1149695666763302,0.0,0.0,0.0,0.0,-1.1836974585250724,0.1216291580174077,0.1235630249083391
0,0.1019721706579159,0.0969128753966586,0.089890461823707,0.0850760222168978,0.0840074067906954,0.016682236754304,0.1150407046576805,0.0630588549312691,0.2484318697450954,-1.3853981293016018,0.1096233086096222,0.1393687690631667
1,0.1060318243520051,0.0984577244997464,0.0924364488068015,0.0863035399661439,0.0866350704684988,0.011508425811755,0.1237155774763666,0.1035758323057953,0.2749691738594328,-1.319480494317174,0.1042488067419948,0.1404507555154872
0,0.0012050954923934,0.0016615964884311,0.0019576280807016,0.0018167778260453,0.0008150326788906,0.0,0.0,0.0,0.0,-1.1719153954355686,0.0980733879556529,0.1321542305704008
1,0.0093225890554801,0.0085405868859457,0.0086451218667413,0.0098379898185067,0.0068296046304924,0.0,0.0,0.0,0.0,-0.887182827447242,0.1660674174351733,0.1475048442200866
1,0.0848751698372523,0.0758019420079533,0.0706300404555216,0.066227141111162,0.0684594604326945,0.0030782761653474,0.0441952506596306,0.0261653474054529,0.06948109058927,-1.218380823627266,0.1233713274794309,0.1565003196923733
1,0.0832435257749306,0.0794097542988315,0.0720862599002458,0.0691969235146968,0.0704268879774255,0.0009478672985781,0.0360189573459715,0.0047393364928909,0.0350710900473933,-1.0247002955042086,0.1608334969968884,0.1796186710362202
1,0.0920026819823259,0.0891992538073809,0.0824444479687326,0.0795496343704372,0.0784290013912384,0.0878116161283957,0.2518581858843649,0.1936459909228441,0.4074195882391633,-1.2921661518455625,0.1061056457044549,0.2542514872225264
0,0.0808035430038705,0.0807632877103567,0.0719967804066271,0.0727563564027751,0.061847377920675,0.0,0.0303030303030303,0.0404040404040404,0.0808080808080808,-1.055714063663507,0.1286467709169251,0.1098425008040775
1,0.0723204095965291,0.0646171485685205,0.0624455685073101,0.0589598941373162,0.0591742604152106,0.0095724313975749,0.0835992342054881,0.0280791320995532,0.1416719846841097,-1.1224782186487294,0.1469075484867062,0.1624500898035964
1,0.0832115247181018,0.0747513830292429,0.071756464212017,0.0701087142357628,0.0685422885785358,0.0027777777777777,0.0472222222222222,0.0333333333333333,0.0777777777777777,-0.6908809778348155,0.2874887734527708,0.181613273546449
1,0.0742423235871588,0.0647270411607735,0.0649510858004926,0.0610741451488931,0.060462259907514,0.003767491926803,0.0145317545748116,0.0064585575888051,0.0581270182992465,-0.9822804590245984,0.1435500544716094,0.1435608556533874
0,0.0723906244306549,0.069200846932981,0.0656028439627923,0.0635227440191227,0.0618131405047701,0.0068514481469947,0.0803488009965742,0.0171286203674867,0.0996574275926502,-1.4854984237396118,0.052520629032498,0.2000674704725877
1,0.102847119772766,0.1000725973046323,0.0913062722511871,0.0881119901343719,0.0873127638376117,0.0222888984140591,0.1345906558079725,0.0514359194170595,0.1800257179597085,-1.2318804583599765,0.1242307044736899,0.1736022469765156
1,0.1077064757839327,0.1012490745436628,0.0947673881138758,0.0928267643467192,0.0882005327595109,0.0277777777777777,0.0751028806584362,0.0185185185185185,0.132716049382716,-1.2475196724808817,0.1354898105364457,0.2091664490690476
1,0.1009819307303658,0.0981530128314589,0.0897400917940981,0.0869977888509099,0.0852187563214381,0.017703768624014,0.1032427695004382,0.0420683610867659,0.1570552147239264,-1.2729104473263673,0.1174457057967715,0.1549525051926554
0,0.0978781646372778,0.0962463902372777,0.0759527713703883,0.076465552125935,0.085941805381857,0.0,0.0,0.0,0.0,-1.087564086153069,0.1869348227029092,0.1681857046683629
1,0.0778704444575821,0.074511648483007,0.069318226682185,0.0665273843360626,0.0653975828265691,0.006967213114754,0.0517418032786885,0.0176229508196721,0.0777663934426229,-1.1685625323770303,0.1014628587763163,0.1481693179898612
1,0.101308833816108,0.0984508118169757,0.0870429843338852,0.0872636865019021,0.0802670200426642,0.0095131505316172,0.0733072188024622,0.0114717403469501,0.0982092893116955,-1.3679026198363444,0.0949087627515618,0.1793607716200624
1,0.0961122791154416,0.0840636571629316,0.0847769512865909,0.0798330081011212,0.0816544840517748,0.0066182054898557,0.0245199088640555,0.0141043723554301,0.0492568080720407,-0.9625663662590934,0.2193285866852905,0.1312829902135068
1,0.0886044021359172,0.07891290836209,0.077793286380252,0.0716760257289009,0.0746789181913398,0.0079214195183776,0.0481622306717363,0.0202788339670468,0.1340304182509505,-1.0133078024233408,0.1498789287207517,0.2135954065967658
1,0.0800060129090132,0.0734638750916879,0.0692929366691041,0.0661353298651008,0.0661668399165308,0.0061016949152542,0.0535593220338983,0.0277966101694915,0.1166101694915254,-1.159773926970266,0.1086599693897674,0.15684331983637
1,0.1016655187564615,0.0975181823939978,0.0900611818501366,0.0861022893882349,0.0841787395289665,0.0175089117215349,0.0861815894317467,0.027364227301321,0.1772908366533864,-1.2342479549504346,0.1860921345331522,0.1442367065584455
1,0.0934706285358234,0.0861975310849192,0.0807593660185579,0.0783333660041468,0.079583250696982,0.0113022113022113,0.0653562653562653,0.0132678132678132,0.0742014742014742,-0.902590327518948,0.225269374004033,0.1973227221828924
1,0.0942998930051132,0.0863666586757958,0.0818725007800945,0.0745123724995439,0.0791542139043254,0.0176497909893172,0.0873200185787273,0.0501625638643752,0.2020436600092893,-1.0856822548957057,0.1309558096784,0.2005315724593465
1,0.0947266770892228,0.0918814710125021,0.0848087143646005,0.0817029021868848,0.0804204589867627,0.0217391304347826,0.0585284280936454,0.0317725752508361,0.112876254180602,-0.7258119073189384,0.309790216269969,0.1949641991891258
1,0.079205192756509,0.0731772282346116,0.0703132259148515,0.068194593117765,0.0655341947958324,0.010595542564852,0.0613810741687979,0.0153452685421994,0.0800146145414687,-1.0619332559160015,0.1741832961876743,0.1501053429964617
1,0.0790983941180583,0.0755608960907625,0.0727338217739888,0.0611735648782272,0.0660662876655622,0.0087719298245614,0.0380116959064327,0.0292397660818713,0.0760233918128654,-0.8069124426746124,0.1706920267908352,0.1307631871280968
1,0.108479617357571,0.0980357590163558,0.0910957993425098,0.0864160383715928,0.0914877765937703,0.042791310072416,0.1586570111915734,0.1109282422646478,0.2649769585253456,-1.333316663471054,0.1290880479253232,0.1508038923360465
1,0.1048044826814421,0.0951859117825882,0.0897246557799742,0.0846443674484092,0.0861209403456848,0.0583580613254203,0.2551928783382789,0.172106824925816,0.47675568743818,-1.1172097788814788,0.1427242850521678,0.1717449710960542
1,0.0771284166978298,0.0714737650264779,0.0681117052336459,0.0659034668740962,0.0660351049835815,0.0100502512562814,0.0480178671133445,0.0161920714684533,0.0804020100502512,-1.128175113653981,0.1369538804379343,0.1813210996178476
1,0.099352971409805,0.0934805080771031,0.0845541732529004,0.0834284861327513,0.0797293815734223,0.0080442433383609,0.0834590246354952,0.0201106083459024,0.1241830065359477,-1.0230255738134992,0.1879421844061811,0.1666006862195315
1,0.0883380279859941,0.0892583403488871,0.0784907582341248,0.0733217039782127,0.0721192676401959,0.0040376850605652,0.0471063257065948,0.0161507402422611,0.053835800807537,-1.1629050476716132,0.0929175326102191,0.1147136275485234
1,0.0543540058112855,0.0497554342206717,0.0470929858950358,0.0457275611275537,0.0443688705875848,0.0013178703215603,0.0139694254085398,0.00764364786505,0.0392725355824986,-1.4959478854057713,0.0655937905648743,0.1213676410862921
1,0.1040558327240679,0.1013003802582194,0.091044517568469,0.0892180222295412,0.0865251471530395,0.0145985401459854,0.085906793935991,0.0263896687254351,0.2521055586749017,-1.3836093387330537,0.0952890676812273,0.179351287945005
1,0.098634738184396,0.0930861598528967,0.0879520221902122,0.0838024032983155,0.0836337559919446,0.0084180989126622,0.075412136092599,0.0298141003156787,0.1262714836899333,-0.8753215484667787,0.2349922420965981,0.2077022057493355
1,0.0789208079043243,0.0747333353570999,0.0698033384857435,0.0666915447933358,0.0655184435630602,0.0064161319890009,0.07057745187901,0.0119156736938588,0.0614115490375802,-1.2037497073981374,0.0988772078290773,0.1982034042296879
1,0.10119001153561,0.0936607547205591,0.0881423783166615,0.0849557034408385,0.0824321928846328,0.0169510679172787,0.1134026443665951,0.0348061927901457,0.1491128941123291,-1.063613113988947,0.0994233780250814,0.1649180594961088
1,0.0837291624315463,0.0777355029952072,0.0755402023740151,0.0705653846221494,0.0694474402961276,0.0080751725150491,0.0910292174423726,0.0224636617236822,0.1635589487593598,-0.8420586340263853,0.2755848573580018,0.1794593563568367
1,0.0979439141353075,0.0906584524826467,0.0823930030061107,0.0803666908067973,0.0814267615692955,0.0191765369430344,0.0927805978567399,0.0408911449520586,0.1449520586576424,-1.1191545384631274,0.1606336652371667,0.1839382034599161
1,0.0925855208168946,0.0831981556567678,0.0795788145717237,0.0757903346380092,0.072718125666684,0.0124137931034482,0.08,0.0537931034482758,0.1951724137931034,-1.24352537905286,0.0907524942173802,0.1265145919633047
1,0.080600844300024,0.0699848862503481,0.0675931872448948,0.0644924883398328,0.0642941123060534,0.0043103448275862,0.0329153605015673,0.0164576802507836,0.0697492163009404,-1.0311121512349315,0.1912439777837648,0.1858769226088649
1,0.0846825037990251,0.0772245615246024,0.0736826707632854,0.0711879293989774,0.0632494269026347,0.0,0.0182767624020887,0.010443864229765,0.0443864229765013,-1.341997728060394,0.0871908375245219,0.1381069259080071
1,0.089495807082417,0.0831680765246425,0.0774883525059207,0.0740338484739639,0.0762255946958208,0.0078228782287822,0.0823616236162361,0.0236162361623616,0.0966789667896678,-1.2618841703050725,0.0897764332132197,0.1684121763840684
1,0.0997445137271316,0.0923682493110776,0.0866391410063633,0.0828234268417241,0.0819909526166895,0.0091385566456121,0.1017336379518881,0.0215024862249697,0.1177261120817094,-1.1999111439755237,0.0986852411004919,0.2011779644721763
1,0.1087977324495138,0.1011980603382671,0.0929480859786734,0.09055978256547,0.0907568800875587,0.0205355116859541,0.1021102791014295,0.0376673474018606,0.1729067392784207,-1.3765679945617302,0.0992630526356125,0.1599277417076522
1,0.0932827551736754,0.0916148331345998,0.0849965623599619,0.0850405467303869,0.0774450892769173,0.0462242562929061,0.1427917620137299,0.0961098398169336,0.2663615560640732,-1.0450667203163446,0.2157268426659639,0.1926612155184233
1,0.101641164050558,0.0959178882579954,0.0870508682348753,0.0836115515547272,0.0856039941943137,0.011405109489051,0.0565693430656934,0.0291970802919708,0.1269768856447688,-1.1312086251381823,0.1535408710419384,0.1514951515095112
1,0.0752146804915483,0.0680928569433754,0.0634607227545146,0.0605940545455366,0.0625222152374873,0.0046436503129416,0.0426004441752473,0.0147385422975974,0.0460327074500302,-1.0890181754275126,0.1498730127980963,0.1623503156247158
1,0.0803547597852667,0.0776339521380346,0.0705578980715741,0.0729698937280687,0.0645557178671438,0.0055540127742293,0.0591502360455429,0.0169397389613996,0.0760899750069425,-1.633355266248533,0.0626554169791272,0.1174106366965662
1,0.0534171663908957,0.0513756592826673,0.0474680311858129,0.0451952191734718,0.0460572090427448,0.002680965147453,0.0142984807864164,0.0125111706881143,0.0464700625558534,-1.2733537581909191,0.080870486928902,0.132625298131166
0,0.0906472963717042,0.0859572962410359,0.0788557535939739,0.0762707053107447,0.0730271140081145,0.0055067837190742,0.0703112529928172,0.0215482841181165,0.0837190742218675,-1.126655006064628,0.1620971873866291,0.1212469501779541
1,0.0877655440447826,0.0844371963865479,0.0783577671094083,0.0775899045612651,0.0742211734043719,0.0093457943925233,0.0833333333333333,0.0132398753894081,0.1222741433021806,-1.254058939026072,0.1234101628060583,0.2189801574664271
1,0.1007260694566915,0.0974169898504243,0.088959015789855,0.0853134085348644,0.0870274212482548,0.0092441544317563,0.1027732463295269,0.0315388798259923,0.10821098423056,-1.1503275420156012,0.1632121909898962,0.1840571684921161
1,0.0747674848531476,0.0686696790749933,0.0633525142733415,0.0630966776209458,0.0611742607495296,0.0038631346578366,0.0286975717439293,0.0093818984547461,0.0496688741721854,-1.2401636509060026,0.1177819669255872,0.1572920407423064
1,0.0867175388112427,0.086407834530119,0.0778918496758782,0.0754192154726139,0.0736363308907031,0.0152424942263279,0.0854503464203233,0.0401847575057736,0.1547344110854503,-0.9735486742334424,0.1382481663431954,0.1531976983599141
1,0.0804813416983713,0.0763256356888516,0.0724005885638704,0.0675120967845661,0.0698380824726779,0.0045994633959371,0.072633192794174,0.0176312763510923,0.1241855116903028,-1.2107044039969412,0.1299548903931254,0.1754401121291466
1,0.0853303858534541,0.0819181060485246,0.0761214857274799,0.0750442841760686,0.0690345560936491,0.0076103500761035,0.0385591070522577,0.0233384069000507,0.1177067478437341,-1.2993527713390125,0.1084898626830279,0.1209837484170941
1,0.0813499730340503,0.074524498289381,0.0712426406141397,0.0688820149243204,0.064576095150163,0.0075407443444417,0.0384334711748966,0.0235952323035757,0.0822184383361712,-1.0506209701184506,0.1920228054091566,0.1656519845124039
1,0.1011312492731593,0.1016208234626738,0.0930118575581652,0.0898029721343059,0.0886265814008902,0.0245209148980012,0.126931794766124,0.0542963115598598,0.2047187306820523,-0.8799509987612067,0.2682964821464533,0.1539671823211055
1,0.1128655131892738,0.1106366437640839,0.1016415406236224,0.0991403963264418,0.0944835855364848,0.0256709451575262,0.1446907817969661,0.0571761960326721,0.2415402567094515,-1.4219724516106504,0.0973007860361095,0.1710125105541512
1,0.1046384380746421,0.100298259591429,0.0927672647887058,0.0902955784261916,0.0877375284417958,0.0327751196172248,0.1473684210526315,0.0595693779904306,0.2909090909090909,-1.2310710020976998,0.0834412131290908,0.1527741263554763
1,0.0942734074089231,0.0914916775541363,0.0829262141673672,0.0827590765471508,0.0768695279159606,0.0117096018735363,0.0491803278688524,0.0210772833723653,0.0930913348946135,-0.9820007757759684,0.209539960412386,0.1882733265332908
1,0.0588886912413479,0.0547403031857779,0.0496442329160661,0.050258104538381,0.0469667780991454,0.0006229235880398,0.0139119601328903,0.0033222591362126,0.0257475083056478,-1.2048215339640644,0.1241780265457654,0.1762192678267883
1,0.0644224728962116,0.0579884685835523,0.0555100387583864,0.0549350774345513,0.0509306717037623,0.0030703101013202,0.0294749769726742,0.0073687442431685,0.0435984034387473,-1.1447760824835662,0.1236233231086585,0.1456945041116022
1,0.0839598054846043,0.0772491571843004,0.0705721770451709,0.0686633212845683,0.0685117885530422,0.0071269487750556,0.0512249443207126,0.020935412026726,0.0721603563474387,-1.1967714809780337,0.1455417171093342,0.15153700333514
1,0.0564943027040178,0.0470152372916442,0.0481148395004827,0.0437443947622819,0.0439288946309054,0.0,0.013029315960912,0.003257328990228,0.0293159609120521,-1.192959486527824,0.0866387434307686,0.1044655799770575
1,0.0842208919130553,0.0794637923890398,0.0731816788354713,0.0694478112341618,0.0724443607725822,0.0058663314477267,0.0697674418604651,0.0194846008799497,0.0922899643829876,-1.0634741108715065,0.1775388296051497,0.1684832925033495
1,0.0998862264856648,0.0967122952015562,0.0880347047273816,0.0854421171511113,0.0818739145871065,0.0084841628959276,0.0605203619909502,0.0277149321266968,0.1210407239819004,-0.925476464609514,0.2307456018433292,0.1973675921813541
1,0.0632883915183053,0.0584313275466973,0.0561613429804616,0.0525865178369035,0.0539138234113574,0.0022614201718679,0.0398009950248756,0.0099502487562189,0.0348258706467661,-1.1245316176253235,0.1517789913470545,0.169571898553782
1,0.0687665695602154,0.0621052272761917,0.0582584612440833,0.0570890109128114,0.0561946949204275,0.0030953762816792,0.032501450957632,0.0092861288450377,0.0480750628748307,-1.1266548392880953,0.0839820062637342,0.1413058312950879
1,0.0994889770492382,0.0957488954251514,0.089761379863848,0.0883031065816367,0.0831899731109134,0.0201753165437595,0.1676638374843467,0.0520384026714901,0.3055516905523862,-1.500762579721297,0.0530048214735681,0.1493488942929555
1,0.0848741041078934,0.0815062172405453,0.0735310693263746,0.0732155921428811,0.0702153827981168,0.0016129032258064,0.0334677419354838,0.0169354838709677,0.0600806451612903,-1.2322651011653527,0.1216954500127384,0.1662302834944206
1,0.1001126283246093,0.0952756651930021,0.0849709122293719,0.0840215397378956,0.0834520680461125,0.0106302201974183,0.0842824601366742,0.0189825360668185,0.10250569476082,-1.0629145876695645,0.195472260187698,0.1851179536533397
1,0.1034945311776112,0.0977108621589548,0.0884578577865031,0.0842392936893122,0.0864424900789844,0.0116784978245935,0.0784291275475154,0.0360659491641859,0.1440348065033203,-1.2809812358685393,0.1262211587931599,0.168740199886679
1,0.0781412562244707,0.0684819875811347,0.0642307098397556,0.0611746542199117,0.0635161794857415,0.0041546242774566,0.0274566473988439,0.0086705202312138,0.0471459537572254,-1.1128520462121725,0.1415138419176936,0.163099401180586
1,0.0833760330626217,0.0814789379326237,0.0760108969243362,0.0724519485183315,0.071050834209548,0.0,0.0486725663716814,0.0110619469026548,0.0641592920353982,-1.2157898633252893,0.0570837533734181,0.1330747046872636
1,0.0958383981534124,0.0913462041035386,0.0850640264266426,0.0817941728194707,0.0808215485896598,0.011623475609756,0.0674542682926829,0.0335365853658536,0.1263338414634146,-1.372428917605937,0.0971389990434017,0.1516470664401349
1,0.0674676672608023,0.0637801566789467,0.0602679818004654,0.0588811561144141,0.0565299798961047,0.0053932584269662,0.0552808988764044,0.0123595505617977,0.0631460674157303,-0.9309154011155094,0.2135307124066018,0.1207603571005538
1,0.0790583685575854,0.0736845130824159,0.0673921956484145,0.0651708718503845,0.0615357391052261,0.0091135045567522,0.044324772162386,0.012013256006628,0.0741507870753935,-1.288366419002468,0.1017481009907876,0.2684277582860193
1,0.0965244415897199,0.0918286446484177,0.0838349284084993,0.0818165187585514,0.0810477545027761,0.0046641791044776,0.0836442786069651,0.0286069651741293,0.1200248756218905,-1.357996835812144,0.0790530468611424,0.133581690970106
1,0.074853446167931,0.0646393830901754,0.0611570878388233,0.057545930777341,0.0613360628903888,0.003112840466926,0.0233463035019455,0.0163424124513618,0.0591439688715953,-1.2351260864652358,0.1313806050629822,0.1584280796003651
1,0.0876704076124069,0.0764916746269701,0.0740466508514075,0.074692245896373,0.0652281279061269,0.0035669846536706,0.0335130651182082,0.007797594359187,0.048610535047698,-1.1317520323594636,0.1771517597894228,0.1575910170401243
1,0.1067623847777025,0.1051331404745136,0.0897042083545372,0.0899221518582569,0.0866714087776754,0.0089539511085844,0.2173109721432632,0.0648095508811825,0.2508527572484366,-1.2698976998494844,0.1426898362320727,0.1479321731839915
0,0.1061717353972178,0.0936166083424652,0.088753050001031,0.0822605052491948,0.088085341826155,0.0249648382559774,0.130098452883263,0.0931786216596343,0.1736990154711673,-1.1279736637451674,0.1423821214168183,0.1838283506497615
1,0.0816729130585339,0.0768514195750311,0.0715803767963675,0.0688804409196825,0.0697792635445601,0.0048794489092996,0.038174512055109,0.0088978185993111,0.0502296211251435,-0.8836822136047094,0.248999746403825,0.1924390339347482
1,0.0853288932148003,0.0764071952550221,0.0717801204627255,0.0702436973548439,0.0716792913146041,0.0057921635434412,0.0398637137989778,0.0149914821124361,0.0633730834752981,-1.134808978526732,0.1632799240424013,0.2092140550490126
1,0.1161476926750509,0.1077090398872091,0.0939148677524204,0.0905761352504141,0.0915537881647712,0.019298245614035,0.2,0.0491228070175438,0.2947368421052631,-1.1985406640212763,0.1505471459835888,0.1897734417526165
1,0.0964782370500621,0.0894167873639463,0.082260888981645,0.0810049792228328,0.0795512688658486,0.0087583719732096,0.0633693972179289,0.0298815043791859,0.1081916537867078,-0.845543680230307,0.2481326964889734,0.2256861389238747
1,0.0723100253982126,0.0671491315998836,0.0640737708723874,0.0602972179268467,0.0612072243973183,0.0064553990610328,0.0387323943661971,0.0187793427230046,0.0751173708920187,-1.164922279156451,0.1207836312310065,0.1561845065431571
1,0.1089248826381628,0.1061806503582994,0.0957273410974367,0.094045799926084,0.0911280257085438,0.0329659515843337,0.1973036803778783,0.0678016138555402,0.252804566030309,-1.300547651702674,0.1247204707926717,0.1768248643417355
1,0.0976439563405246,0.0866364487234565,0.0842129542283825,0.0783772370448003,0.0802836142226107,0.021136590229312,0.098703888334995,0.0568295114656031,0.214556331006979,-1.2290569488305734,0.1237814852199161,0.1421121205811185
1,0.0714555247351313,0.0686254834277706,0.0651041013993037,0.0614148627967482,0.0615095464765168,0.0019970044932601,0.0334498252621068,0.0084872690963554,0.0449326010983524,-1.0919991999867955,0.1291260773160911,0.1694210862460742
1,0.0832702059846689,0.0773956599921798,0.0735629131733747,0.0701352424440884,0.0678908998987884,0.0033719395982993,0.0417827298050139,0.0099692127254068,0.0483800029321213,-1.1281755317461009,0.1534317186064448,0.1654877606806824
1,0.0942373757711486,0.0838347826220284,0.0786361346025684,0.0749303479778193,0.0793896319770516,0.0083565459610027,0.0770659238625812,0.0204271123491179,0.1035283194057567,-0.99246851698812,0.1696188616818624,0.1625271441401052
1,0.0729872430878728,0.0673303283573656,0.0642931350868021,0.0596569718428801,0.0609423483505191,0.00234375,0.034375,0.00859375,0.04375,-1.110456325074281,0.1232505822482821,0.1609397250920137
1,0.0961397451334419,0.090302417400514,0.08630257412945,0.083104410991969,0.0806531505948233,0.0120889748549323,0.0589941972920696,0.0091876208897485,0.077852998065764,-1.1043152869999386,0.164586545683689,0.1568882055094754
1,0.101378919386825,0.0970568600436202,0.0893736968557219,0.0864782538860053,0.08259183296886,0.0148357470858353,0.0815966089720946,0.0360296714941716,0.1504768632991875,-1.305416799523723,0.1497940335501691,0.1690894689490144
1,0.0913331704899052,0.0861654008842038,0.0794348328701423,0.0745057710502253,0.0787273569896618,0.0050136948145397,0.1216285223527227,0.0485121396406852,0.1309595654797827,-1.1105331738905704,0.100222518044377,0.1658085900147902
1,0.0744874819506032,0.0728884256757022,0.0677370867818832,0.0642473484419331,0.0631829291897171,0.0039630118890356,0.0515191545574636,0.0079260237780713,0.0937912813738441,-1.0611251017794068,0.0491346596478111,0.1280415893907062
1,0.0763687459530261,0.072289452564937,0.0645408208185223,0.0643688426411192,0.0619318184532985,0.0037637521713954,0.0317023740590619,0.0072379849449913,0.0361899247249565,-1.2622547852218295,0.1155126031971357,0.145772181586619
1,0.0753396882315252,0.0675295602587968,0.0630043112202295,0.061389524106211,0.0622072829542945,0.0062758051197357,0.0487200660611065,0.0156895127993393,0.0732452518579686,-1.21736228603157,0.1030338810926095,0.1286630904341781
0,0.0806267332453081,0.073356203264174,0.0678732972640053,0.0671489058725279,0.0656823985628087,0.0057553956834532,0.0453237410071942,0.0129496402877697,0.0604316546762589,-1.073703088108767,0.1577686626027135,0.1598616704434325
1,0.103175466592596,0.0964945565328476,0.0906628176157418,0.0885576957464351,0.0859037480041746,0.0174388339406559,0.1108797501301405,0.0549193128578865,0.180895366996356,-0.8927726353839374,0.2458020370085719,0.1830372366667837
1,0.0717649703365644,0.0626207403804482,0.0602578380155091,0.0593167391591467,0.0557172915707014,0.0007893549842129,0.0264997744700045,0.0049616599007668,0.03382949932341,-1.266631850043969,0.1096606047454814,0.1439361732161103
1,0.0950299147416862,0.0890086156351064,0.0829882168454174,0.0797664880246304,0.0784201538355838,0.0091365461847389,0.0534136546184738,0.0254016064257028,0.0930722891566265,-1.335489211086045,0.1073530027356352,0.1687732929882216
1,0.1066362153708874,0.1040670465866595,0.0982281411114982,0.0960749410348757,0.0907254395007967,0.0185211517952364,0.1291148240312833,0.0333096338428723,0.1534660504799146,-1.3404069248931618,0.1093762213580274,0.1743561722325755
1,0.075985766960763,0.0756054798332765,0.0684427075798707,0.0657234525776743,0.0647672046138892,0.0048589553246052,0.0408962073154271,0.0171413146173572,0.0580375219327844,-1.0650115712864112,0.1552684741794483,0.1764556652367735
0,0.0861117708245017,0.0793869940157196,0.0757457418396314,0.0732037249865626,0.0686231410616345,0.0026497085320614,0.0455749867514573,0.0296767355590885,0.1139374668786433,-0.9251966332654652,0.1173776654350966,0.144625464992573
1,0.0852528697543669,0.0777152394301407,0.0729706106307627,0.0708359033895565,0.0706262241898487,0.0106985525487728,0.0887350534927627,0.0314663310258023,0.093140339836375,-1.0224556338289523,0.1774772290398729,0.1993496505339255
1,0.1114511196608139,0.0932845252523033,0.0910625416209377,0.0853611969675023,0.0868397259576224,0.0016429353778751,0.3702081051478642,0.0465498357064622,0.3214676889375684,-1.1164348961782111,0.1685533033197129,0.1423519238829179
1,0.0975749253522822,0.0947460207878236,0.0882843168643377,0.0861632048444479,0.081989939619402,0.0061475409836065,0.0881147540983606,0.0204918032786885,0.0696721311475409,-0.958895448806378,0.2195668295900363,0.1918149233598094
1,0.1040823864137849,0.0929715888654729,0.0834927851347772,0.0813179637784084,0.0835301144005185,0.0055995365900753,0.069511488704383,0.0146746476153697,0.0720216257964858,-1.2390472320798689,0.1158201442892058,0.1786310101865086
1,0.0858001636272862,0.0831840994817873,0.100055379151361,0.108335724991447,0.0685367300089439,0.0153304773561811,0.0922582619339045,0.0039779681762545,0.0781823745410036,-1.0988612287026922,0.1237555671620714,0.164533216519566
1,0.065589971471959,0.0610600487530985,0.0571205135037932,0.0552810238835474,0.0582006111076542,0.005813953488372,0.063953488372093,0.0141196013289036,0.0705980066445182,-1.086416935517101,0.152474435926846,0.1785016408687771
1,0.0952407387838365,0.0890429452632236,0.0834494673962553,0.0799086259972669,0.0780478470119821,0.0098171970209884,0.0680433310765064,0.0294515910629654,0.1523358158429248,-1.3054829931396217,0.1222910639661656,0.1797422271256789
1,0.0710084951137123,0.0649436733926374,0.0599406137665202,0.057637178915156,0.0598249122471439,0.0046964106004696,0.0379067427037906,0.007380073800738,0.0489768534048976,-1.2796548623585235,0.1090922272114646,0.2263432718945207
1,0.0952656170299278,0.0908791809598482,0.0895421243112176,0.0830090073036905,0.0807981361126884,0.0230326295585412,0.0767754318618042,0.0262316058861164,0.0889315419065898,-1.376845464394049,0.0938302782531307,0.188094462020743
1,0.081366900284452,0.0774356155573743,0.0689857329320773,0.0657140355796526,0.0679486618546616,0.0043929712460063,0.0271565495207667,0.0099840255591054,0.0599041533546325,-0.8639575515617465,0.2274362891093983,0.2378407122229188
1,0.0971237904883911,0.0832029617999454,0.0781533424263784,0.0746591823830241,0.0755306909066024,0.0183225806451612,0.0683870967741935,0.0312258064516129,0.0975483870967742,-1.0508710527908465,0.1988830455538904,0.1411438891721934
1,0.0929664154919293,0.0855604855075889,0.0799273171155044,0.0741133802388407,0.0814949631411854,0.0175879396984924,0.0950586264656616,0.038107202680067,0.1461474036850921,-1.1898452659142895,0.0988588152858069,0.1851029687077233
1,0.0771341880844176,0.0711757441763676,0.0638188677242527,0.0619768997573108,0.0620581812772085,0.0052133616528287,0.0308939949797258,0.0139022977408766,0.0579262405869859,-1.182613495093339,0.1241297232646288,0.1482742894256449
1,0.1148753159420487,0.1034193388148279,0.0938428972201595,0.0878246738752993,0.0925572012015875,0.0232959447799827,0.2172562553925798,0.0823123382226057,0.2698878343399482,-0.8023824431610803,0.3038864015084634,0.1878088597244112
1,0.0700575894401437,0.0648642118235745,0.0599341167251094,0.0580180017331714,0.0589153766275632,0.00375,0.0328125,0.015625,0.0771875,-1.3371945926017368,0.1073432852498543,0.1522297437255984
1,0.0855833719095427,0.0803825092459519,0.074896776723939,0.0720475640066154,0.0724794527708228,0.0145724907063197,0.0825278810408921,0.0267657992565055,0.1320446096654275,-0.799297923728421,0.2604517667148041,0.2248547102673873
1,0.0805806766480039,0.074412883102851,0.0681469578042391,0.0652472245689765,0.0664187033832947,0.0047976380858654,0.0479763808586542,0.0111329806864312,0.0557879197933325,-1.0349350762592398,0.1706083096760109,0.1529440716082748
1,0.0837118814240358,0.0792547551893951,0.0731677640099034,0.0692050903822053,0.0690899848635232,0.0064724919093851,0.0537216828478964,0.0116504854368932,0.1307443365695793,-1.218884976915986,0.0764485708393951,0.1420205825141402
1,0.0755710694410594,0.105019608179458,0.0551475334380203,0.0701566274743644,0.0528739119727229,0.0,0.0,0.0,0.0,-1.4166258453737437,0.0693734674752104,0.1370343041900773
1,0.1001288759652741,0.0938380909542585,0.0842883470908356,0.0810428580158201,0.0802107334318208,0.006617360840794,0.0439859867652783,0.0177111716621253,0.0898209420007785,-1.288592250867053,0.1267729034219616,0.1622932200446973
1,0.0890686773927996,0.0810320029481823,0.0745643845265079,0.0738086080352782,0.0742959098947941,0.0090813444819757,0.0640677778393045,0.0148956199125089,0.0567584030123484,-0.9927613421901674,0.1812238918551543,0.1690708583695888
1,0.0909483110955747,0.086287811093535,0.0761704801983455,0.0753545222712355,0.076334546449411,0.0031125498007968,0.0414591633466135,0.0074701195219123,0.0464392430278884,-0.850901747805467,0.2396144548406627,0.2210862132771874
1,0.0952093597668633,0.0981419217135724,0.0861041080638395,0.0838422141617836,0.0816721486186369,0.0115120655302191,0.0779278282045605,0.025680761567412,0.1529776400265663,-1.3012946721828345,0.134945070229323,0.1604108522546232
1,0.0850503027203005,0.07991279085399,0.0768494053521667,0.0708125903178013,0.0718760082923079,0.0035026269702276,0.063047285464098,0.0385288966725043,0.174430823117338,-1.1951533801096248,0.1010223144007256,0.1268785779454463
1,0.0953831754047202,0.0911468393140048,0.0823514428218562,0.0817700810280537,0.0774032693317604,0.0113803328613789,0.0712472951673656,0.0285309753426121,0.1176234872973045,-0.9480239362288176,0.2499881823652813,0.1618579255541289
1,0.0951027885065399,0.0864346016924659,0.0799758719619712,0.0758311326303108,0.0779003481960284,0.0044345898004434,0.0611973392461197,0.0155210643015521,0.0838137472283813,-1.1459581001411383,0.1466389423423508,0.1562403993078778
1,0.0736033729930297,0.0699717758514691,0.0686333632295322,0.0663311985820439,0.0629656667980222,0.0072551390568319,0.0474607013301088,0.0136033857315598,0.053204353083434,-1.2343398747393746,0.124652423608997,0.1785450995696772
0,0.0755264088306336,0.0697146260911079,0.0640929611078074,0.0623865805033311,0.0624227068131024,0.0022452989054167,0.0207690148751052,0.0101038450743755,0.0595004209935447,-1.2002897054968866,0.125243765650646,0.1410399916146806
1,0.0970644259671188,0.0851628170721637,0.0822756541250807,0.0831472954002326,0.0713374529315532,0.0025575447570332,0.0332480818414322,0.005541346973572,0.047314578005115,-1.090972693235906,0.1779738303121487,0.1485051121315085
1,0.0996101456931268,0.0897645128851862,0.0831809472163725,0.0810922704408888,0.0827348387631977,0.0149906308557151,0.0905683947532792,0.0387257963772642,0.1424109931292942,-1.2657399053967648,0.1455636396577866,0.175538060640701
1,0.0844792268234692,0.0765078735248381,0.0909101525494597,0.1100200667804078,0.0705219021637729,0.0,0.0,0.0,0.0,-1.346180770550877,0.0747797939544832,0.1293661637642755
1,0.0994273831379171,0.0913239233290427,0.0818534503252731,0.0803139318224383,0.0807006090982053,0.0265335235378031,0.105848787446505,0.0701854493580599,0.1651925820256776,-1.1494057284444512,0.1632122183936959,0.1649796647909004
1,0.0890898476507411,0.0849570868495038,0.0747246956823436,0.0900117238558249,0.0576804787635483,0.0,0.0,0.0,0.0,-0.8901848487873621,0.2711900980867306,0.1684292583743672
1,0.0908756821281732,0.0880589131371901,0.0821712293333644,0.0780105468314392,0.077640924872591,0.0079736046191916,0.0488039593071212,0.0232334341490239,0.0853725598020346,-0.4562121555834911,0.4229857579791959,0.2094153227600843
1,0.1018400005594765,0.0966767299288846,0.0887314876046107,0.0858431269778988,0.0860815730197729,0.0135491155438464,0.1106511102747459,0.0248400451637184,0.1467820850583364,-0.9530342605989484,0.2344677916459054,0.1842345376521132
1,0.1038374599729491,0.0993965109415471,0.0918608809490353,0.0858782522702973,0.0853029873665436,0.0186188219363574,0.0829383886255924,0.0546716316858496,0.3160121868652674,-0.8915047643496484,0.2226721579300647,0.1508171229674987
0,0.0970395810875418,0.092479020154525,0.0872070821170779,0.0824383650749126,0.0797330220205476,0.0083333333333333,0.0814814814814814,0.0527777777777777,0.1759259259259259,-1.5782849371635643,0.0500005523478498,0.093449705174706
0,0.09892671438918,0.1025503271393631,0.0888896218298695,0.0861768222397797,0.0803779698756287,0.0087336244541484,0.0393013100436681,0.0218340611353711,0.1703056768558952,-0.9959157915676216,0.0663782381350938,0.0791490518885318
0,0.0913842753676386,0.0856668991229122,0.0808381570966343,0.0765199182352903,0.0737617214711594,0.0,0.0984251968503937,0.0511811023622047,0.3188976377952756,-1.5454343922558356,0.040587493227801,0.0822319533093102
0,0.0969089518371262,0.1054775929344317,0.0936713702443305,0.0986458230381165,0.0830667284795625,0.0,0.1363636363636363,0.0,0.2954545454545454,-1.637305699481865,0.0673575129533678,0.0869181333231697
0,0.0909951336546514,0.0863333858424043,0.0779242247257914,0.0762724153953859,0.0749331017240162,0.0040080160320641,0.0240480961923847,0.0070140280561122,0.0681362725450901,-1.3219226587742678,0.1082944002556637,0.1513257600418954
0,0.0971611400470218,0.0956343959741215,0.0864876482966466,0.0842576995794218,0.0807299072192793,0.0129589632829373,0.0453563714902807,0.0237580993520518,0.183585313174946,-1.479557666189529,0.0777635277115851,0.1003097414088448
0,0.1045998456640268,0.0995191326606452,0.0906400943759048,0.0900396784380328,0.0831488074063062,0.0083732057416267,0.0801435406698564,0.034688995215311,0.2350478468899521,-1.339515758790234,0.1349652430433148,0.1174116458730467
0,0.0726817645312813,0.0667255481873271,0.0629901960901477,0.0595068382731015,0.0603590628852378,0.0036471901749162,0.0155563825828061,0.0075176777074804,0.0553777446966877,-1.4793634409623042,0.0490401824839888,0.0909286327873098
0,0.127679999063002,0.1102473106467012,0.1003471187716712,0.1007202420755516,0.0917136310141276,0.125,0.0625,0.125,0.0625,,,0.1214303284841361
0,0.0882503472529132,0.0835408632981975,0.0832179757861778,0.0792223858522061,0.0712030606620401,0.0102489019033674,0.048316251830161,0.0629575402635432,0.1625183016105417,-1.3462280885211233,0.0881877866310053,0.0984548249503129
0,0.0923186883579005,0.0877137204704551,0.0841921232537814,0.0795476273181425,0.075649323083455,0.0224089635854341,0.0952380952380952,0.0896358543417367,0.2492997198879551,-1.631189039133417,0.0520040368239577,0.1332660285919245
0,0.1035373078825428,0.0976271879325746,0.0920829278774133,0.0870365630250007,0.0851487644315059,0.0352011494252873,0.1803160919540229,0.1508620689655172,0.4497126436781609,-1.2862301283485538,0.101688854180611,0.1484563269583327
0,0.0971871066275739,0.1024701451744437,0.0931525379338775,0.0921649285867695,0.0777373495086801,0.006060606060606,0.0727272727272727,0.0454545454545454,0.4969696969696969,-1.6033887358176455,0.0656277661723089,0.0845065352090604
0,0.0991437093664275,0.1029051420275688,0.0954788930681877,0.0930738554910718,0.0802955508726197,0.0385617509119333,0.0875455966649296,0.0713913496612819,0.21156852527358,-1.042483847963776,0.0576432638675262,0.1308477049108919
0,0.1000764773348723,0.1087303063173552,0.0943923531152768,0.0931974194077081,0.0815900497135884,0.0114503816793893,0.0419847328244274,0.0343511450381679,0.1526717557251908,-1.6920537738347514,0.0617384950242674,0.1109465381210768
0,0.0882885798105597,0.0903518262548047,0.0837798380186949,0.0825156853018003,0.0739359067101323,0.005181347150259,0.0984455958549222,0.0103626943005181,0.160621761658031,-1.686905004669631,0.0404479851540636,0.0928857625752576
0,0.0983968897252383,0.1005221923913172,0.0908353984214688,0.0900209458919762,0.0836970137006102,0.0290350962948479,0.126405318212924,0.058656760191612,0.2169322514419787,-1.4154296486197313,0.0787655052735345,0.1320106512658642
0,0.1055195255524529,0.1029145721663586,0.0923343728434637,0.0917470552987341,0.085967414019745,0.0213539300318037,0.0722398909586551,0.0486142662426169,0.2080872330758746,-1.5248617135031015,0.0712366635021508,0.139375032621621
0,0.0993826892669106,0.1000434417999533,0.0906546998241869,0.0892567481359442,0.0831263554061283,0.0530973451327433,0.2743362831858407,0.0884955752212389,0.3451327433628318,-1.4033085527454623,0.087607559040342,0.1216593124070265
0,0.0919006371468085,0.0905652886437213,0.0837807458241653,0.0843720813761595,0.074589572634117,0.0285714285714285,0.0,0.0857142857142857,0.4857142857142857,-1.2948157935141729,0.0460384802209837,0.0812556131540391
0,0.0944105066708062,0.0901693413111363,0.0837845582084515,0.0830532550525632,0.0755432465259292,0.0074239049740163,0.0731254639940608,0.0252412769116555,0.1095025983667409,-1.4303193521652284,0.0620763486638991,0.1116077201466614
0,0.0926429575950747,0.0934676225344056,0.0870141806394794,0.0814920636547752,0.0785618717103367,0.0082862523540489,0.0651600753295668,0.0410546139359698,0.1702448210922787,-1.2912476361620886,0.0660704661875883,0.1540871276180435
0,0.098286842021011,0.0986978820815168,0.0877160192367886,0.085346918708557,0.0820149662243634,0.0321100917431192,0.1926605504587156,0.1559633027522936,0.3761467889908257,-1.4699076030067686,0.0661047491429289,0.086498104526001
0,0.0959192946575791,0.0941638109218498,0.088105182588512,0.0833433630734443,0.0810661193010847,0.0215085444902769,0.0760164997053624,0.0400707130229817,0.2009428403064231,-1.3608652643615182,0.0679982638460005,0.1342588068038132
0,0.0967514426953048,0.1015613537421833,0.0926128751045502,0.0892059121774731,0.0833327225067734,0.0266363488712035,0.1224622381029722,0.057657950300471,0.3631638785122624,-1.0307114620731508,0.107595832197142,0.1224429375786872
0,0.097886662482712,0.096542847977599,0.089516617664755,0.0877682409186809,0.0835665766920871,0.0364842454394693,0.1354339414040906,0.0784964068546158,0.2653399668325041,-1.4468403228345323,0.0797200642474232,0.1064857380251253
0,0.0981609360440019,0.0860084198939185,0.0825616017045616,0.081415348588823,0.0790748868344748,0.0101010101010101,0.0555555555555555,0.0353535353535353,0.1868686868686868,-1.5653915424465443,0.0511475130711046,0.1141960838155979
0,0.0962693080902917,0.0964134522904829,0.0867135770822403,0.0836121909540056,0.0804538973651133,0.0128068303094983,0.055496264674493,0.0362860192102454,0.2011739594450373,-1.584850719782928,0.0461547213872271,0.1202688851356985
0,0.0901787240290843,0.0915215970220899,0.0815018884421741,0.0835938783499076,0.0768881970406807,0.0044101433296582,0.0198456449834619,0.0132304299889746,0.1223814773980154,-1.5334168480799837,0.0314935718259753,0.0834797222860614
0,0.1078134818362904,0.1012966459178565,0.0912609656057121,0.0900965540765488,0.0840765110468155,0.0179282868525896,0.0776892430278884,0.0199203187250996,0.1414342629482071,-1.2139617321020455,0.1083239141794292,0.1396045988191377
0,0.0938752929510108,0.1081938774513416,0.0967391787771502,0.0976005373787568,0.0753387888875901,0.0145228215767634,0.091701244813278,0.0452282157676348,0.1925311203319502,-1.8848000313858475,0.0114945192024674,0.1134319028633724
0,0.092644723930797,0.0889190748632028,0.0855630160984193,0.080866013798461,0.0777311653200559,0.0138248847926267,0.1152073732718894,0.0783410138248847,0.3225806451612903,-1.4579928694507711,0.0425124480134365,0.1147912340574951
0,0.1092366825532546,0.1071037580619896,0.0964899004675534,0.0972645619328855,0.0852637094831384,0.0337837837837837,0.1438223938223938,0.0424710424710424,0.1399613899613899,-1.4458499826532694,0.091282628080955,0.1458893577501258
0,0.1037995379981719,0.0963549281319593,0.0877798885184029,0.0890877238589061,0.0805324204553866,0.0324324324324324,0.081081081081081,0.0702702702702702,0.2432432432432432,-1.4662145582929358,0.0710307390076261,0.1280029208950192
0,0.0949729109270286,0.0991241214107235,0.0923339111257069,0.0875657382731398,0.0821025984422371,0.0765027322404371,0.2422586520947176,0.0837887067395264,0.4808743169398907,-1.4849087217580883,0.0669722865661483,0.1242094894183626
0,0.1082940535169278,0.1070649545171898,0.0968220597201086,0.0929470926817925,0.0870095118244005,0.01171875,0.09375,0.048828125,0.322265625,-1.488343216332128,0.0755058030075243,0.1298494588328817
0,0.0819673472042931,0.0827666413753537,0.0810464740643114,0.0726813713938319,0.0804912889048208,0.0,0.0344827586206896,0.0114942528735632,0.0689655172413793,-1.197671472936914,0.1047005274989035,0.1269368900779473
0,0.1025450193978604,0.1017993247261557,0.0926212840198239,0.0903715604929571,0.0875998014436539,0.0518453427065026,0.2012302284710017,0.0913884007029877,0.3242530755711775,-1.403941049687468,0.0939090847875231,0.1387681235770071
0,0.0920165988059003,0.0875487095097726,0.0819132114625497,0.0776334381695887,0.0758908037477022,0.0108660395718456,0.0608173856633149,0.0304897826792085,0.1253649043139799,-1.4513759875657035,0.079735824992731,0.1432258524422583
0,0.110195563012208,0.1165232581734236,0.1026042488651097,0.1036170647384104,0.0981171175040529,0.1062581486310299,0.3461538461538461,0.1095176010430247,0.4595827900912647,-1.474017004814604,0.06469366613751,0.1333194430723428
0,0.0995976089816153,0.0940003610183712,0.0929138596568013,0.0899845691169441,0.0845819318854756,0.0240137221269296,0.111492281303602,0.0102915951972555,0.1526586620926243,-1.4141414718382794,0.0221390974268877,0.124853042723242
0,0.0994178887459106,0.0966657559217965,0.0887114071550534,0.0877346813006674,0.0820659855822708,0.0417972831765935,0.1215604319052594,0.051201671891327,0.2772553117380703,-1.5237252002441766,0.0409632550247227,0.1236236849780392
0,0.0995875690400786,0.1055413376242141,0.0936829890408143,0.0929173788390133,0.0873037001031774,0.0424242424242424,0.1333333333333333,0.0848484848484848,0.3333333333333333,-1.4800420359369884,0.0749902438385909,0.1388669078483537
0,0.0815371855771853,0.0904579067414834,0.0780067747582295,0.0742595535770739,0.075630977979725,0.0,0.0682926829268292,0.0048780487804878,0.0341463414634146,-1.4529301593668495,0.0848811508661937,0.1401432670325832
0,0.1038302222385672,0.0975937292197262,0.086962009229451,0.0846693839746933,0.081387202325995,0.05,0.0166666666666666,0.0666666666666666,0.1,-1.5145720263656453,0.0841207936242304,0.1157995367112919
0,0.0924691521922451,0.0932705578047712,0.0829407458467804,0.0807924409565362,0.0760539523312207,0.0129032258064516,0.0516129032258064,0.0129032258064516,0.1161290322580645,-1.4717533185056026,0.0828416960532472,0.1287574065507655
0,0.0936945449647886,0.08959829492863,0.0814943020745245,0.0818220262381584,0.0760482401263354,0.0120967741935483,0.0241935483870967,0.0040322580645161,0.2459677419354838,-1.4359876819021589,0.0306120166822086,0.0965104712002807
0,0.0442325902478553,0.0436975548371798,0.0407236913309157,0.0410558153082653,0.0360118932787888,0.0065645514223194,0.0328227571115973,0.0109409190371991,0.0437636761487965,-1.261792170620475,0.129151533362035,0.1187002967040378
0,0.079873833724407,0.0785809029515841,0.0750809752560136,0.0744609339224135,0.0670973474164339,0.0068320747932398,0.0431499460625674,0.0233728874505573,0.0963682128730672,-1.4108009026139676,0.0767570989288973,0.1380585123380015
0,0.0974752279908878,0.095417078001724,0.0854593300671367,0.0898089277202984,0.0751591477610699,0.0,0.0294117647058823,0.0,0.0735294117647058,-1.4694276587790835,0.0555399701606976,0.1060615273141902
0,0.0978108951884485,0.0972298243621129,0.0944002696678919,0.092478784409846,0.0822625653308373,0.008695652173913,0.1217391304347826,0.0260869565217391,0.2,-0.9670599120521964,0.0622212456068684,0.137939108834722
0,0.0994434090890783,0.1170542930123294,0.1070750865457149,0.1069429270757073,0.0870118341367186,0.0,0.4166666666666667,0.0,0.3333333333333333,-1.5211688473005918,0.0656647211577887,0.158267936734375
0,0.0919425110376083,0.0891178344543738,0.0852106876353616,0.0824881938859294,0.0755195534277506,0.0072463768115942,0.036231884057971,0.0072463768115942,0.108695652173913,-1.4961386972152018,0.0738885913598714,0.1466831809244495
0,0.086107224987073,0.1020626476291903,0.0904781051647578,0.103963224245744,0.0755315704060408,0.0454545454545454,0.0909090909090909,0.0,0.4090909090909091,-1.637305699481865,0.0673575129533678,0.079879591500467
0,0.1203182581077806,0.1131693015416203,0.1005484749179329,0.0945762551153369,0.1059780183158882,0.024390243902439,0.6219512195121951,0.1707317073170731,0.3170731707317073,-0.952325516357462,0.2640099629370763,0.181191440406611
0,0.0927400895127089,0.0879195291799834,0.0822470514158851,0.0786800427160984,0.0760633714952201,0.0059667240390131,0.0480780263912794,0.0226047045324153,0.1349397590361445,-1.7418165328776718,0.0229051321468228,0.1118215177804565
0,0.0969255498447507,0.0957290872460163,0.0882801226814433,0.0860451480038908,0.0824444484095763,0.037037037037037,0.2023809523809523,0.2367724867724867,0.458994708994709,-1.3667245755216253,0.1110820119446839,0.1081976846971554
0,0.093694672168335,0.0895382403944051,0.0836568051748694,0.0807182908184694,0.0773750085009055,0.0041753653444676,0.0584551148225469,0.0730688935281837,0.1732776617954071,-1.3645303117060017,0.1084777894179553,0.1446063262900718
0,0.0986851667866744,0.1012295714182395,0.0868661868912896,0.0870494021371217,0.0813413083286088,0.0117647058823529,0.061344537815126,0.0277310924369747,0.2,-1.6788970158002818,0.0458733239474576,0.0808252610628302
0,0.0924226632959131,0.0917179182007744,0.0873656796545611,0.0888452103872539,0.0785823588566757,0.0089108910891089,0.0653465346534653,0.0297029702970297,0.1752475247524752,-1.5281449144781245,0.0760393071272972,0.1058268506058107
0,0.0823162027240813,0.0816717708297876,0.0771203298582397,0.0739331664637113,0.0696921650763825,0.0125786163522012,0.0524109014675052,0.0146750524109014,0.1488469601677149,-1.5927252988013707,0.0415631493421965,0.0975682727363031
0,0.083496947383605,0.0740290198552764,0.0732374780063712,0.0708451324597935,0.0680003373109738,0.007125890736342,0.0380047505938242,0.0237529691211401,0.1306413301662707,-1.5881889320533824,0.0534368416368815,0.1301498513908629
0,0.0922431436460785,0.0904358863546275,0.0836131253156843,0.0791158580400667,0.0746238199363039,0.0057803468208092,0.0404624277456647,0.0693641618497109,0.1965317919075144,-1.5792717245055428,0.0744492837011276,0.1043868960738027
0,0.0944234113075656,0.0883915274673366,0.0819712994488957,0.0798050132271324,0.0761255816228285,0.0164835164835164,0.0219780219780219,0.0549450549450549,0.1538461538461538,-1.413751612984694,0.0991482488732498,0.1393906283049872
0,0.1043783484066658,0.1031988261324007,0.0925532770785439,0.0911220213028888,0.0875366849725078,0.0644391408114558,0.2609387430389817,0.1607000795544948,0.4371519490851233,-1.4843700029015374,0.0755091415512531,0.1486807663509159
0,0.0899358828495626,0.1165959412481668,0.0945932935173364,0.0968232621274831,0.0830761660250486,0.0109890109890109,0.1626373626373626,0.676923076923077,0.1296703296703296,-1.6398637897549966,0.0667520619197186,0.0638961475825424
0,0.0951153555215687,0.1089038709161041,0.090148809328414,0.0984872426781852,0.081857717362843,0.1105072463768116,0.2083333333333333,0.1014492753623188,0.5652173913043478,-1.704285435114849,0.0366749257533159,0.117008585794823
0,0.1023353461351341,0.0971863527517846,0.0866889373595813,0.0836960353281331,0.0813801103399258,0.0047114252061248,0.0530035335689045,0.022379269729093,0.2049469964664311,-1.3867187264026644,0.0980057475701342,0.132589134436432
0,0.0969573502389219,0.0943199469293176,0.0858425828725969,0.0809142159890789,0.0775510622855163,0.0076849183477425,0.0619596541786743,0.0720461095100864,0.2300672430355427,-1.4938131262574024,0.0625524621711376,0.0787142154585971
0,0.0833766639514858,0.0766586673788114,0.0726180127893854,0.0683239126399138,0.0691374293868763,0.0107391910739191,0.0779637377963737,0.0430962343096234,0.1439330543933054,-1.2744700829632285,0.1087178908464631,0.1231075138850946
0,0.0988167161674628,0.1034000903623219,0.0929017767236376,0.0919339398173436,0.0845367779126127,0.0186219739292365,0.0893854748603352,0.0521415270018622,0.186219739292365,-1.078917646317038,0.068822022733424,0.1077625388265803
0,0.1050013007201043,0.1006077549817938,0.0906697266442902,0.0880241190997964,0.0826739507035389,0.027027027027027,0.1459459459459459,0.081081081081081,0.4027027027027027,-1.3795701993819351,0.1186016927704335,0.1342366942554467
0,0.0845544242660705,0.073689364556802,0.0736503218763071,0.0698279239997003,0.0669244687579592,0.0023405500292568,0.0204798127559976,0.026916325336454,0.1515506143943827,-1.4169311897342651,0.0925679901895897,0.1088299945008774
0,0.1005115431763504,0.1033520211636449,0.0934317536163842,0.0902006159917811,0.0830467295305467,0.0467836257309941,0.1169590643274853,0.0584795321637426,0.4035087719298245,-1.5494206295899824,0.0574087823500884,0.1161752161274923
0,0.0968929350937222,0.0966131019079131,0.0874708669748136,0.0851663405466507,0.0813943122712567,0.0157170923379174,0.0982318271119842,0.043222003929273,0.2770137524557957,-1.511127174548399,0.0530451880191085,0.12174280815839
0,0.096570299057329,0.097873262987552,0.0885700618958364,0.0877911979796768,0.081763382377407,0.0295864619522582,0.1248459038439986,0.0499831895102544,0.2157346184018827,-1.4929618183643891,0.048417985752511,0.1180895759878603
0,0.1017664452198624,0.1039310487148318,0.0919147942682666,0.0907228599990994,0.0846943550116796,0.0143348623853211,0.1135321100917431,0.0319189602446483,0.235282874617737,-1.568095763089515,0.052655080376803,0.1168527162493771
0,0.103148423446464,0.0969324602070377,0.0886897748075577,0.086877659584871,0.0823200422225807,0.0172149309698312,0.0927220044315663,0.0374978694392364,0.1910686892790182,-1.4533867402157938,0.0881551086400136,0.1370491898060969
0,0.0983877914854046,0.094594686177327,0.0901303195699816,0.087916973124882,0.0808453251457816,0.0266666666666666,0.1066666666666666,0.14,0.34,-1.552637676424887,0.032352515674089,0.0829855141523565
0,0.1024308294161192,0.1029959237254124,0.0908380165749059,0.0872088421456266,0.0829562364189934,0.0179372197309417,0.0523168908819133,0.0493273542600896,0.186846038863976,-1.4598735942158003,0.0706703017770443,0.120965798045307
0,0.1024332470768834,0.1027567786181145,0.090150713591384,0.0921340222986866,0.0798668479550467,0.041860465116279,0.0883720930232558,0.0232558139534883,0.2930232558139535,-1.6499018707844222,0.0564656165447694,0.1110612522366521
0,0.1006824170505244,0.096629501649894,0.0896730590249699,0.0867095469265546,0.0843543625454151,0.0314070351758793,0.1293969849246231,0.0659547738693467,0.1890703517587939,-1.4412712030065853,0.0648530494345825,0.1552384036224784
0,0.1033905625951964,0.0953384267493246,0.0849739271372395,0.0813469757495949,0.0795030345579433,0.0136986301369863,0.0684931506849315,0.0410958904109589,0.1780821917808219,-1.3515362355574818,0.1298888444047654,0.1224924419007055
0,0.0937815601313507,0.0967718567592623,0.0871896098897073,0.0862311664191122,0.0789331672891172,0.0093016388601801,0.0651114720212608,0.0165362468625424,0.1058615089325262,-1.5462124131181052,0.0571719023988386,0.1398800041834401
0,0.095978717673307,0.1039309836230733,0.0854274143381681,0.0876907724379141,0.0764326025513365,0.0126582278481012,0.0626582278481012,0.0126582278481012,0.1462025316455696,-1.5900758222370828,0.0468618741856894,0.0951482031557428
0,0.1081453770641858,0.1126696791762885,0.0964450113288826,0.0972171231485832,0.0882977373411037,0.0231213872832369,0.0462427745664739,0.0520231213872832,0.1502890173410404,-1.540956777328099,0.0620102939518664,0.1146062953866746
0,0.0699141477668073,0.0637270684690094,0.0865968907771664,0.0974974258290737,0.0212964912510562,0.0,0.0571428571428571,0.0571428571428571,0.0,-1.2621443708773856,0.1095136813623305,0.0604373714447308
0,0.0868278723335186,0.0859881234647082,0.0770674545642236,0.0736800649002304,0.0702021606197053,0.0056022408963585,0.0168067226890756,0.011204481792717,0.0994397759103641,-1.4756507392973106,0.0725101908286613,0.109373112306733
0,0.0908674904590853,0.1012470961369772,0.0962076275143132,0.0843938753510465,0.0908851558683904,0.0,0.0714285714285714,0.0714285714285714,1.0714285714285714,-1.5991156453477215,0.0713250592440856,0.0795646294003997
0,0.08620677513046,0.0863571510999198,0.0888003926109457,0.1037389311564397,0.071964376264698,0.000395256916996,0.001863354037267,0.0011669489930359,0.0040466779597214,-1.2554890802530083,0.0753173406912803,0.0508682724788913
0,0.0897889106503657,0.1002343390378917,0.0848747809631155,0.0851549757992665,0.077372236487309,0.0101522842639593,0.0507614213197969,0.0456852791878172,0.1624365482233502,-1.368299134679662,0.0396420314877781,0.0791291139457644
0,0.0965793394030274,0.1036156285553486,0.0923703033243839,0.0907040418480411,0.0826654111443417,0.0240963855421686,0.0963855421686747,0.0481927710843373,0.2690763052208835,-1.0259830631425515,0.0628313526962374,0.1041462526159373
0,0.0935116040808955,0.1003117546377718,0.0894933290691399,0.0909676549936099,0.0794562974811424,0.046844319775596,0.1287517531556802,0.0920056100981767,0.2645161290322581,-1.759331077041458,0.0347520486158542,0.1298559822118541
0,0.0993631510190773,0.0956137989094576,0.0882157023692905,0.0863873527802455,0.0784444697736587,0.0123022847100175,0.0834797891036906,0.0518453427065026,0.3339191564147627,-1.324130465446334,0.0856622243135725,0.1283995643381896
0,0.088912616630551,0.0914793242977004,0.078293961750279,0.0707213588328006,0.064763529586529,0.0390243902439024,0.0195121951219512,0.0195121951219512,0.1024390243902439,-1.0951512618527577,0.1674294330002393,0.1332390478048175
0,0.1072972238638192,0.1055300861937108,0.0941528628804401,0.0884484448376936,0.087653657117192,0.0193602693602693,0.1456228956228956,0.0968013468013468,0.2786195286195286,-1.2251408743030028,0.1799651768136808,0.1266291193358909
0,0.100546218971235,0.0995902549120652,0.0904420090799597,0.0879855042659791,0.0827409417623914,0.011177461338233,0.0885009952534068,0.0206706476802939,0.1339764201500536,-1.4858415249827162,0.0770035564923285,0.1576622636764453
0,0.1146114916601542,0.1099778728253629,0.0981650250826949,0.099469278120976,0.0902504814518506,0.0260180995475113,0.168552036199095,0.0622171945701357,0.3110859728506787,-1.6808672687266015,0.0439721382608045,0.1398338342853193
0,0.0890999099088121,0.0870917471385315,0.0841270755465452,0.0805523821376969,0.0745552911485832,0.0057236304170073,0.0474243663123466,0.0425183973834832,0.1471790678659035,-1.5840080162384842,0.0268993308766078,0.1375016815078247
0,0.0844593731071376,0.0868951596829079,0.0796310743517619,0.0783681199311318,0.0690265641845586,0.0098859315589353,0.0319391634980988,0.0288973384030418,0.1110266159695817,-1.487702580432029,0.0694745426129087,0.1228906394449886
0,0.0940084777505598,0.087259458245842,0.0820481910315241,0.078865502199322,0.0750231008372576,0.0064516129032258,0.0569892473118279,0.0247311827956989,0.1451612903225806,-1.5192450175080527,0.0659491591964608,0.1458050964282306
0,0.1033832475060274,0.0996107902420793,0.0902742270383575,0.0851782817724832,0.0854761974634428,0.0142045454545454,0.0615530303030303,0.043560606060606,0.1714015151515151,-1.48078565029248,0.0805729410765415,0.1597672043258304
0,0.094938171219749,0.0834916117247238,0.0847910476943088,0.0835981288682856,0.0698969672185469,0.0169491525423728,0.0338983050847457,0.059322033898305,0.1779661016949152,-1.174324509777927,0.0462220865145985,0.0990601965746547
0,0.1053204559414271,0.0844037979915674,0.0815153527659531,0.096635856546067,0.0594753279566675,0.0,0.0625,0.125,0.1875,-1.9074658634022923,0.0196570709498658,0.0722010851521961
0,0.0286397757977476,0.0274418422689135,0.022164355697604,0.0268591427982983,0.0233260320873172,0.0,0.0092165898617511,0.0046082949308755,0.0,-1.5673101697810563,0.0301846278627276,0.2488586512692178
0,0.1043670290993651,0.102116643409959,0.0958700995993486,0.0943293297235633,0.084431319596176,0.0310734463276836,0.1468926553672316,0.0564971751412429,0.2344632768361582,-1.1753671623256807,0.111481792138278,0.1286025885879784
0,0.0915447686918306,0.091296022736512,0.0836639463933501,0.0796254611583887,0.0751443178038214,0.0049668874172185,0.0711920529801324,0.0629139072847682,0.2549668874172185,-1.5024795368097352,0.0551246049623022,0.1079198487875907
0,0.0941988502827259,0.0903223255174595,0.0849875841165971,0.0857822879122669,0.0705904132009763,0.0093109869646182,0.0428305400372439,0.0204841713221601,0.1098696461824953,-1.3572100432950165,0.10396544937078,0.102157199209013
0,0.1017403091354151,0.097347982036006,0.0889344335048936,0.0854561773009414,0.0866386672077175,0.0314106225014277,0.1016561964591662,0.0719588806396345,0.2598515134209023,-1.386374643149204,0.0842575120673649,0.1400495697454462
0,0.0896166555429675,0.0898466334605732,0.086175301692808,0.082830549450088,0.0750585023512553,0.0049751243781094,0.1243781094527363,0.0646766169154228,0.1741293532338308,-1.3404831336926133,0.0871663506687564,0.1145077257755852
0,0.1055657956351756,0.1026916482216046,0.0950132293127742,0.0913480488727637,0.0855721076668782,0.0394736842105263,0.2434210526315789,0.1118421052631579,0.2960526315789473,-1.4838064219481673,0.0602238124562804,0.1645403232441846
0,0.0991145027635545,0.1059203909595019,0.090706079155939,0.0953068805611943,0.0788605982971634,0.0519480519480519,0.1731601731601731,0.0432900432900432,0.1688311688311688,-1.7241568765974131,0.0301838914260236,0.1175033040338167
0,0.1103258959527316,0.1137472491913718,0.1012729786614497,0.09867781976104,0.0906122655830488,0.067591763652641,0.2211280214861235,0.072515666965085,0.4758281110116383,-1.463442579241629,0.0682120671022682,0.1343070210811451
0,0.0961364913209026,0.09244871845072,0.0874793538353712,0.0829170604995926,0.0735489816949086,0.0129032258064516,0.0387096774193548,0.0709677419354838,0.2387096774193548,-1.448695524206017,0.0084042985803664,0.1101148411448887
0,0.101870511698881,0.0971499350259264,0.0896900575237713,0.085958270231271,0.0817336976962485,0.0210526315789473,0.1197822141560798,0.0373865698729582,0.1876588021778584,-1.4854461118694222,0.0770426254390311,0.1343045241949292
0,0.0900331362505516,0.0844331481152944,0.0808005342410163,0.0776502993259659,0.0731770462075217,0.0141843971631205,0.0439716312056737,0.0368794326241134,0.1120567375886524,-1.8165297816217856,0.0188621787644879,0.1316725608161802
0,0.1123330892799027,0.1070148450682677,0.0966726468966398,0.0924818891439426,0.0922833581882496,0.0848214285714285,0.3638392857142857,0.1875,0.7767857142857143,-1.637305699481865,0.0673575129533678,0.1084728271693959
0,0.1078482901103136,0.101562495883373,0.0885776062060968,0.0887248801334842,0.0848482769409782,0.006060606060606,0.0848484848484848,0.0181818181818181,0.1878787878787878,-1.4232019779213247,0.0964638116932764,0.1275246137731142
0,0.0796410026053703,0.078308690523056,0.07793784932404,0.0724142764090796,0.0695714572826092,0.0099378881987577,0.0385093167701863,0.0236024844720496,0.1826086956521739,-1.334331344972447,0.1091575238704907,0.1511435128365839
0,0.1019162829592461,0.0959552218365863,0.0880157379985541,0.0877094498548915,0.0752646305036638,0.0158415841584158,0.0811881188118811,0.1405940594059406,0.4,-1.7035076368835311,0.0378313863840936,0.0979252402170494
0,0.0902063338975967,0.086543865273166,0.0825073988974767,0.0781352889409116,0.0749706010203183,0.0101674641148325,0.0708732057416268,0.041566985645933,0.1857057416267942,-1.5153181604487622,0.0619316643573021,0.1458356742851135
0,0.099353904873191,0.0883896297888742,0.0836644984873729,0.0795953389575279,0.0790051844355002,0.0111368909512761,0.0754833720030935,0.0309358081979891,0.1435421500386697,-1.5926932756545988,0.0536480398491669,0.1177829294254736
0,0.1074387629374516,0.1126821790608075,0.0981257111415264,0.0929668120152195,0.0836058312430062,0.0152542372881355,0.0915254237288135,0.0322033898305084,0.2,,,0.152693556414885
0,0.0903188182410389,0.0843561278985051,0.0809635065292031,0.0785983480566975,0.0727128715000617,0.0043165467625899,0.0604316546762589,0.0359712230215827,0.1237410071942446,-1.5725927798704746,0.055190207986907,0.1304078246358851
0,0.0861644957893699,0.0863563701715278,0.0820165375194505,0.0819041580380372,0.0704185651717894,0.0140056022408963,0.0624249699879951,0.0436174469787915,0.2236894757903161,-0.4650258997630684,0.1129103326751938,0.1057001182473983
0,0.0953635962569555,0.0951179859743775,0.0855090118264381,0.0850950115587003,0.0734929018073519,0.0127314814814814,0.0578703703703703,0.0891203703703703,0.2048611111111111,-1.6421045138414831,0.0372187377343943,0.0850480524572834
0,0.1035470678815557,0.0961291876947556,0.0869679028441474,0.0826229440350535,0.0822256188851773,0.002537151141718,0.0442189198985139,0.0250090612540775,0.1783254802464661,-1.478519807655423,0.0699218889232907,0.146318822192466
0,0.0991509574360138,0.0930535424281863,0.0868496784721628,0.0817766388983922,0.0821919183788517,0.0226986128625472,0.1097099621689785,0.0592686002522068,0.2786885245901639,-1.3343216499887085,0.0884566900506874,0.1263033934178413
0,0.0885963375850137,0.0828624835972089,0.0847081380870953,0.0752686508458545,0.0677995711762484,0.0059171597633136,0.029585798816568,0.0532544378698224,0.2840236686390532,-1.45677557549036,0.0522909979512847,0.1636278929229692
0,0.096719294238479,0.0908963944818163,0.085190055867381,0.0805780040707536,0.0808042019488688,0.0093365117203019,0.0585021851410409,0.0366507747318236,0.134088200238379,-1.3414766178975217,0.1072765497599297,0.1199145882684118
0,,,,,,,,,,,,
0,0.1040064499438379,0.1090604530793278,0.0947058433207152,0.0971408191170545,0.0877406071403606,0.0144557823129251,0.08078231292517,0.026360544217687,0.1564625850340136,-1.315968626168677,0.1007406575508862,0.1566688519955034
0,0.0830688325469373,0.0762929065050317,0.0784553555673319,0.0774436161046533,0.0744357893458361,0.0096153846153846,0.0384615384615384,0.0384615384615384,0.1634615384615384,-1.2053899404127917,0.0579186244789703,0.1319831245317574
0,0.1065544320346588,0.1094787336781819,0.0904307797237962,0.088864259380013,0.0808588405624063,0.0115902964959568,0.0935309973045822,0.0312668463611859,0.2609164420485175,-1.7572707316173717,0.0645273986913829,0.0857994103692036
0,0.0976688422249864,0.0963206837707219,0.0830819713470329,0.0868967134411695,0.0794689803882536,0.0346534653465346,0.1287128712871287,0.0346534653465346,0.1534653465346534,-1.5743978461121209,0.0743505948178588,0.0982045418087731
0,0.0935714757958179,0.0806402586013654,0.0794091087682957,0.0782762462114221,0.079438297404543,0.0,0.0652173913043478,0.0108695652173913,0.0434782608695652,-1.238609386240573,0.0936182674640372,0.1163507761486168
0,0.1052363843277993,0.1002879875167453,0.09103666751063,0.0899023708165325,0.0845886842402612,0.0232774674115456,0.1403631284916201,0.0682029795158286,0.2877094972067039,-1.7367999625436132,0.0423001482428258,0.1343818065111832
0,0.0972669665718456,0.0991648429600973,0.0939554545658565,0.0945881683235295,0.0788890129346747,0.0547169811320754,0.0928721174004192,0.0563941299790356,0.2735849056603773,-0.8472034651481324,0.0570548041079616,0.142813269987328
0,0.0929656428556163,0.0883195312464737,0.0833408331257284,0.081261369298716,0.0799947578390704,0.0065359477124183,0.0718954248366013,0.0522875816993464,0.3464052287581699,-1.4924150727095102,0.0598245671000345,0.1367329168055157
0,0.1053094665303571,0.1076562877430437,0.0926142043981224,0.0942624593889397,0.0857514130006029,0.041267942583732,0.1079545454545454,0.0403708133971291,0.2191985645933014,-1.5208163691579872,0.0565489740346202,0.1319753965802568
0,0.0959102700785477,0.0964259718391151,0.0851673868954596,0.085845152609898,0.0814611149504581,0.0078947368421052,0.0482456140350877,0.0162280701754385,0.1100877192982456,-1.5321648489841362,0.0603832141790064,0.1397981819497712
0,0.0977411697672165,0.0953200286119782,0.0897026595876241,0.0883692497067269,0.0822793574187508,0.0242950108459869,0.0911062906724512,0.0420824295010846,0.1783080260303687,-1.4264256181342725,0.0622826872625522,0.1191550976528231
0,0.0981853502467622,0.1003784795641874,0.0895989263563424,0.0888548737501162,0.0811783493133969,0.0106500183621006,0.0613294160852001,0.062798384135145,0.307014322438487,-1.3718504336850803,0.0443536504815017,0.0862871437527186
0,0.0952985176946065,0.0875765551159096,0.0812494724437199,0.0795431803147845,0.0722301689062283,0.0192307692307692,0.0737179487179487,0.0224358974358974,0.0897435897435897,-1.495191879152193,0.0825323890508746,0.1269582398250463
0,0.0939100076019875,0.0992426002104101,0.0907214238485101,0.092951710041326,0.0754348654222227,0.037037037037037,0.0629629629629629,0.1074074074074074,0.3074074074074074,-1.1857576345873329,0.0812850585269502,0.0734987293061122
0,0.0833426052485265,0.0796925092933821,0.0703815769059972,0.0706973736064385,0.0690330054705462,0.0029154518950437,0.0174927113702623,0.0087463556851311,0.0349854227405247,-1.3633537802427314,0.0742393169385887,0.1383125178728509
0,0.1050982707537933,0.1046501143896772,0.0925713709933816,0.0891138751942636,0.0856400005254606,0.0384615384615384,0.1153846153846153,0.032051282051282,0.1698717948717948,-1.6181879622281392,0.0592775120710971,0.163049168597155
0,0.1040551878200789,0.1044694721083366,0.0976513517801457,0.0931011631204242,0.0880515863836483,0.0278010617490919,0.1423582006146968,0.0917854149203688,0.3070690136909751,-1.5142687950629388,0.0622991160405272,0.1416518233787998
0,0.0943416267582847,0.090446378853672,0.0835618290738213,0.082937376256241,0.0778978711472855,0.0047923322683706,0.0447284345047923,0.0527156549520766,0.1070287539936102,-1.48739397361664,0.058301468492976,0.1175666470888496
0,0.1053191570779287,0.1108721507485277,0.0926645418706312,0.0928316778301019,0.0848298268069502,0.019047619047619,0.1666666666666666,0.0476190476190476,0.2,-1.4242610274048106,0.0577617712945704,0.1188071608361795
0,0.0971395019946599,0.0973347624392129,0.090086184183858,0.0872178762843646,0.0842473650410294,0.0361344537815126,0.1966386554621848,0.0831932773109243,0.2747899159663866,-1.448602223393315,0.0805782995319095,0.1477127072373508
0,0.0876767310195508,0.0779093509996035,0.0762934425475751,0.0715263386160356,0.0691779608306888,0.0049504950495049,0.0528052805280528,0.0132013201320132,0.1254125412541254,-1.460104467302145,0.0579756043483148,0.138908510642197
0,0.0986722906087097,0.0943574677211712,0.0874206910006244,0.0816500854478199,0.0798604279630141,0.0100286532951289,0.1275071633237822,0.0959885386819484,0.3624641833810888,-1.349176792835313,0.1159556310520603,0.1279218624558859
0,0.1044479648711599,0.103225841791345,0.0936084128273211,0.0923980158811264,0.0857667069643635,0.039526921879863,0.1157796451914099,0.0454403983815748,0.1938997821350762,-1.4781826888622691,0.071505865032666,0.1342924288841449
0,0.1034057470784579,0.0972868936838372,0.0874283685999631,0.085008032705352,0.0838638759116964,0.0365239294710327,0.22544080604534,0.0856423173803526,0.4238035264483627,-1.3226676124807455,0.1088782899048997,0.1080349900959281
0,0.1036861776856775,0.1020900779005284,0.0930342739683109,0.0910367810855898,0.0790652109311035,0.0516372795969773,0.163727959697733,0.0604534005037783,0.4294710327455919,-1.4347563546558333,0.0601158601637327,0.0933956556195236
0,0.0942286191038696,0.0939265956318953,0.0855634304350458,0.0843123112331034,0.0785152993120422,0.0172413793103448,0.0919540229885057,0.1091954022988505,0.2011494252873563,-1.51632587362603,0.0735419511837601,0.1138749194748537
0,0.0901624262557861,0.0949952343936322,0.0862443582718053,0.085114240317878,0.0785895696062414,0.0134512392576908,0.0666334537302279,0.030514385353095,0.1387470419728484,-1.3414663833502474,0.1029533618950512,0.1386719329104321
0,0.0944875125940862,0.0906531934326437,0.0850904560540891,0.0821192655183147,0.0765020044236987,0.012539184952978,0.0695924764890282,0.0369905956112852,0.1592476489028213,-1.5677097594765217,0.0717912394985624,0.1280171200598559
0,0.0982042636088686,0.0968031284536704,0.0891926979757511,0.0858884834071114,0.0821621450509803,0.021030494216614,0.1111111111111111,0.0422946605911905,0.2972309849281458,-1.468785276761357,0.0746824031787068,0.1269496264746066
0,0.0940450272770977,0.1013551671726615,0.0865346344036961,0.0807420975965261,0.0908509063749074,0.0,0.1304347826086956,0.0434782608695652,0.217391304347826,-1.0808211103630978,0.2043406449171624,0.1398854985600696
0,0.0951882201645675,0.0892356801788639,0.0844231105732684,0.0786272523624779,0.0772145741267229,0.0078328981723237,0.0704960835509138,0.0413402959094865,0.1688424717145343,-1.3200515565834243,0.0612690576397039,0.1430661647726867
0,0.0985288939163709,0.1010185286356067,0.0920517416763436,0.0907294789923015,0.0822737023563982,0.0116350275566442,0.071341090018371,0.0367421922841396,0.153704837721984,-1.689380845069049,0.0532325216276399,0.1087562751099752
0,0.0999250555058988,0.1046022812930505,0.0924620279988105,0.0933691540622385,0.0838735066407887,0.0242774566473988,0.2011560693641618,0.0716763005780346,0.3699421965317919,-1.4926970722738429,0.0869889876844212,0.129781434934753
0,0.1121075485205983,0.0993590037571294,0.0957724845249404,0.1011367479141316,0.0797189444809499,0.008,0.0632,0.0288,0.0936,-1.171290771233195,0.1504917957294148,0.1093135660123161
0,0.0966746964444801,0.0931336151100877,0.0881053442075422,0.0862048751663547,0.0796692330408361,0.0189393939393939,0.0911195286195286,0.0448232323232323,0.2171717171717171,-1.4255011135278737,0.0623379572274307,0.1252088002397351
0,0.1020964855184562,0.0961202326746426,0.0895227641457603,0.0878530740945701,0.0814537453203676,0.0180921052631578,0.0904605263157894,0.09375,0.2023026315789473,-1.2054585038074397,0.0715945933125177,0.1193516815473715
0,0.0879010627823675,0.0878739440056692,0.0848379113775602,0.0859370798438619,0.0648809133066694,0.0,0.065359477124183,0.0326797385620915,0.2287581699346405,-1.4897134558548175,0.0482067937940031,0.0810248422697013
0,0.0905214905798479,0.0823454391491933,0.0768612444443338,0.0747117556625018,0.0698834124618759,0.0071428571428571,0.05,0.0571428571428571,0.1714285714285714,-0.8656926670764191,0.068204883854727,0.0992924623605058
0,0.1073099964579101,0.1049952689298642,0.0912293084638221,0.0975154759212943,0.0897667352830646,0.0434782608695652,0.1739130434782608,0.0434782608695652,0.3043478260869565,-1.432136531432892,0.0985842431952989,0.1660808974209664
0,0.0973454182446951,0.0919888849624769,0.0842646520023839,0.0819770346612814,0.0809218156013043,0.0578512396694214,0.0991735537190082,0.0495867768595041,0.0991735537190082,-1.3437780136117812,0.0828982935807822,0.1655194226238134
0,0.0957621787761807,0.0897325690765155,0.087100806535922,0.0825677830144591,0.0760523541217064,0.0136986301369863,0.0410958904109589,0.0513698630136986,0.1335616438356164,-1.4724335638087045,0.0886752142683179,0.114348019608405
0,0.0922218304402986,0.091186757266286,0.0894685519123876,0.0815351652989149,0.0805761668575086,0.0227670753064798,0.1336835960303561,0.1144191476941039,0.3534734384121424,-1.215897582581036,0.1243190682866703,0.1775599440524595
0,0.1011190274460124,0.1024156827145999,0.0901193037450481,0.0899227709252736,0.083125313890522,0.0169642857142857,0.0919642857142857,0.05625,0.2589285714285714,-1.2687430100490402,0.0317736974384566,0.0805353568305483
0,0.1036552023168548,0.1071637464498965,0.0975108007857519,0.092247918469769,0.0879665049950079,0.0155945419103313,0.1189083820662768,0.0175438596491228,0.1968810916179337,-1.508573508843712,0.0676067048623653,0.151625862620008
0,0.0720992293769004,0.0743047238772528,0.0749902426937119,0.0726345958414227,0.0586426499026759,0.0,0.0292397660818713,0.0058479532163742,0.0526315789473684,-1.4628420719212192,0.0863660005657157,0.140041939800091
0,0.0909821285506099,0.0919767102210495,0.0821306570082574,0.0833389915364479,0.078789709939322,0.0144927536231884,0.0434782608695652,0.0579710144927536,0.2028985507246377,-1.4257072053428257,0.0956677773930358,0.140006166866919
0,0.1007059476734131,0.1035036539159032,0.0935451933540221,0.0907920054898266,0.0854468050496457,0.0333333333333333,0.1484848484848485,0.1121212121212121,0.2696969696969697,-1.5559214821356633,0.0532321973046237,0.0932298726382458
0,0.1028037313911892,0.1025661419527763,0.0912133088311657,0.0913621197929693,0.0852668960801167,0.0421492310613252,0.1854945889500664,0.0835390165179419,0.3098538067210936,-1.2774160579027165,0.1209340427856638,0.118031389713414
0,0.0891997259874942,0.0854455435481237,0.0808096022426575,0.0766237072537171,0.0743937596048979,0.0032324419629738,0.0661181310608286,0.0587716720540699,0.1301792535997649,-1.4797193727288764,0.074170512693518,0.1247368080177776
0,0.0939755643610539,0.0883196811299208,0.0834910353291497,0.0781653660841331,0.0751260011551386,0.0043052837573385,0.0379647749510763,0.0172211350293542,0.12133072407045,-1.6186338993464848,0.0499601528442372,0.1451654301585995
0,0.1125337676999424,0.0894188246337957,0.0927939528356822,0.077892402302715,0.0844355365874477,0.037593984962406,0.150375939849624,0.1729323308270676,0.7218045112781954,-1.0256974546354,0.1745119153704907,0.1293105270608344
0,0.0924736331252879,0.0870785509208534,0.0799628581424991,0.0785697099340094,0.0732509151887386,0.0026455026455026,0.0767195767195767,0.082010582010582,0.2037037037037037,-1.4993380322206509,0.055363167649533,0.1046456220251313
0,0.0918926380508447,0.0916239661112244,0.0867210195144534,0.0864060539134339,0.079131171830619,0.0418671799807507,0.2088546679499519,0.1621751684311838,0.2853705486044273,-1.648860359713887,0.0461358421757205,0.0998435877624677
0,0.0973285124561443,0.0789853543738073,0.0767690978695655,0.0736730703432334,0.0768724808382315,0.0131578947368421,0.0263157894736842,0.0394736842105263,0.0921052631578947,-1.468767035771101,0.0857312414475105,0.1436912530593435
0,0.0963002306195758,0.0982199269103235,0.091092871362198,0.0871423353277277,0.0800250307155295,0.008714596949891,0.1002178649237472,0.0283224400871459,0.1111111111111111,-1.3140874243537295,0.0722379778294656,0.179693480250975
0,0.0992984516748727,0.0950259818274029,0.088888145647368,0.0844256138160456,0.0811783057426128,0.0173783515392254,0.0670307845084409,0.0819265143992055,0.2363455809334657,-1.4355856666114355,0.0659850485444894,0.1006400648028482
0,0.093320168370648,0.0921388376567459,0.0844385520682399,0.080571131795309,0.079596022753229,0.0271370420624151,0.0963364993215739,0.0909090909090909,0.189280868385346,-1.2742388402000249,0.1335383126119465,0.1716634870013214
0,0.0895774756885846,0.0896197210268159,0.0841644570513645,0.0790356293213998,0.075920647459635,0.03,0.07,0.02,0.09,-1.4692102693963385,0.0622504935803942,0.1168366453739722
0,0.0887816673738594,0.0856233743290564,0.0782311599950454,0.0764966873725798,0.0740486533102513,0.0072609923356192,0.0494150867285195,0.0227914481645824,0.1070996369503832,-1.5841599855375927,0.0531949907735878,0.150915875534982
0,0.1013873451018659,0.1015746946645349,0.0904564646556201,0.0875680726825704,0.0814007035819011,0.1904761904761904,0.6666666666666666,0.0238095238095238,0.119047619047619,-1.4379110280612737,0.0609685067553914,0.1995214789661878
0,0.0883640408979354,0.0859937104563677,0.0815239847540727,0.0787861880666022,0.0713526160591442,0.0121911037891268,0.1196046128500823,0.0283360790774299,0.2276771004942339,-1.7538003352583014,0.0270671998279379,0.13972476346274
0,0.1061093601321893,0.1046347858275977,0.091902022428095,0.0937957817337977,0.0848256186618823,0.0386597938144329,0.1513254786450662,0.0463917525773195,0.3188512518409425,-1.4996835927065753,0.0733873844330599,0.1418340403540061
0,0.0948907070145362,0.0978465866075405,0.0909001376970818,0.09334752456714,0.0748458532350119,0.0140845070422535,0.0422535211267605,0.0422535211267605,0.1408450704225352,-1.5707934486639934,0.0702653073024392,0.1097213564023988
0,0.0922350806749408,0.0890097726777165,0.0814757183825276,0.0796255577131664,0.0782678227869569,0.0068027210884353,0.0476190476190476,0.0136054421768707,0.1904761904761904,-1.3117662787191122,0.050796499197148,0.1278288649506992
0,0.0939217564329221,0.0929698175736724,0.0864477882115932,0.0844308625199465,0.0806485232967932,0.0366197183098591,0.1259557344064386,0.082897384305835,0.3014084507042253,-1.3266351280855613,0.0838110738986443,0.1303850646827386
0,0.1010640174585198,0.1032589534621851,0.0905824918809083,0.0902961887404658,0.0835886478532848,0.043103448275862,0.1896551724137931,0.1293103448275862,0.4913793103448275,-1.6373413116311728,0.0497932107026843,0.0963818902132155
0,0.0982519569843914,0.099871907059789,0.0890888196286754,0.0895936743821628,0.0823995218228276,0.0712074303405572,0.1950464396284829,0.1114551083591331,0.56656346749226,-1.4794035754057169,0.0797667870255597,0.1140314741147678
0,0.0976159792479513,0.0955854984495989,0.0871313461847894,0.0853852851327095,0.0806323114863049,0.0100502512562814,0.0469011725293132,0.0418760469011725,0.1072026800670016,-1.3951863730615663,0.0887839280313624,0.138235872016381
0,0.1035139979992548,0.0914906962974781,0.0820904032561967,0.0831633320421144,0.0768866715095821,0.0303030303030303,0.0909090909090909,0.1212121212121212,0.6666666666666666,-1.652023414742164,0.0388558793574444,0.149676257233616
0,0.1043599814287951,0.1089669520892099,0.0916486344015542,0.0896346254440908,0.0823180869759621,0.0,0.1176470588235294,0.0,0.3529411764705882,-1.637305699481865,0.0673575129533678,0.0637425275541748
0,0.0942500997999701,0.0877023767744066,0.0831812746135478,0.0792604000295535,0.0737480156823094,0.0035030359645025,0.0635217188229799,0.0322279308734236,0.1265763661840261,-1.7189821120844415,0.0311655384895397,0.1024072479171623
0,0.0993857789580448,0.0932001741769603,0.0856067077314718,0.0817942115548897,0.0801322911238358,0.0231578947368421,0.0919298245614035,0.1487719298245614,0.2245614035087719,-1.426870140051864,0.0570997128227679,0.1393467578139147
0,0.0795278063991408,0.0772279110754157,0.0702424028784198,0.0688653903477149,0.0649348275551226,0.0137656775772407,0.0418068726419904,0.0292648108493932,0.1394921994493728,-1.3454953902067788,0.1074782701832855,0.1237370687188211
0,0.0945534671085535,0.0929378025314257,0.086272334792702,0.0813230538156177,0.0793605681819889,0.0130494505494505,0.0776098901098901,0.0332613814756671,0.1531593406593406,-1.5996070727039629,0.0567255375680654,0.1417963406886352
0,0.09683333281779,0.1042744839928876,0.0940635412120163,0.0984333619424703,0.0794532839651161,0.0177357375110848,0.0916346438072716,0.0431569612769731,0.1761749926101093,-1.486897618491866,0.1031080471289303,0.1405318892939806
0,0.0944714707324784,0.0953486725812967,0.0901608669068066,0.0874022234633283,0.0774539699442643,0.0111940298507462,0.0783582089552238,0.1007462686567164,0.25,-1.2972765936156414,0.0911448271793278,0.1101523293462629
0,0.0979942101573232,0.0993666902598997,0.0913315387078605,0.085616317522067,0.0826887206980887,0.0099328859060402,0.1068456375838926,0.0437583892617449,0.2067114093959731,-1.216224132551008,0.1960979426518227,0.1518593781452258
0,0.0855249256528957,0.0886166079147747,0.0871464292815684,0.0791788211608817,0.0752514755115904,0.0,0.0,0.1818181818181818,0.4545454545454545,-1.6149307815557217,0.0542643837818283,0.0852402559464227
0,0.0965533268367842,0.0937023437592307,0.0924667004029457,0.0850474690799707,0.0822665534853652,0.0,0.0394736842105263,0.0657894736842105,0.2236842105263158,-1.4734140095730806,0.0557401239954846,0.1273609609238955
0,0.0932426155855152,0.0933298690394261,0.086360893141401,0.0843130814522005,0.0755238020906542,0.0112201963534361,0.0673211781206171,0.0364656381486676,0.1893408134642356,-1.5400957503632922,0.0691753748878003,0.12640679511119
0,0.1002977246286407,0.0965180843104889,0.0893589842235671,0.0843324609054095,0.0837673694055516,0.0384212794778646,0.1554091496829013,0.1318268579520965,0.3266424481251154,-1.728703576653221,0.0240792001220817,0.1564545684881499
0,0.0921501413593293,0.0985713805431378,0.086110676084651,0.0878264806795094,0.0794754678986493,0.0,0.4333333333333333,0.0,0.1666666666666666,-1.6311707612222603,0.0675802596277975,0.0762917986163862
0,0.0909636201564876,0.0879233554032434,0.0801892663593657,0.0787834118659431,0.0756247057770456,0.0056433408577878,0.0383747178329571,0.0214446952595936,0.118510158013544,-1.3984344648904496,0.0864944067143691,0.1075799983537448
0,0.0978829799199173,0.0938780286496418,0.0867548137267845,0.0839738146820384,0.0789491285806707,0.0087719298245614,0.1359649122807017,0.0453216374269005,0.2777777777777778,-1.0221918297889885,0.0717890946605624,0.1125212701871268
0,0.0933541137838921,0.0917439434559072,0.0836623607914594,0.0815056649153202,0.0744047174417019,0.0019120458891013,0.017208413001912,0.0133843212237093,0.1644359464627151,-1.604499361182416,0.0400320226817918,0.0692034413555573
0,0.1000267860763755,0.0987916298417364,0.0863981878616295,0.0886200875855496,0.082242747404561,0.0234741784037558,0.1103286384976525,0.0446009389671361,0.1690140845070422,-1.600955895813568,0.0600793881663249,0.1197042229189651
0,0.0955294042903434,0.100350355403765,0.0898772878354557,0.0933660861495997,0.0787083560795509,0.0,0.0109890109890109,0.0329670329670329,0.2197802197802197,-1.4807491328926834,0.0703068214998301,0.1497832345160029
0,0.1022212291793366,0.1049705628231399,0.0948758036894316,0.0931528191142848,0.0875345394692954,0.052559257986946,0.2854689110271384,0.0790106492614221,0.3363105462040536,-1.5118429695822375,0.0653918552465089,0.1308287497497524
0,0.1053342430093182,0.1000589901743858,0.0857663176677786,0.0846897005322547,0.0831909944560925,0.0391566265060241,0.0893574297188755,0.0461847389558232,0.2198795180722891,-1.567704420368656,0.0563231222850075,0.1264436917945958
0,0.0941137715460351,0.0965722623387349,0.0903480748736281,0.0908912166063346,0.0769833615709729,0.0,0.0833333333333333,0.2037037037037037,0.3425925925925926,-1.6322317604490455,0.0311924481145002,0.1110520304661541
0,0.0965486132700692,0.096922448129498,0.0892703673259506,0.0881125159184275,0.079307735092195,0.0229956494717215,0.1317588564325668,0.055313859540087,0.3206960845245494,-1.5465823445417428,0.0603810238780185,0.1382288606994413
0,0.0979937091686284,0.1015052400680619,0.0931340038646879,0.0913608411317294,0.0851978541163224,0.0470286885245901,0.3177254098360655,0.0652663934426229,0.3912909836065574,-1.4594620702127432,0.065492895704216,0.2568421631275337
0,0.1038451585362087,0.1030257649042065,0.0938046037519332,0.0920688337475923,0.0861797806145067,0.017391304347826,0.1217391304347826,0.1043478260869565,0.3478260869565217,-1.723391019421892,0.0424052449464005,0.0863889957115048
0,0.1020364283792535,0.1017634642810012,0.0925928832388288,0.0913125937812368,0.0840921911932254,0.0431394377957138,0.20456443083774,0.094350125243529,0.4191483440022265,-1.5010729135149774,0.0705635406736323,0.1411001962183221
0,0.0937290560759983,0.0910582362126919,0.0838517998373793,0.0839000690443528,0.078442595757874,0.0142276422764227,0.0792682926829268,0.0284552845528455,0.1565040650406504,-1.3215979841509775,0.1509027999498318,0.1466108272955546
0,0.0972924482570694,0.0916070050729276,0.0882161074733521,0.08265935979479,0.0797211928176171,0.0101010101010101,0.1245791245791245,0.0454545454545454,0.202020202020202,-1.2498880652354678,0.0677407100714249,0.126692951220653
0,0.0974518796780979,0.0894457026284333,0.085744717721177,0.0842561656738317,0.0769807056123599,0.0209003215434083,0.0570739549839228,0.0241157556270096,0.1109324758842443,-1.1277796191825928,0.1199354789093641,0.1312541641500815
0,0.084746444682482,0.0774143989141517,0.0728595729201933,0.0696760881715668,0.063688851132243,0.0224719101123595,0.0898876404494382,0.0,0.1685393258426966,-1.4809973329486938,0.0867775988730073,0.1342239143869122
0,0.1012502957780507,0.1007447367374565,0.0915309476695443,0.0874277453878474,0.0826651979814209,0.0307813733228097,0.0955011838989739,0.0836621941594317,0.3693764798737174,-1.534428807343954,0.0632086029873337,0.1055616891536194
0,0.0790850376148442,0.0784907394900739,0.0742448671715676,0.0693388207439417,0.0644712121483427,0.0024752475247524,0.0366336633663366,0.0195544554455445,0.1086633663366336,-1.310439945065385,0.1071828571844825,0.1451772194634415
0,0.101713494265206,0.0989511786934962,0.0923980218978111,0.0887763513028128,0.080689612852849,0.0,0.0897009966777408,0.0365448504983388,0.2425249169435216,-1.3947047407142792,0.0880795857448357,0.1177349153196576
0,0.1043602102211935,0.1007405305957299,0.0913629513968723,0.0893288159309596,0.0844651627464248,0.0296981499513145,0.1051606621226874,0.0452775073028237,0.2069133398247322,-1.449289698193064,0.0784852903436899,0.126821158669252
0,0.0956385798458999,0.1000038170793648,0.0895090536011865,0.0885767551714661,0.0810587782464044,0.0179372197309417,0.0863228699551569,0.0437219730941704,0.2589686098654709,-1.368145068707447,0.0769614850381228,0.0707950403837441
0,0.0926166675625678,0.0918233837332384,0.0848417165191626,0.0862693584408217,0.081175532305206,0.0103420843277645,0.1153540175019888,0.0350039777247414,0.1463802704852824,-1.207630892539465,0.0792850230824654,0.1535895479107431
0,0.0998365587966111,0.0877393333024569,0.0880536984614122,0.0872486436979659,0.0740740124797174,0.0086730268863833,0.03122289679098,0.0945359930615784,0.2584562012142237,-1.2649403194520965,0.0940186640718391,0.0998877331361949
0,0.1081816767758554,0.11486754112502,0.0990103803010031,0.0942871173578882,0.084806822409114,0.0224719101123595,0.0861423220973782,0.1161048689138576,0.4307116104868914,-1.4630287120809111,0.0799948123039746,0.1302436344927117
0,0.1007069562213046,0.0960645968177061,0.0882563732325594,0.0859573393883802,0.0766192480792893,0.0163934426229508,0.0163934426229508,0.0655737704918032,0.1393442622950819,-1.7306054794928656,0.0491906096895891,0.102204535334542
0,0.0916906135356796,0.1000048016107834,0.0892204870936879,0.0883904072664872,0.0769518874908483,0.0462184873949579,0.0966386554621848,0.0546218487394958,0.2857142857142857,-1.506965606054324,0.0685702299743579,0.1645490891768097
0,0.0864643459703496,0.0835117305215066,0.0766498915605782,0.0768293738378247,0.0746548487309741,0.0119047619047619,0.0753968253968253,0.0357142857142857,0.1269841269841269,-1.3417239981002596,0.0558195576623424,0.1421026379905283
0,0.0995892972307204,0.0981140218633924,0.0873818224752096,0.0887401355417613,0.08416044281226,0.063063063063063,0.1351351351351351,0.09009009009009,0.1621621621621621,-1.657708802807666,0.0370731569100672,0.1112896700377746
0,0.1053819034522116,0.1002717036255063,0.0922971673544955,0.0897098661975148,0.0863539100409856,0.0333333333333333,0.1645454545454545,0.0995959595959596,0.2726262626262626,-1.3478724690419823,0.0546882583498273,0.1334257963214214
0,0.0948516446639369,0.0972173620289827,0.0869951316397015,0.0813325175314585,0.0841404833309857,0.0,0.0809523809523809,0.0285714285714285,0.1095238095238095,-1.3032112751148015,0.0875365771637793,0.1490720476855338
0,0.0981587241420323,0.0990062351063802,0.0880091591886771,0.0854677122084108,0.0803590863766302,0.0220289855072463,0.1628985507246377,0.0655072463768116,0.3727536231884057,-1.598346278574338,0.0537564974006153,0.1155368180558337
0,0.1012477706175637,0.0967059915274562,0.0877151806819253,0.0843165030205485,0.0829068231157731,0.0172029308697037,0.0770946161197833,0.0452373367314431,0.2128066263141127,-1.2127759778028118,0.1246691867469819,0.145664108077332
0,0.0976288442529159,0.0931967750792488,0.0832023612830133,0.0808493123459698,0.0768283764855334,0.0098814229249011,0.0652173913043478,0.0632411067193675,0.2114624505928853,-1.8484407642383869,0.0228257318479882,0.1066094587397855
0,0.1066112841969813,0.1127809221108784,0.0947189039719842,0.0931643307853167,0.0882914411333053,0.0472440944881889,0.1181102362204724,0.0314960629921259,0.3385826771653543,-1.713399863432666,0.0344166768937845,0.1106720907410434
0,0.1080548666353185,0.1063633465049948,0.0915271818764915,0.0900012732450235,0.0871158872883169,0.0389863547758284,0.0760233918128654,0.0428849902534113,0.189083820662768,-1.3303466263324193,0.121270337991085,0.1449791096257022
0,0.0838666275180966,0.0783560204456536,0.0757630976018444,0.074163110132362,0.0676342009955275,0.0055478502080443,0.0790568654646324,0.0124826629680998,0.0846047156726768,-1.446900537648776,0.0457924812369774,0.1353467011201328
0,0.1101137218076188,0.1025769297886105,0.0919480906456684,0.0895855139541637,0.0858458822997366,0.0253795603897575,0.1316564695218672,0.0926807160661681,0.3505551778835259,-1.4287811327251336,0.099005894645297,0.1322559679929354
0,0.1046273482037601,0.0867655572878909,0.0887017142513029,0.0782687325557178,0.0820298634731289,0.0173010380622837,0.0484429065743944,0.0449826989619377,0.1245674740484429,-1.5201284429805648,0.0478331951622254,0.1146827646434941
0,0.0949759152156787,0.0988826305189726,0.0873787798190329,0.0890505750984534,0.0801015205149163,0.0101983002832861,0.0390934844192634,0.0311614730878186,0.1535410764872521,-1.44128140817496,0.0677408913697185,0.1147409588679373
0,0.096863687500484,0.1030336837668139,0.0913602563133183,0.0926965958613066,0.0814170910999534,0.0090293453724604,0.1241534988713318,0.0835214446952596,0.3340857787810384,-1.6058221041127227,0.0646653827992521,0.0898292772147496
0,0.1026771165611603,0.1100848152107337,0.0953773534407364,0.0954285900961039,0.0882439769159723,0.0,0.0,0.0625,0.5,,,0.0956010622965054
0,0.1083316075705196,0.1009265576281718,0.0921290101714496,0.0909893396361993,0.0867706027401412,0.0158024691358024,0.0893827160493827,0.037037037037037,0.1960493827160493,-1.4260058608008903,0.0931001862145485,0.1436299476604842
0,0.0882775371976353,0.0832565561301908,0.0795616347896714,0.0753397430902654,0.0733053917728873,0.0056650804441423,0.0546113754815318,0.0314978472694312,0.1359619306594153,-1.6924532078783925,0.0351129674221659,0.1177186811884215
0,0.0878231999738586,0.0955883032709522,0.0912221768347297,0.0906620554708693,0.0727802156557687,0.0,0.0845070422535211,0.1126760563380281,0.1830985915492957,-1.549418351885226,0.0660764813242809,0.1244810569539904
0,0.1023920495592049,0.1032166689067668,0.0929874905048961,0.0908782711867735,0.0861346741862966,0.0374302874302874,0.1727799227799227,0.0571643071643071,0.3879236379236379,-1.3587538062044409,0.1179962228209198,0.1576266905261693
0,0.0993082992488804,0.0975898348962274,0.0895047504544934,0.0859140230316661,0.0811721561276077,0.006256900993743,0.0607287449392712,0.0246595509753404,0.1133603238866396,-1.5210401377373204,0.0615402198965313,0.1495330768911068
0,0.0889297671889998,0.0826426343759004,0.0819706377287678,0.077225521833505,0.074483509569462,0.004524886877828,0.0452488687782805,0.0361990950226244,0.1809954751131221,-1.5445802655169536,0.0589432763054195,0.1171688428018732
0,0.0877430085119054,0.0870622198089752,0.0738141588964298,0.0712116974480744,0.0643230606886041,0.0,0.0545454545454545,0.0363636363636363,0.1454545454545454,-1.4311282948075448,0.0678356327604899,0.1007431315456317
0,0.0864662521013177,0.0805897938604655,0.0751999363713048,0.0732751398889263,0.0707703399661473,0.0108754758020663,0.030995106035889,0.0288200108754758,0.1005981511691136,-1.4346725156184608,0.0765573747161064,0.1216476292618676
0,0.0926267042762917,0.0877793114745383,0.0838551480831826,0.0835405583295919,0.0743413003213749,0.0149253731343283,0.0522388059701492,0.0298507462686567,0.25,-1.6598739147838657,0.0434581018354674,0.1032735723474961
0,0.1046038979522537,0.0981146692797847,0.088169844184501,0.0938692769577696,0.0864477956701083,0.0357142857142857,0.0892857142857142,0.1607142857142857,0.1071428571428571,-1.445499384345533,0.0807985808477335,0.1497729728896644
0,0.0968851189164729,0.0949974559092248,0.0899340898243626,0.0855003386772035,0.0785044700228184,0.0083270249810749,0.0832702498107494,0.0416351249053747,0.2255866767600302,-1.6181021282481152,0.0395475250532739,0.0990302538054466
0,0.0954396163998604,0.0987001718225247,0.0883439172826701,0.0875763748826836,0.0821494662165542,0.0192225544639043,0.1181119179837676,0.0326783425886373,0.2076035882101665,-1.4498987340225535,0.056316092848206,0.154092783666649
0,0.1095889621393552,0.1075808688918246,0.0959455100731892,0.0929977640751785,0.0901732516374709,0.0714285714285714,0.0892857142857142,0.0607142857142857,0.2821428571428571,-1.5143326702142077,0.0775395781656992,0.1320092542504689
0,0.0982325859220104,0.0980555268049037,0.0902430447419817,0.0884931733872896,0.0823433114944808,0.0167224080267558,0.0769230769230769,0.0568561872909698,0.2909698996655518,-1.4383937541200265,0.0418542245993212,0.0922392406984109
0,0.1064832616769532,0.0985543792574174,0.0937337554292997,0.0903592321915382,0.0896943756664792,0.05,0.1625,0.1375,0.2625,-1.4156127805839631,0.0607351011753467,0.1477186122162876
0,0.1010896232362197,0.0911296907354518,0.086223478405519,0.0856319718741261,0.078200715324259,0.0070082165297245,0.0572740454325761,0.0343160947317544,0.1271145480908651,-1.5292271760775846,0.0805493084114155,0.1374652351563023
0,0.0860236793866622,0.1123644390058568,0.0933726791829378,0.0945794041357835,0.0813232445593252,0.0332434860736747,0.0296495956873315,0.3522012578616352,0.1725067385444744,-1.7814312909966836,0.0298433766038145,0.086029789587962
0,0.1053614579428845,0.1081774089646848,0.0945380569501855,0.0934115676257695,0.0843792919075513,0.0187813021702838,0.1364774624373956,0.0396494156928213,0.2015859766277128,-1.0978475763213014,0.2162764667598322,0.1084136721406991
0,0.09594630330326,0.0928796120681472,0.0864592080464589,0.0872760870882784,0.0774434194660353,0.0170648464163822,0.0879787637466818,0.0375426621160409,0.1907470610542282,-1.5414981229899267,0.0634094383026142,0.1217627645574871
0,0.0991608232426995,0.0994844415490285,0.0898127883849636,0.0879180481015282,0.0796579760136272,0.008695652173913,0.0565217391304347,0.0217391304347826,0.2260869565217391,-1.346830314858006,0.0634703982799879,0.0926269815328196
0,0.0966087087734664,0.1021956529036032,0.0923646771921722,0.0919497929599338,0.081713887128034,0.0432489451476793,0.1223628691983122,0.0654008438818565,0.2732067510548523,-1.5102033174811735,0.0694452230762735,0.1233399399819775
0,0.1070433264278661,0.1027442443723395,0.0902913298454713,0.0874570706716941,0.0835301868166201,0.0167058209344818,0.0982772122161315,0.0421560950143565,0.2319237796919864,-1.4550616331247188,0.0920147299318439,0.1195339537871485
0,0.1039397196017008,0.1086550205107535,0.0967667269165845,0.0943486924978679,0.0868073257571112,0.0124309392265193,0.0856353591160221,0.0345303867403314,0.2113259668508287,-1.4977891853438543,0.057105602659531,0.1382350979284461
0,0.1019383800833273,0.1021820116379851,0.0883315462712303,0.0863176970275821,0.0789165272370541,0.0090016366612111,0.0540098199672667,0.0450081833060556,0.2054009819967266,-1.595693583177507,0.0681799843149971,0.1048268936587145
0,0.1039592222023592,0.0991682001606223,0.0896282326925951,0.0890723220471817,0.0801951074985594,0.0113293051359516,0.0808157099697885,0.0468277945619335,0.229607250755287,-1.5219564305611597,0.0544940055835593,0.1228025150805793
0,0.1015399003678,0.1070137434298039,0.0934380208167388,0.0933299470922574,0.0846434790916711,0.0193200539164295,0.0774299835255354,0.0437322150666467,0.1896061105286805,-1.6970836032455077,0.0326914848409107,0.1164984814153427
0,0.0858958393239688,0.0849654206705869,0.0812621210972951,0.0707097189394409,0.0704408409184469,0.0026315789473684,0.0289473684210526,0.0263157894736842,0.1447368421052631,-1.4435960947967736,0.069141051777915,0.0916324854263966
0,0.1031144086175805,0.0993860351510832,0.0934913368716751,0.0901583405339868,0.0882344370260809,0.0133333333333333,0.0666666666666666,0.0666666666666666,0.2266666666666666,-1.5496267681930365,0.0613280449759794,0.1453527361025295
0,0.0932588739818711,0.0869874363642734,0.0809850444282404,0.0786775486529401,0.0754645414670336,0.0086264100862641,0.0444591904445919,0.0325149303251493,0.179163901791639,-1.1893332823008558,0.091586276298434,0.1334052261970691
0,0.0942665674519687,0.092978333630831,0.0870323947434522,0.0883276924713751,0.075849974727191,0.0114942528735632,0.0383141762452107,0.0306513409961685,0.2490421455938697,-1.7045211149096824,0.0360341477451916,0.0902710500331577
0,0.0825426396166663,0.08116734841322,0.0729244470884067,0.071767333632365,0.06713386807959,0.0,0.0185185185185185,0.037037037037037,0.1666666666666666,-1.4192561127841123,0.123170394953279,0.1193858919841081
0,0.1028722429218976,0.0979138812256272,0.0891087151193021,0.0883421201611891,0.0803840504362935,0.0058997050147492,0.0766961651917404,0.0294985250737463,0.2241887905604719,-1.6850700394834934,0.0401886699633532,0.0915872957663552
0,0.0941697992622843,0.0907428467850872,0.0832330479705958,0.0786786380756081,0.0751439928804258,0.0113636363636363,0.0681818181818181,0.0568181818181818,0.25,-1.4754944667932632,0.0617544018804599,0.1084062476629301
0,0.0983092879856269,0.1021592053152129,0.0936599655459654,0.0899697856138099,0.0849252532767823,0.0275229357798165,0.1926605504587156,0.146788990825688,0.4128440366972477,-1.7428906517061156,0.0223452327284086,0.1120874396041519
0,0.0993614846442064,0.0956425692475908,0.0861949766266912,0.0864808455781633,0.081464334176851,0.0140845070422535,0.125,0.051056338028169,0.2834507042253521,-1.2988557539514456,0.0921527902189037,0.1230645887396886
0,0.0981378865371168,0.0924580837795551,0.092875972749333,0.088915411587984,0.077409851557458,0.0263157894736842,0.1052631578947368,0.2236842105263158,0.5526315789473685,-1.4072099822044533,0.0963397444261664,0.1280397771595594
0,0.087203751448301,0.1047671950287747,0.0898562773234884,0.0896758242131643,0.0790726773751597,0.0056521739130434,0.0704347826086956,0.4126086956521739,0.1269565217391304,-1.493054435962642,0.0973382756031051,0.1032341187337033
0,0.0845402518894707,0.0819898957079121,0.0775688596371482,0.0734286704254537,0.0722717025754906,0.0254403131115459,0.0489236790606653,0.0273972602739726,0.1585127201565557,-1.2549023600120313,0.0584740963617483,0.1316631363907316
0,0.0937055567387289,0.0941488416139801,0.0865574090849483,0.0851098742835059,0.0746733166588946,0.022875816993464,0.1176470588235294,0.0980392156862745,0.2647058823529412,-1.5852034258305043,0.0638024938708689,0.1256662831949931
0,0.1021419723438073,0.1016466082239699,0.089011763203211,0.0906826474735474,0.0836353993250901,0.0088062622309197,0.0547945205479452,0.0371819960861056,0.1898238747553816,-1.2531911400486109,0.048030988277435,0.0850729298356242
0,0.0879348931146448,0.0880340101285127,0.0837688883830975,0.0820431114606535,0.0720271362239669,0.0078909612625538,0.0401721664275466,0.0344332855093256,0.1951219512195122,-1.65193000803096,0.0446991018404653,0.0954077119226915
0,0.095809293920663,0.0974711883990917,0.0881362389353677,0.0863531258048574,0.0812714921535472,0.0319240724762726,0.1225194132873166,0.0612597066436583,0.2536669542709232,-1.4260421236790026,0.0495168440927361,0.0919924529045774
0,0.1054367032598443,0.0975629632546895,0.0916756550483875,0.0868409082397004,0.0850669801510012,0.0331337325349301,0.1129740518962075,0.0976713240186294,0.4022621423819029,-1.6045012137090848,0.037913446589942,0.1341591710988478
0,0.0965926710040601,0.1008870070149308,0.0909541605496443,0.0897800319638612,0.0840388963098898,0.0048076923076923,0.0961538461538461,0.0432692307692307,0.1826923076923076,-1.5803521973462105,0.0728037116525154,0.0989190556738742
0,0.0849163632450013,0.0823611493430487,0.0784083849016512,0.0773325922327159,0.0671897993277008,0.0588235294117647,0.1176470588235294,0.0,0.1470588235294117,-1.222571112997219,0.1528863914709027,0.0948029254688422
0,0.0944548438823028,0.0903686506677957,0.0809855638023391,0.0852101052961488,0.0674083974231994,0.0,0.0314465408805031,0.0345911949685534,0.1037735849056603,-1.7608408600887937,0.0254880679604594,0.114798741813764
0,0.103476677125442,0.0964416492168767,0.0911151187301066,0.0869349695010514,0.0881727734476171,0.0511882998171846,0.2979890310786106,0.0840950639853747,0.3354661791590493,-1.3043570948583303,0.0995782368511843,0.1759564212387478
0,0.0865658476831343,0.0829088476302575,0.0759746370619726,0.0723008315946282,0.0718194683713375,0.0111111111111111,0.0555555555555555,0.0111111111111111,0.0866666666666666,-1.763415776900372,0.025475648359487,0.1446774623977779
0,0.0961947277098486,0.0941991529359547,0.0862913484579771,0.0808664827417337,0.0825703059588769,0.004746299016838,0.0424906769126455,0.0365012995818736,0.1354955362187817,-1.543511179611037,0.0359682987474914,0.1082727726456218
0,0.0987043437146179,0.1006903449516426,0.0907447732328909,0.0904316607276173,0.0794027519325717,0.0259067357512953,0.0569948186528497,0.0569948186528497,0.233160621761658,-1.5065798735132194,0.0856030323630201,0.1084545026207712
0,0.1093731472524702,0.0960168737657619,0.0878538960965897,0.0847979666334468,0.0818082667685916,0.0,0.0402010050251256,0.0527638190954773,0.2035175879396984,-1.6218196989358182,0.0949583154094508,0.1369881049180252
0,0.0972576131865277,0.1035779811567387,0.0908136148637659,0.0888792579274895,0.084503400640369,0.0242261103633916,0.0767160161507402,0.0619111709286675,0.2032301480484522,-1.4744963456184752,0.120778739812822,0.1511156259410019
0,0.1000871889568154,0.1009246361807963,0.0928881103970382,0.0919063453212358,0.0849485714658658,0.0354609929078014,0.1418439716312056,0.0457052797478329,0.2371946414499606,-1.4968030480869483,0.0733517324910037,0.1504560696751957
0,0.0992063129561908,0.096563163674074,0.0911122911607233,0.0892549495986306,0.0801195845826633,0.0363636363636363,0.0811188811188811,0.0853146853146853,0.3272727272727272,-1.538432499264245,0.0510982026824898,0.119719237283239
0,0.1022344453972884,0.0765800146948541,0.0872701784008987,0.0776288309565857,0.0696456753906649,0.0058604155567394,0.016515716568993,0.0175812466702184,0.1411827384123601,-1.5448569356185144,0.061327487137987,0.0813155044938433
0,0.1126234977093103,0.1125276646209597,0.0967917915004934,0.0976043071868043,0.0934418249689045,0.0525920360631104,0.1081893313298271,0.0601051840721262,0.1960931630353118,-1.526751103908364,0.0795896996764181,0.1568157009124766
0,0.097493208022142,0.0889241979222578,0.0841485804979079,0.0821758364164786,0.0756264465640848,0.0042134831460674,0.0217696629213483,0.0252808988764044,0.1235955056179775,-1.7340529778513534,0.0243064620498237,0.0856798593211325
0,0.0784982348332375,0.0759412809454683,0.0738502613350273,0.0703624264617187,0.0678753670595198,0.014388489208633,0.079136690647482,0.0359712230215827,0.2158273381294964,-0.814602066418872,0.2908683239186623,0.123318623318108
0,0.0978658526739597,0.09618249945603,0.0875422204549568,0.0838551874720757,0.0801177350798203,0.0196078431372549,0.0857843137254902,0.0906862745098039,0.2438725490196078,-1.533296748032463,0.0465788502588544,0.094097614418368
0,0.0955875153796396,0.0907923226801106,0.0827285264424672,0.0815898660775009,0.0773948828124835,0.0352112676056338,0.1056338028169014,0.0915492957746478,0.2640845070422535,-1.3810040857777086,0.0635447258950808,0.1372709200596122
0,0.1047114931051267,0.1048285811406517,0.0934782616395274,0.0931632982517964,0.0846594301468256,0.0163487738419618,0.0623297002724795,0.0235013623978201,0.1413487738419618,-1.4547564876159047,0.0982073917448819,0.150375823002746
0,0.0896213192811665,0.080613561501929,0.0779325146204839,0.0731767794739596,0.0723586269294212,0.0045045045045045,0.0202702702702702,0.0157657657657657,0.0878378378378378,-1.1604455196885688,0.1308702610250996,0.1178610442713792
0,0.0845609025283081,0.0834770165388623,0.0838760870234009,0.0783697442266954,0.0699404529159393,0.0384615384615384,0.0,0.0769230769230769,0.0769230769230769,-1.3357430112232118,0.0414843943518572,0.1179713554367217
0,0.1004872947254094,0.0982859694339432,0.0920945760443801,0.0890298848701311,0.0839523758302872,0.0446096654275092,0.0929368029739776,0.1078066914498141,0.2899628252788104,-1.61253825215325,0.0611400456958025,0.1125806714849593
0,0.1138886264154168,0.1066099211472819,0.0945710312110426,0.0969145612630088,0.0905423319132603,0.0311461794019933,0.1864617940199335,0.1158637873754152,0.3953488372093023,-1.392443233072038,0.049833036204433,0.1114976397127073
0,0.0907722197746344,0.0924713569362377,0.0806470789216593,0.0778817514784778,0.0757797172924635,0.0,0.0434782608695652,0.0434782608695652,0.2318840579710145,-1.295111731520514,0.12559110335243,0.0956081445118458
0,0.0948680867182332,0.093452663455129,0.0870571285160103,0.0853524100220484,0.0783431588646546,0.0356816102470265,0.0951509606587374,0.0640439158279963,0.2479414455626715,-1.4596806156260698,0.0477578808019358,0.1251671081208574
0,0.1062087576956511,0.1049501595234792,0.0937900763646522,0.0926376129025119,0.0878632142763825,0.0342516753536857,0.0915860014892032,0.0290394638868205,0.1526433358153388,-1.405408966061074,0.0823943977012864,0.114810787952566
0,0.1048884246536365,0.0941884911377103,0.0958842688971202,0.0929134492038177,0.0891271052860831,0.0,0.3333333333333333,0.3333333333333333,0.3333333333333333,-1.637305699481865,0.0673575129533678,0.0637425275541748
0,0.0858301779521729,0.0878122882540283,0.0853207417935109,0.079575286080644,0.0686666328824174,0.0,0.0,0.0253164556962025,0.0379746835443038,,,0.071078122449367
0,0.092160188432408,0.10197792282512,0.0901116013584595,0.0899023215907005,0.0794461860631582,0.0253807106598984,0.0913705583756345,0.0342639593908629,0.2265228426395939,-1.306114711042626,0.0618509647146967,0.0989194354335144
0,0.1041356001324604,0.0979082758336247,0.0896601414901747,0.0857023979840986,0.0851311788678814,0.017094017094017,0.1438746438746438,0.1339031339031339,0.4102564102564102,-1.4733730897550026,0.0638787898280895,0.0900142367570634
0,0.0947395933898863,0.100350635703075,0.0889202426344375,0.08816390324466,0.0804809652442009,0.0416666666666666,0.1547619047619047,0.0476190476190476,0.238095238095238,-1.4028252178182434,0.1044047956657647,0.162221229808193
0,0.0937154967620285,0.0969334622913034,0.0903271481973711,0.0908264594195393,0.0775088649962324,0.0129870129870129,0.1071428571428571,0.0454545454545454,0.3603896103896103,-1.6384666682251356,0.0601250570170665,0.0978159428683702
0,0.1024058309283313,0.0958421890380016,0.0850248843115098,0.084132072278397,0.0818005993319013,0.0084044314274799,0.0534827454475996,0.0264866929835731,0.1545906023175856,-1.3584250501876045,0.0586467390307833,0.0984972422254673
0,0.1032076161153275,0.0996202543628809,0.0873790946291413,0.0945582397984603,0.0787994044329025,0.0,0.03125,0.09375,0.28125,-1.448708708930036,0.0932689244495446,0.145820688793276
0,0.094048229870085,0.0898602560867769,0.0843294537249312,0.0786501713538285,0.0806093592096837,0.0055172413793103,0.0836781609195402,0.0317241379310344,0.1319540229885057,-1.2741364184420274,0.1033997749900666,0.1786221485048786
0,0.0975973202109516,0.0938314435818126,0.0871368834498638,0.0845936683538496,0.0799882223405609,0.0187413691063326,0.0860130203195896,0.0382718484908265,0.1584138883408956,-1.3416432382371095,0.0939477486406094,0.1289650935047389
0,0.0973331031619584,0.0910394858446612,0.08620341767693,0.0826876807231902,0.0773925013561696,0.0040392383150605,0.0905943450663589,0.0813618003462204,0.2919792267743797,-1.4521986223878636,0.0696131189839132,0.0977848255647929
0,0.1034827586106672,0.1063125643563329,0.0930151277010576,0.0909279226522357,0.0861104519048551,0.0394444444444444,0.0844444444444444,0.0294444444444444,0.2327777777777777,-1.61887017983723,0.0389503989605536,0.1586814745948024
0,0.1008336258529297,0.095832864604519,0.0877152040817258,0.0844594493774653,0.0798195694663806,0.0096711798839458,0.0793036750483558,0.0309477756286266,0.1624758220502901,-1.3376450496483547,0.1002455040173196,0.1266550691882252
0,0.0998451783397793,0.0905903488952387,0.08796639026174,0.0914415086129725,0.0695253741236813,0.0304942166140904,0.1009463722397476,0.1251314405888538,0.3070452155625657,-1.4229067601744143,0.0812025973269168,0.0831701766173645
0,0.100703799316718,0.0961768292690129,0.0902469107689957,0.0868143875604485,0.0816324526200772,0.0192307692307692,0.1323529411764706,0.0656108597285067,0.2669683257918552,-1.4926705556298128,0.0620112197874397,0.1569521737081873
0,0.0940772319243768,0.0882757843188148,0.0826797068107361,0.079984956199547,0.0783507977903321,0.0045506257110352,0.0591581342434584,0.0170648464163822,0.0898748577929465,-1.4381559074920804,0.085443555030139,0.1306629211361364
0,0.0986270488015373,0.0918132297939438,0.0854783321062282,0.0837701649137863,0.0793976274568072,0.0226853073067792,0.0764969664996043,0.0152993932999208,0.1333421260881034,-1.5534595561450812,0.0357288522280038,0.117499250467062
0,0.0867391995521634,0.0829359671694757,0.0737761565827216,0.0737901527553553,0.0674813322251162,0.0040546308151941,0.0226205719163465,0.0128040973111395,0.058258642765685,-1.6553984421551051,0.0390312238930982,0.104823189993244
0,0.0993285708334865,0.1110955076978654,0.0906045667230425,0.0909759570976509,0.0821791942797365,0.0,0.0327868852459016,0.040983606557377,0.151639344262295,-1.7696779917061565,0.0559640765202053,0.067525977606415
0,0.1065423457845957,0.1020392916924778,0.095442818225864,0.0921101059382845,0.0891911190575969,0.0259740259740259,0.1558441558441558,0.0701298701298701,0.2727272727272727,-1.4015208718870733,0.0904811784838078,0.1519309751565055
0,0.0913429256353955,0.0861586157603007,0.0787215149562265,0.0808374675517969,0.0692774217205448,0.0,0.0368663594470046,0.0138248847926267,0.064516129032258,-1.4698204986317729,0.1036795254261767,0.1120022372287192
0,0.0809809043931724,0.0781147094256539,0.0774454056814819,0.0705735667216837,0.0676545312017336,0.0,0.0,0.0331491712707182,0.0939226519337016,-1.469388398584751,0.0708481537539441,0.0918325490991474
0,0.0917612648462277,0.0942694170791783,0.08512499374415,0.0836782217776555,0.0751439569781221,0.0084745762711864,0.0677966101694915,0.0127118644067796,0.1864406779661017,-1.408519576196873,0.0640662639183681,0.0960569490747937
0,0.1170694035192327,0.1253390244392462,0.1005096749678169,0.09944227898949,0.0957007354767183,0.0606060606060606,0.0606060606060606,0.1212121212121212,0.303030303030303,-1.621930577984561,0.0694090799157367,0.0728224742177621
0,0.0941943295338024,0.098774119502839,0.0892761843899567,0.0903561595745397,0.0810585939052747,0.0052910052910052,0.0687830687830687,0.0264550264550264,0.2222222222222222,-1.4539132696277903,0.0528635260559379,0.1099399390615101
0,0.1038446932012766,0.0972879862723442,0.0889032683016302,0.084806490244512,0.0844620203897728,0.0249615975422427,0.09715821812596,0.097542242703533,0.2323348694316436,-1.3236206420519827,0.0982874601530425,0.1139468604127224
0,0.1034296796940311,0.0993708160536497,0.0895538524358911,0.0881693325735576,0.0837627483628353,0.0050761421319796,0.0571065989847715,0.0291878172588832,0.1738578680203045,-1.3795191028615854,0.1022194765951824,0.1516704077961097
0,0.0916585729027274,0.0949814906873691,0.084874991785346,0.0852712448196509,0.0760467573631265,0.007909604519774,0.0361581920903954,0.0203389830508474,0.1254237288135593,-1.5012475735173774,0.0656679222972866,0.1442893999250552
0,0.102169939782268,0.096836547865992,0.0917350273018775,0.0868316825634969,0.0826691852734514,0.0289592760180995,0.139366515837104,0.1040723981900452,0.3366515837104072,-1.4156545292829807,0.0717618367947245,0.1548324674109328
0,0.0899858040509956,0.0976812502441932,0.0892047872892111,0.0899133751485625,0.0746161035406927,0.0190285428142213,0.0540811216825237,0.0425638457686529,0.2328492739108663,-1.3877530032520895,0.0780561378609113,0.0944648276958872
0,0.1025435513493502,0.105761980938322,0.0936483053722017,0.0926345705347458,0.0837588639798414,0.0292397660818713,0.1637426900584795,0.0596491228070175,0.3508771929824561,-1.4975068265261795,0.0694614462649668,0.1346758535108065
0,0.0937100829097156,0.0921045293239747,0.0822599652154008,0.0786442245074388,0.0779486714609152,0.0218228498074454,0.0462130937098844,0.0346598202824133,0.1091142490372272,-1.6656782740338532,0.0591404907067869,0.0960462578519077
0,0.0811291729279544,0.0761054189864692,0.0726119949419552,0.0698263070100311,0.069323755411445,0.0049627791563275,0.0148883374689826,0.0049627791563275,0.1141439205955335,-1.2385763532669811,0.1153189799280194,0.1387535272589057
0,0.0925691628682137,0.1022772471870474,0.0900580613693037,0.0888816687858424,0.0785763410565112,0.0421686746987951,0.1987951807228915,0.0662650602409638,0.5301204819277109,-1.471765468691474,0.0627247684401564,0.1160121885753404
0,0.0994320909089456,0.0986787091448941,0.090513718525744,0.0878047387621718,0.0819419929587074,0.0242248062015503,0.1191860465116279,0.0610465116279069,0.2800387596899225,-1.4453930605455014,0.0802685971427266,0.1272792329306318
0,0.0925948923473729,0.0939741722883793,0.0848197618026049,0.0829373431189821,0.079584233522246,0.0197183098591549,0.0478873239436619,0.0450704225352112,0.1577464788732394,-1.6071231548548388,0.0488767770703434,0.1314132880714984
0,0.0999046883334177,0.0968071265406882,0.0888439392198812,0.0865082048567846,0.0803309935601616,0.0134156157767641,0.072980949825597,0.0348806010195868,0.152669707539576,-1.8561078109561704,0.0175397219286534,0.1018823405829769
0,0.097168278229751,0.0965168946344923,0.0902302183778964,0.09022968504817,0.0800338739361861,0.0223214285714285,0.0491071428571428,0.0267857142857142,0.1428571428571428,-1.0703705227382168,0.1298460516975415,0.1390636795076347
0,0.0940454672690935,0.0979103331083979,0.0839270355892831,0.0834369529706054,0.0773766886817465,0.0099009900990099,0.0396039603960396,0.0891089108910891,0.3069306930693069,-1.519879838484765,0.026828732355664,0.0990039110784693
0,0.1007795728594118,0.0973089423038434,0.0931347027891041,0.0904160963529854,0.0811911491914922,0.028052805280528,0.2590759075907591,0.1782178217821782,0.3861386138613861,-1.5580760627151111,0.0699385200975315,0.1344947902474241
0,0.0983031505024964,0.0948075484110276,0.0896704053768351,0.0851148250404345,0.0859166141226818,0.0223463687150838,0.0670391061452514,0.1229050279329608,0.1843575418994413,-1.4505365375351422,0.0446328709080689,0.0988657180888151
0,0.1041969894697654,0.1011775226909752,0.0935235765548263,0.0897712694387343,0.0888564689204366,0.0308430431802604,0.2337217272104181,0.1686086360520904,0.4222069910897875,-1.4320952884280131,0.0782523214775571,0.1569405521761898
0,0.1043167107621768,0.1001043054558865,0.0943606208439671,0.0893929280780638,0.0867769052134375,0.0308355437665782,0.1871684350132626,0.1604774535809018,0.4993368700265252,-1.0491653057893764,0.1411541526782581,0.1495561220466877
0,0.1005775801948473,0.1004909808754902,0.0883508185617997,0.0875658972015998,0.0837336541990259,0.0,0.0930232558139534,0.0232558139534883,0.1627906976744186,-1.6441888031493983,0.049647883492388,0.1227522161729952
0,0.0962555882046268,0.1010710759458138,0.0882285123754367,0.085406212137919,0.0822398197061014,0.0186915887850467,0.0841121495327102,0.0467289719626168,0.2757009345794392,-1.2428342667716352,0.1187150740640496,0.1357266420915815
0,0.1024861939295271,0.0961735706196255,0.0875615278209984,0.0880785792843605,0.0814591151305739,0.0052356020942408,0.0706806282722513,0.0235602094240837,0.1086387434554973,-1.4565760136678685,0.0893486921031057,0.1194379490075107
0,0.0979341894891084,0.0931538821691043,0.0861201755108903,0.0821494169001163,0.0793582587195107,0.0096828046744574,0.0791318864774624,0.0337228714524207,0.2767946577629382,-1.254820770591319,0.071931060735375,0.1084857100502907
0,0.0921570070279388,0.0932937042762565,0.0837810033083244,0.0823842229833379,0.0737674581318602,0.0099236641221374,0.1076335877862595,0.0465648854961832,0.2465648854961832,-1.3874872166626406,0.0413885129677217,0.1026221071613769
0,0.112594575896125,0.1154127187575621,0.0999143366215966,0.1012803794992296,0.0950458533116276,0.0843828715365239,0.3488664987405541,0.0755667506297229,0.4231738035264483,-1.507185605464576,0.0790082660162447,0.1525930426607228
0,0.0997477850553647,0.0947457853264013,0.0967176351805564,0.0959870166806198,0.0872166068223828,0.0,0.0,0.0,0.3,-1.2853337921520187,0.0609041284019052,0.089568503417584
0,0.0890039392203108,0.0864832164780957,0.0791468407920203,0.0767514418626277,0.0715250939918798,0.0072727272727272,0.0254545454545454,0.0136363636363636,0.0845454545454545,-1.318331460110084,0.0986019327651075,0.120554379595512
0,0.0929595397076218,0.0910485042894803,0.0833775221746715,0.0813341878531106,0.074545191191469,0.01187648456057,0.056215360253365,0.0229612034837688,0.1421219319081552,-0.9962574380861992,0.1212242908849299,0.1328978290206764
0,0.0971924250866333,0.0992637257002094,0.08842812787552,0.0871542511573189,0.0848722293559555,0.0287206266318537,0.1514360313315927,0.0861618798955613,0.3185378590078329,-1.6618209907354065,0.0477526335840203,0.1008409362109219
0,0.0845130274029862,0.0793840703111466,0.0754010422157859,0.0722983325759821,0.068812288883054,0.0051169590643274,0.0365497076023391,0.0193713450292397,0.0851608187134503,-1.3818095073413563,0.0723558377871764,0.1189237729355513
0,0.0961686187088828,0.0959820059016587,0.0872538949618754,0.0831463499442857,0.0775137678996659,0.0152582159624413,0.0974178403755868,0.0387323943661971,0.1924882629107981,-1.510213269665582,0.0360343345138199,0.1229887003119994
0,0.0954897083906069,0.0984577463967387,0.0893257042089105,0.0885328334019795,0.0814907838790522,0.02,0.1888888888888888,0.0881481481481481,0.4562962962962963,-1.3282260450841024,0.0688578189290051,0.108400006497615
0,0.0809959819364735,0.0837508424290108,0.0778624603018984,0.0755034643657006,0.0706433618028452,0.0009799118079372,0.0333170014698677,0.0073493385595296,0.0636942675159235,-1.472279137015136,0.080761764768186,0.137885447133772
0,0.1004329786833577,0.0957651490601243,0.0947011628119654,0.0893967221384183,0.0880768241160831,0.057471264367816,0.0804597701149425,0.0919540229885057,0.3448275862068966,-1.5734351673850542,0.0396465440934045,0.1046311692217704
0,0.0839555236488498,0.0746702442772633,0.0751780015333451,0.0720682670980098,0.0712011673211869,0.0,0.0,0.0,0.1304347826086956,-1.521168847300592,0.0656647211577886,0.1429114351334333
0,0.1011259332248715,0.0980998047921391,0.092450591876834,0.0914935087799261,0.0823361118869881,0.0354367013568699,0.1372678171518904,0.0412330391252799,0.3021999736530101,-1.4331285845852195,0.072082065136464,0.1270896016882217
0,0.1016170475171117,0.0977893073061523,0.0894922182271076,0.0862403591380113,0.0845629788685123,0.0172790901137357,0.1568241469816273,0.0621172353455818,0.1767279090113735,-1.3570951568784568,0.0787356572624024,0.1279017815410637
0,0.0872333162186914,0.0846460137419531,0.0792013648614286,0.0787551709226437,0.0722491407436535,0.0040983606557377,0.0286885245901639,0.0573770491803278,0.151639344262295,-1.3407560366683902,0.0462364491966254,0.099305491454675
0,0.0940797674995537,0.0926142320768212,0.0873293499454914,0.0834268005827603,0.0787971403137614,0.0381679389312977,0.094147582697201,0.1170483460559796,0.366412213740458,-1.480267279048069,0.0426831803028496,0.1257621428359197
0,0.0992562945091754,0.0981646728420672,0.0882843445132292,0.0928829221874181,0.0833044133988455,0.0141570141570141,0.054054054054054,0.0411840411840411,0.2007722007722007,-1.1974234622305655,0.0408264097513937,0.0709960189807918
0,0.0894488739893055,0.0895466528429478,0.0845447745308199,0.0802170398550568,0.0876447320616797,0.0,0.0,0.3333333333333333,0.3333333333333333,-1.1385135135135136,0.054054054054054,0.2012105277583332
0,0.0950744589665556,0.113337152042523,0.0944467479943354,0.097966471833721,0.0822518865394236,0.0,0.1081081081081081,0.4729729729729729,0.2432432432432432,-1.6375903690074245,0.0665154098729552,0.0790979861377331
0,0.097453459223871,0.0921089032998155,0.0871596400174362,0.0832935024071367,0.0803362360082217,0.0093625382881581,0.0744957521817026,0.0397040975553372,0.153614980061261,-1.511518096352653,0.0575876024479615,0.1175452723842202
0,0.1001514694423785,0.1023867705636534,0.092012168295391,0.0902924900146925,0.0856270074963427,0.0171673819742489,0.223175965665236,0.0815450643776824,0.4420600858369098,-1.473700335791169,0.0722687040772238,0.112855785961077
0,0.1059897085043863,0.0999186508877168,0.0916418780673666,0.0904085295104027,0.0822176047076624,0.008412787436904,0.079641054402692,0.024116657319125,0.1144139091418956,-1.383871409367386,0.0693637277501896,0.1177006917144191
0,0.1030332132965128,0.1012141514255027,0.0892065075806613,0.0890849416743389,0.0851436589954355,0.0152905198776758,0.0519877675840978,0.0244648318042813,0.1223241590214067,-1.5081134536478251,0.0745724892637733,0.1237110978198086
0,0.0976032747861088,0.0938457523905757,0.0869738788742433,0.0931283829675242,0.0682022361824739,0.0,0.1111111111111111,0.3333333333333333,0.0,-1.637305699481865,0.0673575129533678,0.0668200146339452
0,0.1079032256658622,0.10617675253472,0.0941900818959305,0.0955270997591062,0.0873335680498571,0.0262612301313061,0.2017968210089841,0.0753282653766413,0.3469246717346234,-1.4702360579432028,0.0559275122459863,0.1230955554560521
0,0.0574100906947136,0.0526364640330187,0.050818677039582,0.0476914930737211,0.0467263601277268,0.0,0.1034482758620689,0.1034482758620689,0.1034482758620689,-1.2090032154340835,0.22508038585209,0.1787139990518268
0,0.1091805656841938,0.101929454244064,0.0927314951838124,0.0903978458338711,0.0879467767749496,0.0392491467576791,0.2072722499343659,0.089131005513258,0.4732213179312155,-1.345563897797638,0.1003750353446911,0.1432087939442345
0,0.1037856184666709,0.1027338384712818,0.0910109373447544,0.0906046314148462,0.0839099777325311,0.0168561348490787,0.0556644453155625,0.0364562916503332,0.1383771070168561,-1.2813788913566957,0.1309780414040877,0.1495933734236051
0,0.1033082782644922,0.1060161693375065,0.0980192040023509,0.0899352262055861,0.0879866068655981,0.0526315789473684,0.1842105263157894,0.0894736842105263,0.3526315789473684,-1.5807735284835822,0.061846020865591,0.1129579309569092
0,0.1022003059655207,0.1025180285603561,0.094286962952171,0.0901828648500304,0.0862727899818472,0.0106609808102345,0.2217484008528784,0.0959488272921108,0.2601279317697228,-1.477339100237379,0.0384605274776825,0.12536587014005
0,0.0980106586309453,0.0945274894254434,0.0875101120025539,0.0852538497445079,0.0809060288962423,0.0222937825117661,0.1141937081991577,0.0507802823879118,0.2219469903393609,-1.524372122473482,0.063581883764768,0.1244139725809931
0,0.1061272396018095,0.1001669996912977,0.088969237390039,0.0858770635050347,0.0833075020097548,0.0485875706214689,0.111864406779661,0.0666666666666666,0.3751412429378531,-1.7190997897621498,0.0397419568820586,0.1476666973098863
0,0.1003159585517502,0.0990027011229205,0.0909637136386708,0.0871708796179472,0.0821861834946961,0.0226525392765802,0.1118012422360248,0.0781877968578735,0.2035074899525027,-1.4694279140078492,0.0651023388653239,0.1307327873294982
0,0.0988130268377396,0.0999497777778379,0.0909501100808955,0.0887045039446795,0.0835368938249182,0.0269536423841059,0.1483443708609271,0.054569536423841,0.2523178807947019,-1.46415111803334,0.074149232575442,0.1576666780278356
0,0.1046933318051688,0.1045138780464702,0.0918915097243591,0.0904339130536422,0.0851981621621687,0.1291866028708134,0.062200956937799,0.0669856459330143,0.2535885167464115,-1.5887305844255448,0.06486898744472,0.1124038965981145
0,0.0980093906102755,0.0924483834735737,0.0852197707626984,0.0811512305358966,0.0758048223966703,0.0169491525423728,0.0644067796610169,0.0372881355932203,0.1525423728813559,-1.235770455609763,0.1187074119482543,0.1362453042997677
0,0.0996035030664605,0.0978300685362129,0.0924773345242335,0.0916303397678388,0.0836140801801072,0.027027027027027,0.1081081081081081,0.0864864864864864,0.5513513513513514,-1.3327186714542794,0.0356152496288547,0.0956439159706088
0,0.1027546883156599,0.1018951401842213,0.091726250216979,0.0893151920471194,0.0831254878408449,0.0173790511977454,0.1232973226867073,0.0371066228276186,0.2167684358853922,-1.5512637364230628,0.080291813924355,0.1543608250496647
0,0.0860193651997022,0.0887236126897034,0.0823693204383637,0.0777758948121708,0.0704204778805791,0.0,0.0,0.0,0.0476190476190476,-1.353427301162706,0.0919094898456887,0.0907247749678102
0,0.098539408302523,0.1015579440131469,0.0936863829874389,0.0895126588686048,0.0847258158020438,0.0258351893095768,0.1273942093541202,0.043652561247216,0.2356347438752783,-1.5206674964014024,0.0672560564623977,0.1551922772136844
0,0.0978064093136437,0.0984084620520383,0.0922800065260434,0.088499499515433,0.0835308466298946,0.0386904761904761,0.206845238095238,0.1666666666666666,0.6369047619047619,-1.4829733520960582,0.0505736930910417,0.1198180638129452
0,0.088595308026285,0.0992830156040628,0.0782177662545031,0.081612852132998,0.0775429845627891,0.0,0.0,0.0714285714285714,0.1428571428571428,,,
0,0.099620316655324,0.0994435751620247,0.0879617130175536,0.086630429406187,0.0828421574403019,0.0113427345187001,0.0652973635806253,0.0272838749233599,0.1097486204782342,-1.4995780500140636,0.0783166518342585,0.1104156186692566
0,0.0977411916020915,0.0951867822622388,0.082525786541871,0.0802527504481377,0.0752845417911497,0.0074289405684754,0.0392980189491817,0.0222868217054263,0.1365202411714039,-1.6416320957254789,0.0459357655260806,0.0740961358575206
0,0.1012865128621446,0.0984289733089334,0.0910601301578058,0.0881491209229734,0.0827001838140824,0.0406164713437148,0.1810884572162465,0.0775405362016375,0.3212393642639268,-1.5030541169430307,0.0775976963074298,0.1403329462083793
0,0.1103651883452235,0.1007394402685633,0.0909906748637524,0.0905636558423139,0.0844558163716934,0.0256410256410256,0.1524216524216524,0.047008547008547,0.2507122507122507,-1.3654281471352825,0.07980268609051,0.1434755822231371
0,0.1005569712341155,0.0990880201329582,0.0878966082141801,0.0868159874460273,0.0810286566296458,0.0164359861591695,0.1288927335640138,0.0415224913494809,0.2837370242214533,-1.725121489034131,0.042720087360585,0.1340675006161307
0,0.1036956702392712,0.1035336612223663,0.0922618668657494,0.0903905286559433,0.0844907853341184,0.033774834437086,0.1086092715231788,0.0602649006622516,0.2768211920529801,-1.4007332343718293,0.0916152088221724,0.1469587523503553
0,0.0907874864359859,0.0939648186650881,0.0845697062556665,0.0839898523609081,0.0775341448039018,0.0076252723311546,0.059912854030501,0.0185185185185185,0.0915032679738562,-1.5306015685836845,0.0665712520485266,0.1428080009326075
0,0.0879159518747913,0.0819857251501847,0.0788135577072294,0.077777166068273,0.0708855342148238,0.0113636363636363,0.0568181818181818,0.0795454545454545,0.2386363636363636,-1.6467606902418648,0.0425504518423306,0.0952933050299797
0,0.1056450606002711,0.1078379306216437,0.0911595091243309,0.0928890070878613,0.0854072342198073,0.0068493150684931,0.1210045662100456,0.0228310502283105,0.2420091324200913,-1.4476049543353489,0.0640426648294699,0.0937966251911708
0,0.0890897546535784,0.0877351496128364,0.0757260067045189,0.0805516708086576,0.0685363226863083,0.0188679245283018,0.0377358490566037,0.0,0.1320754716981132,-1.485801353883276,0.0491155548098344,0.1067924820261235
0,0.0948444746607394,0.0942405688701652,0.0851791687243683,0.0819321192120486,0.0783343294315348,0.0309023485784919,0.1056860321384425,0.0333745364647713,0.2163164400494437,-1.508264145133184,0.0652093089920533,0.1144352900213207
0,0.0990897249877542,0.0990626251595257,0.089979936955584,0.0876079715839023,0.0833080820546251,0.0146638240341115,0.0998908013103842,0.0245957048515417,0.1413863033643596,-1.518035944865642,0.0590012696468296,0.1646962630223684
0,0.0651657324334492,0.0486569787680976,0.0504368412419839,0.0515907436349275,0.0488692913127837,0.0,0.0,0.0,0.0,,,0.1185466342336374
0,0.0966953119332183,0.093476450825334,0.0837818641628905,0.085772046322114,0.0763689048763274,0.0307262569832402,0.1166201117318435,0.034217877094972,0.199022346368715,-1.6778275128931768,0.0595772150570203,0.143227543373522
0,0.092679173900255,0.0932410836154819,0.0847932469331506,0.0832023522997765,0.078584303921505,0.0083102493074792,0.0688563514048278,0.0340324495449149,0.1377127028096557,-1.2768506904134655,0.0710323577817098,0.1176063459768085
0,0.1034458711341838,0.0980679757772039,0.0869749291364009,0.084029094001614,0.0832008424272259,0.0112549240292628,0.1057962858750703,0.0742824985931345,0.2605514912774339,-1.4265377318825307,0.0863236992385087,0.0920499376987683
0,0.0929414849383283,0.0893616347548072,0.0835015964515431,0.0795266124045809,0.0768579484445732,0.0111731843575419,0.0933758978451715,0.086193136472466,0.2306464485235435,-1.3226895328193702,0.0482366032169297,0.1085067551103404
0,0.1009760632804187,0.0994474587265877,0.0878865933060478,0.0870422008205286,0.08016498990606,0.0095330950059581,0.068681616292926,0.0252410356407756,0.1563210919727007,-1.4703437170460936,0.0642521100945359,0.0970300302010263
0,0.1045589001651181,0.101330434677761,0.0941798911808586,0.0986856485911059,0.0820097883412659,0.0,0.0,0.0,0.1818181818181818,-1.637305699481865,0.0673575129533678,0.1162862691764872
0,0.0987245991916247,0.094627456116854,0.0844395741876092,0.0845668100561178,0.0768441761973661,0.0027106949236076,0.0386890093642188,0.0082552981764415,0.0773780187284376,-1.5211328098056789,0.0407721671311941,0.1196340177715244
0,0.0978224978350987,0.1020190086022097,0.0919718035410657,0.0915127466152981,0.082174159664341,0.0222882615156017,0.0950965824665676,0.050520059435364,0.300148588410104,-1.5119404535038676,0.0674757700556935,0.1538948770559914
0,0.1022144688773474,0.1016253140671086,0.0919900215271031,0.093100394099707,0.0830273640656708,0.0432748538011695,0.1625730994152046,0.1134502923976608,0.2771929824561403,-1.4898042450793767,0.0734068871926309,0.1276196194963838
0,,,,,,,,,,,,
0,0.0933587012454934,0.0871476241733483,0.078766980815614,0.076184801060215,0.0735587956658284,0.0086767895878524,0.0607375271149674,0.0238611713665943,0.1171366594360086,-1.3348057962953594,0.113057904332957,0.1423997934259427
0,,,,,,,,,,,,
0,0.1056771549614936,0.1026235947378054,0.0977035472197759,0.0880884133030994,0.0809255497867139,0.0,0.1052631578947368,0.1052631578947368,0.5263157894736842,-1.0796372029676105,0.1368185187450743,0.114694325972664
0,0.0670073986537161,0.0683838382041993,0.0645691592005652,0.065284045049877,0.0481510814821,0.0,0.03125,0.0,0.0,-1.7051364206180717,0.0240105820090564,0.1024626536683706
0,0.0905939038818188,0.0959822218686666,0.0845400623391064,0.0839707976011381,0.0762931366217692,0.0075088339222614,0.03886925795053,0.0101590106007067,0.0724381625441696,-1.646891358799019,0.0414109497917658,0.1113193069439999
0,0.0836386998020313,0.078793620436797,0.0750822786645175,0.0762341959682331,0.0701093297907897,0.0,0.0454545454545454,0.0,0.0909090909090909,-1.4286036477085229,0.0580883072460578,0.1792644594388612
0,,,,,,,,,,,,
0,0.107064200797037,0.1049266623158434,0.0962859732184334,0.0927899028397572,0.088233343205373,0.0321252059308072,0.2446457990115321,0.0757825370675453,0.2874794069192751,-1.38119116627244,0.1094335679497824,0.1458342640112629
0,0.0734042985918282,0.069972301502376,0.064739572776202,0.0615780485537083,0.0685347912589017,0.0,0.0138888888888888,0.0555555555555555,0.1527777777777778,-1.2118223428719,0.1070562821400284,0.1550885726830156
0,0.0833999107195221,0.0887096257303634,0.0761181382547953,0.0787385785566649,0.0703739675838095,0.0,0.3,0.4,0.8,-1.3551816269620176,0.067920610817119,0.0857495208345376
0,0.0832920740533565,0.0542952122239393,0.071601726819028,0.0539436737941205,0.0646148045908606,0.0,0.0,0.0,0.1034482758620689,-1.1161933552305727,0.1397290378541295,0.151926154587249
0,0.1056375193885973,0.1081627370441304,0.0941309148658331,0.0872201032651106,0.0860502607322728,0.0,0.0545454545454545,0.0,0.0545454545454545,-0.6484603146444655,0.336714753905287,0.1384588748972287
0,0.0974597714789684,0.1441675082140412,0.1126708224395112,0.0834105434569048,0.0846949962606064,0.0,0.0,0.0,0.0,-1.6805555555555556,0.0138888888888888,0.0673721145194805
0,0.0972832155031444,0.0755720929649576,0.0611580532268231,0.0644966291768634,0.0749997463206138,0.0,0.0,0.0769230769230769,0.0,-1.1052197783988216,0.035052281509757,0.0925398733694943
0,0.1023971075528262,0.1000216607964648,0.0965915582702941,0.0918923697746365,0.0875896715653179,0.0,0.0555555555555555,0.0,0.3333333333333333,-1.3974910876904385,0.0992054417216371,0.122799578531334
0,0.0980533126310792,0.0921776908523465,0.08773939307618,0.0937646438616185,0.0806628975253779,0.0,0.0,0.05,0.4,-1.2989690721649485,0.2164948453608247,0.0945897603378818
0,0.0714036685218418,0.0743688899362824,0.066223111211898,0.0666935770476523,0.0630953673137272,0.025,0.075,0.0,0.1,-1.2592984455806342,0.0431471119234199,0.1146268040565228
0,,,,,,,,,,,,
0,0.1032696059856362,0.0976034287466202,0.0889770951824445,0.0845259942572936,0.0800167864101494,0.0555555555555555,0.0555555555555555,0.0277777777777777,0.3055555555555556,-1.3741842393990369,0.0381590460035506,0.0882816961708766
0,0.1056192330218884,0.1001256198595481,0.0960251670622986,0.0910900389495295,0.0915340056430699,0.0073606729758149,0.0988433228180862,0.0262881177707676,0.1303890641430073,-0.9122570415865764,0.2169746934330337,0.1801884859543078
0,0.0829193186580585,0.0947380211146188,0.0734369321281159,0.084135545402047,0.0773467808009786,0.0,0.0,0.0,0.0714285714285714,-1.0330103461480813,0.1795302075255624,0.1277664340720764
0,0.1204172372888264,0.0995472411177778,0.0906926628590835,0.0861030075530332,0.0935639240153094,0.0,0.0,0.0,0.0,-1.010386373078521,0.1757374324885749,0.1260534232824867
0,0.1017261878997183,0.0867687358979114,0.0764084041821253,0.0714974579255406,0.0803011698457535,0.0,0.0909090909090909,0.2727272727272727,0.2727272727272727,-1.0720795628043969,0.2205609497075386,0.1490824638585832
0,0.0945304229074389,0.0919191497649036,0.0913013167857282,0.0885902094804139,0.0893822465896685,0.0,0.0,0.1428571428571428,0.5714285714285714,-1.4302967995837663,0.0357760044573914,0.123644001498254
0,,,,,,,,,,,,
0,0.0944474033450406,0.0735323690902492,0.0774090891964214,0.0688485348238275,0.0722048817783487,0.0,0.0272727272727272,0.0181818181818181,0.0181818181818181,-1.3433621884563074,0.0842772012328967,0.1000975369761346
0,0.0874974443411236,0.0929987941174529,0.082399953537773,0.0824502242062334,0.0737129500438119,0.0,0.0238095238095238,0.0238095238095238,0.1666666666666666,-1.5350223744664706,0.0571648190191413,0.1279491015580699
0,0.0967933601985135,0.0998979263196828,0.0920787103248629,0.0900912418631284,0.0861308213946933,0.0218712029161603,0.1324422843256379,0.031591737545565,0.1445929526123937,-1.5779683789147747,0.0449056755028899,0.1483827787106291
0,,,,,,,,,,,,
0,0.077728501167031,0.072383286134834,0.068400597113878,0.0679967265095101,0.0596432861595598,0.019047619047619,0.0380952380952381,0.0285714285714285,0.1047619047619047,-1.552986664383058,0.0801572541085307,0.1032217724315827
0,,,,,,,,,,,,
0,0.1173400067232868,0.0945622800279452,0.0955302058425597,0.0821149798047149,0.0958011182629826,0.0,0.5,0.0,1.0,-1.1227414805214606,0.1362789836526209,0.1060984267573966
0,0.0700768527509168,0.0657462372447553,0.0578712348567922,0.0568147030961883,0.0537380864542346,0.025,0.025,0.0,0.075,-1.1920962878692067,0.0861061489497367,0.1390233182971642
0,0.079954021458394,0.0792351366544405,0.0712047737161571,0.0701633043819691,0.0613227838787118,0.0,0.0,0.0119047619047619,0.1309523809523809,-1.411759800870444,0.0699945411369287,0.109454672139049
0,0.0915828288339979,0.1007310565340634,0.0855872385400972,0.0805273423636416,0.0758145812023848,0.0,0.0384615384615384,0.0576923076923076,0.1923076923076923,-1.1652820748033894,0.1748858315350386,0.1333352980480692
0,0.1077673643268243,0.0975605140586059,0.0972965181976914,0.0831970733144987,0.0921655246774777,0.0714285714285714,0.2142857142857142,0.0,0.3571428571428571,-1.8312942118610127,0.0214441429016327,0.1032930491576237
0,0.1089826217066934,0.0689848537726637,0.0903739984413101,0.0587664626672957,0.0906491718203943,0.0,0.0,0.0,0.3529411764705882,,,0.2385978652915093
0,0.0747365704994435,0.0788065518707955,0.0625340214592472,0.0674508855102531,0.0552411997177133,0.0,0.0,0.0,0.0,-1.9374940452371423,0.0097991577583414,0.1049463751469168
0,,,,,,,,,,,,
0,0.0900496432818472,0.0834289562360514,0.0858211719071666,0.0891637886453459,0.0861865016691152,0.0,0.0,0.0,0.1428571428571428,-1.501008499559438,0.0625613624985728,0.1090626448320993
0,0.0862177334670887,0.0751222056126046,0.0673932399483124,0.0702243547793168,0.062681817477023,0.0,0.03125,0.03125,0.09375,-1.6535564170186232,0.0789996703718867,0.137448118059633
0,0.1109273196108343,0.1010612979524539,0.1020999677706617,0.0951650370832199,0.0799158930922721,0.0,0.0666666666666666,0.0,0.3333333333333333,-1.2430905135974053,0.1108605894627251,0.0865499503982159
0,0.067337221495988,0.0681649310625338,0.0699226459668474,0.0694862747534916,0.0550550923813477,0.0833333333333333,0.0,0.0833333333333333,0.1666666666666666,-1.2839684322800815,0.1245249963171265,0.1326282202242686
0,0.0,0.0,0.0,0.0,0.0,0.0,0.0,0.0,0.0,-1.6035513061294178,0.0508792897387741,0.074868633674423
0,0.0963675540773006,0.1012235634516604,0.0830711503267946,0.0824064581196159,0.0771104504905483,0.0,0.0714285714285714,0.0714285714285714,0.119047619047619,-1.5056313324059714,0.0554301080518485,0.1245394469928049
0,0.0976732386252014,0.091979095655482,0.0862193567818345,0.0806809009951315,0.0718117172942695,0.0,0.0,0.0,0.2608695652173913,-1.6574650792081962,0.0456905192750934,0.0892693731859989
0,0.0845035960062702,0.1078329504122096,0.0885845842504516,0.0791794995311929,0.0829275704827541,0.0,0.0,0.0,0.0,-1.540037182388102,0.0591697239138563,0.1509399530890458
0,,,,,,,,,,,,
0,0.0983394689689481,0.1030821759926028,0.089555593798869,0.0896859392869648,0.0783728748982047,0.0,0.0769230769230769,0.0,0.1538461538461538,-1.8312942118610125,0.0214441429016327,0.0753920463720509
0,0.1021225713866714,0.0929098611863542,0.0796714634436229,0.0889011959313639,0.0778760452741359,0.0,0.0,0.0,0.2857142857142857,-1.5805536598873309,0.054012194383093,0.0825065668968047
0,0.0983292009094883,0.0970618078707973,0.090306031141751,0.0878007901343524,0.0806160580872315,0.0092818759159745,0.0566682950659501,0.0293111871030776,0.1836834391792867,-1.4041291460241403,0.0860895572182482,0.1674216476763115
0,0.0813127472567247,0.0869775822238462,0.0668751204212263,0.0806628191520275,0.0642204076058532,0.0,0.0,0.0,0.0,-1.219219702679192,0.1327426525330044,0.1421006080930442
0,0.0883760337669838,0.0882354536651005,0.0823795237834422,0.0821627735692646,0.0747937106526972,0.0,0.0378787878787878,0.0075757575757575,0.0681818181818181,-1.4009328462814352,0.0700843324140803,0.1078948044397304
0,0.0950046919022844,0.0857825130466483,0.0808197891940708,0.0792850864663181,0.0719183958402803,0.073076923076923,0.0307692307692307,0.0384615384615384,0.1807692307692307,-1.6189127306214524,0.0731848146032264,0.1160163997335664
0,0.0851956800684345,0.0465973851827019,0.0409200174825174,0.0330357142857142,0.0381231671554252,0.0,0.0,0.0,0.0,-0.8076923076923077,0.2692307692307692,0.2431474191295699
0,0.1015341248695241,0.102018077988205,0.0962523098317243,0.0909627282604964,0.0851662535995692,0.0414707655213984,0.2818565400843882,0.1047619047619047,0.4081977094635322,-1.505395849708014,0.0448281012888663,0.1491368709679565
0,0.0974736178999301,0.107326840863155,0.0912407650597274,0.0968498288833797,0.0830067158791609,0.0418848167539267,0.2408376963350785,0.1832460732984293,0.4712041884816754,-1.6518735216590033,0.0426087492398456,0.1025845969217671
0,0.104341165553755,0.1118976940353521,0.0973833283552976,0.0966992753876779,0.0881321585347447,0.0803149606299212,0.2740157480314961,0.1480314960629921,0.415748031496063,-1.5265193705063254,0.0669689036089327,0.1380588511948577
0,0.0930501270645629,0.0966680606022847,0.085764130396776,0.0837971653752395,0.0780589240474206,0.0162022034996759,0.0829552819183409,0.0550874918988982,0.339598185353208,-1.60784354766336,0.0527134867166693,0.0947370945589099
0,0.0964189098183773,0.0927744497007073,0.0874884723329264,0.0839688612180142,0.0778941610734589,0.0058708414872798,0.0567514677103718,0.0547945205479452,0.1780821917808219,-1.513159207102613,0.0687643491995042,0.1487868663379895
0,0.0928931032237988,0.0921359993025417,0.086361387652154,0.0824667732010307,0.0780322761163799,0.0142171170322945,0.0725920346483382,0.0966952264381885,0.2580736277186705,-1.5060285131400188,0.0578865146169065,0.0938196262481348
0,0.0858672479882619,0.0836304056893388,0.0773588254850257,0.0780075933333511,0.0695446252451833,0.0091699604743083,0.0498023715415019,0.0275098814229249,0.163794466403162,-1.448451318270839,0.0637749739382359,0.1115418105704261
0,,,,,,,,,,,,
0,0.1035072115917761,0.1162981972911992,0.1007780546389929,0.0969582731576612,0.0788419632221915,0.0,0.0833333333333333,0.0833333333333333,0.9166666666666666,-1.637305699481865,0.0673575129533678,0.0670915877523802
0,0.1061434855627832,0.1038690227617566,0.0912889285451864,0.0896321674853045,0.0868033647775811,0.0916455696202531,0.210464135021097,0.0938396624472573,0.3237130801687763,-1.4281590622424334,0.0946954471481644,0.1524247293220375
0,0.0978081744902578,0.0956679883908001,0.0900599310661723,0.0849539046547995,0.0776129554152221,0.0142180094786729,0.1658767772511848,0.0758293838862559,0.3412322274881517,-1.8258184329139704,0.0258525778504514,0.1027826757280569
0,0.1022383276933421,0.1024521805377575,0.0918464532127456,0.0899112026969079,0.0859694245974511,0.0416197975253093,0.1186726659167604,0.0320584926884139,0.217660292463442,-1.5349091056678323,0.0602826186462391,0.1221791354593988
0,,,,,,,,,,,,
0,0.1014455990269406,0.1016667425247717,0.0918658265625049,0.0879117382863468,0.0841643307238197,0.0779259259259259,0.2263703703703703,0.2411851851851852,0.7253333333333334,-1.3648731995832823,0.060768786674398,0.1352425805425279
0,0.0986921643969937,0.0954540050113386,0.0886760968687412,0.0837932913991151,0.075513941609326,0.0,0.0888888888888888,0.0266666666666666,0.1777777777777777,-1.5793020837991314,0.0566787982667313,0.132052738971506
0,,,,,,,,,,,,
0,0.1014286461112115,0.1157280607927371,0.1007912573281742,0.0840179790387329,0.0731533917269697,0.0,0.0,0.6,2.0,,,0.1070640544515721
0,0.0953429336386014,0.0953872740145869,0.0884237815079297,0.085522723370865,0.0734399481015536,0.0,0.0555555555555555,0.0,0.3333333333333333,-1.8326773642026075,0.0210954271859031,0.1618471055006843
0,0.1147395938711548,0.1070912173016003,0.0948830102819356,0.0932448300904287,0.087150685293537,0.1261261261261261,0.2316602316602316,0.081081081081081,0.2689832689832689,-1.6011355333419643,0.0632875623412076,0.1254623316429448
0,0.076766553541475,0.0721973713781023,0.0698448884843071,0.0646385500460517,0.0643527717384546,0.0,0.0144927536231884,0.0,0.1159420289855072,-1.5223511296002914,0.0741515540589201,0.1301462073659881
0,0.1077462887792438,0.1025365533407852,0.0944681281084245,0.0906453619519465,0.0881968193557475,0.0,0.0555555555555555,0.1296296296296296,0.2592592592592592,-1.361031226017945,0.0331753645934174,0.1392105578386664
0,0.1100017254710182,0.1091160471935421,0.0937378264026414,0.0955629475060875,0.0878613165677527,0.046875,0.2638888888888889,0.1041666666666666,0.5329861111111112,-1.5974043002060343,0.089153356853631,0.1082434473430453
0,0.0971606033618456,0.0973251008867805,0.0859422212565564,0.0834535202749501,0.0773854419881593,0.0037453183520599,0.0599250936329588,0.048689138576779,0.2022471910112359,-1.284336574532489,0.1126794924280448,0.1246144284613734
0,0.0698922709951373,0.0661606685624209,0.0607633057213666,0.0606850958873494,0.0443188048319238,0.0,0.0,0.0,0.0,-1.637305699481865,0.0673575129533678,0.0637425275541748
0,0.1049771279296118,0.094618485763654,0.0892056565702781,0.088426645179597,0.083537447400982,0.0205309734513274,0.0506194690265486,0.0364601769911504,0.2120353982300885,-1.3506049536102438,0.0691937767160053,0.1211716469850201
0,0.0913127263835984,0.0926430042494399,0.0888071547437853,0.084896734097681,0.0768323172006253,0.0083612040133779,0.0668896321070234,0.0334448160535117,0.2224080267558528,-1.4984668609066227,0.055208215422812,0.1215297420720694
0,0.1001024291100058,0.0993883659959311,0.0896567886533657,0.0872351029992725,0.0830267155975658,0.0335700451904454,0.1936733376371852,0.1652679147837314,0.4506132989025178,-1.507519747371026,0.0586126783944506,0.1423828693706653
0,0.0858965653478717,0.0823644295628932,0.0749942971092115,0.0734634533967788,0.0721463890519129,0.00225,0.0155,0.0245,0.047,-1.3046064279187577,0.0850568336802154,0.1320133911158083
0,,,,,,,,,,,,
0,0.0919977967574295,0.0928868215378156,0.0838915692269249,0.0831010073256418,0.0771715080688531,0.0202020202020202,0.0987654320987654,0.031425364758698,0.1425364758698092,-1.5017622683881977,0.0440467701466026,0.1326401698408265
0,0.0985295586817357,0.0909566895452337,0.0853765628712542,0.0828091232328216,0.0782555028463302,0.0071942446043165,0.0359712230215827,0.0431654676258992,0.2589928057553957,-1.2933072617622792,0.0846342014504149,0.1024642898629877
0,0.089736437868657,0.0864790118125047,0.0801138096108805,0.0775443235609234,0.0733879702715729,0.0,0.0260047281323877,0.0189125295508274,0.1276595744680851,-1.3817748002784682,0.0458442772022697,0.1164742152208548
0,0.0908284905802569,0.0885453147939274,0.0838112173026188,0.0799533583114187,0.075536699133999,0.0105381480961079,0.135450330195307,0.0584515947730785,0.2739918504988057,-1.4062038602417282,0.0645775329712273,0.1214835963296189
0,0.0961538745742978,0.09420338178643,0.0880633162084414,0.0841072457307159,0.0792668985800264,0.0141700404858299,0.0870445344129554,0.068825910931174,0.242914979757085,-1.4226779536071184,0.1003871445008652,0.10723586195218
0,0.1098540041577579,0.114752114294947,0.100888245948121,0.1028792107880252,0.0902101804082001,0.0,0.6341463414634146,0.048780487804878,0.6585365853658537,-1.368442733166022,0.0747142157420203,0.1354826988701426
0,0.1032669727142645,0.0961696345884515,0.0907974582787487,0.0903464784598026,0.0814892474544593,0.025,0.05,0.0,0.175,-1.7993574351687305,0.029546287907836,0.1319686274421703
0,0.0976981039885165,0.096345511437023,0.0886313838347541,0.0874098452289767,0.0810154206135012,0.0207792207792207,0.1116883116883116,0.0311688311688311,0.2558441558441558,-1.838498583079446,0.0218791303705574,0.1303028349996167
0,0.0997548180351431,0.1096616226683252,0.0949499077351674,0.0915403050114743,0.0818834438449276,0.094017094017094,0.1367521367521367,0.1367521367521367,0.5641025641025641,-1.7048747318835913,0.0513652155196174,0.0754042311851497
0,0.0976963280766156,0.1095498800485346,0.0926416304971184,0.0983859638197748,0.0832463627070329,0.0204918032786885,0.1475409836065573,0.0860655737704918,0.319672131147541,-1.5844736809327888,0.0599529548093275,0.1078977422900993
0,0.1005460804332354,0.1116873381571629,0.0898326475288102,0.0906032221454989,0.085785212194136,0.03125,0.04375,0.06875,0.4625,-1.1168049887691085,0.1544411116401608,0.1545829838236397
0,0.0968971137785385,0.0933986247843235,0.0850901384534355,0.0804107248631182,0.077438142894252,0.0148148148148148,0.0333333333333333,0.0407407407407407,0.1592592592592592,-1.435929575310649,0.0722385807680155,0.1358067343319641
0,0.1113765804959311,0.1001423769416592,0.0861104948444999,0.0876422558204972,0.0848636346233991,0.0283687943262411,0.0709219858156028,0.0212765957446808,0.1276595744680851,-1.481309204368492,0.0524130797991785,0.1034455831717902
0,0.0700002653742734,0.0695756687202352,0.0600831942366428,0.0545801117658943,0.0544579111161144,0.0,0.04,0.08,0.16,-1.7133683596030356,0.0542907180385289,0.104001580660359
0,0.0918003499430835,0.0815617594462425,0.0836455345337499,0.0785142979779403,0.0787573688492463,0.0,0.0,0.0476190476190476,0.1428571428571428,-1.6979917042815829,0.0469065400187939,0.1039391792120386
0,0.0995823932073237,0.094136327732723,0.0887929196533264,0.0873843285178098,0.0805650477611518,0.0235602094240837,0.143979057591623,0.0811518324607329,0.2696335078534031,-1.728853595714129,0.0315124742993231,0.1181060118402511
0,0.1047639983587907,0.1119567566306737,0.0960599159141671,0.0944109491472389,0.089913102423611,0.0602409638554216,0.2908777969018933,0.0860585197934595,0.495697074010327,-1.152169060669577,0.1807001401938525,0.1661130661607414
0,0.0951496305888228,0.0899644120152429,0.0833984930603132,0.0830695491140069,0.0772424264715255,0.0118074477747502,0.0499545867393278,0.0254314259763851,0.1562216167120799,-1.4162366328183882,0.0773282550110155,0.1289195632278961
0,0.0948387992843697,0.0825986103406154,0.0830182874206071,0.0769297331804187,0.0759894573280526,0.0544747081712062,0.0894941634241245,0.1011673151750972,0.2840466926070039,-0.797601677727734,0.1252738027060612,0.1467629023401308
0,0.0895297553077477,0.0833852537384149,0.0791168411356467,0.0773140887292702,0.0741214396139122,0.0119760479041916,0.0431137724550898,0.0203592814371257,0.0646706586826347,-1.4647131357142391,0.0941009524342216,0.1394422295456921
0,0.1061685145744051,0.1024534241369171,0.0958706026682436,0.0924299939916872,0.0898846021653922,0.0747899159663865,0.1983193277310924,0.0823529411764705,0.234453781512605,-1.55522925921083,0.0550396639767576,0.1076004916826546
0,0.1011641035438107,0.0919753635581335,0.0844996329713165,0.0811119488487238,0.0829938438821031,0.0381861575178997,0.1694510739856801,0.1288782816229117,0.2028639618138424,-1.4676116386912637,0.0724142818696475,0.1401406567290068
0,0.1022351130594513,0.0982899383033488,0.0879299994138686,0.0881729972307612,0.0801242296416441,0.0155038759689922,0.1302325581395348,0.0542635658914728,0.2604651162790697,-1.3385669381740333,0.1213641029290625,0.1300894221782874
0,0.1061263300916992,0.1178557450138374,0.1024273954301362,0.085257960678098,0.0832232338695195,0.0,0.0,0.0,0.0,-1.506517915822965,0.0863759487165837,0.1839767736009916
0,0.1342179486803266,0.130547465056587,0.1006637965552212,0.1005305323607914,0.1058932365978826,0.0,0.0,0.0,0.0,-1.73593131353634,0.0478943379659151,0.1001691258644838
0,0.0983763520120811,0.0972697601096911,0.0868373419536828,0.0905805291284777,0.0806546271610998,0.004524886877828,0.0497737556561085,0.0497737556561085,0.0995475113122171,-1.5220309743209646,0.0453823290286035,0.0817070015623057
0,0.1008421412127017,0.102962859531689,0.0895052061447253,0.0897645137091349,0.0828789981034794,0.0529801324503311,0.0993377483443708,0.0397350993377483,0.0794701986754966,-1.3941151297166503,0.0822483538050677,0.1199342805721248
0,0.0958015913261728,0.0934040395206471,0.0855182905022655,0.0812368871755876,0.0840951601594407,0.0212765957446808,0.0553191489361702,0.0170212765957446,0.1361702127659574,-1.206124899775939,0.0915726760392546,0.1096855156996623
0,0.0831859173586909,0.0971676084045102,0.0840200510574667,0.0906653578354859,0.0670346992312187,0.0076145848586908,0.0282618245716796,0.5936447503294773,0.1029433299165324,-1.4441315294108068,0.0609601958620261,0.1025383924786218
0,0.1011038506910192,0.0993160351208606,0.089029287765791,0.0869055890934186,0.0839009902929794,0.0175438596491228,0.0766389658356417,0.0381655894121268,0.1600492459218221,-1.4394351054203467,0.0860942039511912,0.1526514699845372
0,0.0997408918228798,0.096946361626013,0.0870318595040007,0.0854238094340312,0.082010318764401,0.0127388535031847,0.0799073537927041,0.0260567458019687,0.1198610306890561,-1.4146239258481672,0.0659669696525609,0.1227370603266073
0,0.0967880567816782,0.1004638011642547,0.0928755325264036,0.0919162451759597,0.0810251437512201,0.0222222222222222,0.065079365079365,0.04,0.1996825396825396,-1.520712023698826,0.0653362660286436,0.1530394516739961
0,0.0834173554370078,0.0782227190703804,0.0803544074877614,0.0698755763154598,0.0636529393767925,0.054054054054054,0.1351351351351351,0.054054054054054,0.2432432432432432,-1.0215148197205015,0.1033756513556046,0.1391285983918477
0,0.1044902995926845,0.1061916845221344,0.0834769432810795,0.0856014877105655,0.0759478400645988,0.010752688172043,0.1075268817204301,0.0268817204301075,0.2526881720430107,-1.809444379943208,0.0192464716929873,0.0823976795725005
0,0.1002530798184866,0.1001228265631961,0.0878087794339905,0.088794900846297,0.0831883818697375,0.0066555740432612,0.1164725457570715,0.0316139767054908,0.2512479201331115,-1.3117759493493375,0.1195225325328246,0.1092942570700115
0,0.0909292315640174,0.1037657859631892,0.0884423167782556,0.0935433591510352,0.0805930969530569,0.0,0.2,0.1,0.3,-1.637305699481865,0.0673575129533678,0.0933406747365789
0,0.0919056193648229,0.0848176533737054,0.0782110424297852,0.076925145981659,0.0732267163590341,0.008414766558089,0.0390879478827361,0.0279587404994571,0.1053203040173724,-1.3734286205511743,0.1050592281832132,0.1329776927920802
0,0.1058303740072411,0.0856725579924066,0.0958407943881096,0.0709581163975551,0.0776822669744202,0.0,0.0714285714285714,0.0,0.0714285714285714,-1.2738731856378915,0.1187929717341482,0.2320327496653717
0,0.095958931815033,0.1009558419813758,0.0878971698367517,0.086520367909,0.080293217087151,0.0112485939257592,0.0416197975253093,0.0202474690663667,0.1057367829021372,-1.7098323320110826,0.033452985412822,0.1236848268323223
0,0.09338625274553,0.0925793253124279,0.0855458675277662,0.0822492123580889,0.0805613335167538,0.0070422535211267,0.028169014084507,0.028169014084507,0.1654929577464788,-1.3453143082390708,0.0664856247464499,0.1203611654283052
0,0.1039957804763413,0.0957848740138388,0.0907912326181501,0.0854761106269376,0.0827859425204378,0.0175585284280936,0.1647157190635451,0.0693979933110367,0.4707357859531773,-1.604448780371925,0.0573333743299901,0.1172190108919966
0,0.1117773960624924,0.0998676396634738,0.0925214595494564,0.0890171053138344,0.089881632402311,0.0791433891992551,0.276536312849162,0.1284916201117318,0.3202979515828678,-1.3782075150467763,0.0995927116494664,0.1411024884978847
0,0.0949073466400446,0.0985163964148156,0.0911629233405622,0.086735208447373,0.0785131202289459,0.0184331797235023,0.0783410138248847,0.1059907834101382,0.3963133640552995,-1.5168519198835,0.1094738815911224,0.0515542962529681
0,0.1029222790815196,0.1023723094353037,0.0907472727481059,0.0903000800538506,0.0832282136429624,0.0107775211701308,0.0892994611239414,0.0300230946882217,0.1601231716705158,-1.5627622320347485,0.0613566302727173,0.1265338336599382
0,0.1023268159870097,0.0889801777249612,0.0760387130999589,0.0687644022307075,0.0630301458933515,0.0,0.1666666666666666,0.0,0.3333333333333333,-1.6767446900736889,0.0580299089726918,0.0978612691720237
0,0.0971242273207411,0.078000934824096,0.0834297886847563,0.0773613446050055,0.0685391976391432,0.0,0.0350877192982456,0.0087719298245614,0.0964912280701754,-1.4117024004601093,0.1152655840629912,0.0535751395862019
0,0.0981233328248313,0.097036266504422,0.088130831607211,0.0840134024804336,0.0786083845945321,0.0047337278106508,0.0930177514792899,0.0312426035502958,0.2168047337278106,-1.8360104200806613,0.0243290860448853,0.1584941694871729
0,0.0991259583581259,0.1016154338436829,0.0933080350258283,0.0921228922005818,0.0829774164280248,0.0335463258785942,0.1198083067092651,0.0495207667731629,0.3099041533546325,-1.3601745864365282,0.1003989126179698,0.1122507249490692
0,0.0931806117210046,0.0949586538062643,0.0867508337754017,0.0831101239700959,0.0783262440323408,0.0071428571428571,0.0523809523809523,0.0333333333333333,0.1904761904761904,-1.4682192681466395,0.0709605803585453,0.1309612590574278
0,0.0939586803078369,0.0889978614224743,0.0820522216696537,0.0808262909727909,0.076006594401412,0.0043539107448297,0.0287669102783392,0.0136837194837505,0.0623542217384543,-1.4461540063318918,0.0670101687426595,0.1537761284160793
0,0.1018799933719607,0.1014522524093679,0.0915361147342581,0.0880884080016706,0.0839075358877703,0.0132219902574808,0.0902342843887729,0.0470888424959406,0.182092321967061,-1.4365750425465371,0.090862157953718,0.1368785501743897
0,0.0645116347374455,0.0842239570677955,0.0839257574256041,0.085814435667309,0.0787618117743746,0.0,0.0,0.0,1.0,,,
0,0.0965029089737836,0.0866584249204291,0.0849787694981191,0.080096703942364,0.0762226592407694,0.008827238335435,0.0504413619167717,0.0290037831021437,0.1941992433795712,-1.4336881111232205,0.0886055498144631,0.121655156513376
0,0.0919288138133546,0.0972324435320051,0.092541649561273,0.0886097748859732,0.0801444242531997,0.0110864745011086,0.0687361419068736,0.024390243902439,0.1330376940133037,-1.568852975384517,0.0572732999658721,0.1430992148843462
0,0.098655004170811,0.095951007825153,0.0868209141454106,0.0858011430659881,0.0808688718166264,0.0130229980604045,0.0595732889997229,0.0290939318370739,0.1307841507342754,-1.5010216294070422,0.0685186819763615,0.1260869815090618
0,0.0995937235506628,0.1028040159673023,0.0965170714014373,0.0955848925575473,0.0827949254178454,0.0230292294065544,0.0947741364038972,0.0363153232949512,0.2170062001771479,-1.5305236821521284,0.0658010757032086,0.1284247376865337
0,0.0958185862470473,0.0824760987262063,0.078589069265561,0.0740793501338613,0.0756614430899661,0.017094017094017,0.0512820512820512,0.0256410256410256,0.1452991452991453,-1.527338843171501,0.0486306483878365,0.115613381880653
0,0.0963068828073611,0.1016621816687527,0.093151944063609,0.0929274938920142,0.0791018059871724,0.0526315789473684,0.0953947368421052,0.0756578947368421,0.3552631578947368,-1.423817870523168,0.1138758809834661,0.1303203925803331
0,0.1056153082874043,0.118793544558688,0.0944708708926459,0.0986137971658115,0.0880575075785928,0.0,0.0338983050847457,0.0,0.135593220338983,-1.712176086669032,0.0469464745920496,0.0867659364364906
0,0.0928279125208313,0.0900108836199159,0.0863565642266848,0.0838970277351788,0.0825374134539185,0.0625,0.0625,0.09375,0.125,-1.207311772594141,0.103669432326832,0.1514121451353424
0,0.0951346288716556,0.0939923903843804,0.08693229561233,0.0844331261858065,0.0795899869097805,0.0067352002835873,0.0524636653668911,0.0138248847926267,0.1210563629918468,-1.4639352563248091,0.0574038666183576,0.096108554391674
0,0.103200992279817,0.0979387165363273,0.0865287219008928,0.0795682760207589,0.0811326576155281,0.0,0.1842105263157894,0.1578947368421052,0.1578947368421052,-1.840803618750936,0.023804098463827,0.133934274832834
0,0.1037755098713731,0.1017378767117577,0.0920661948598057,0.0922629363070805,0.0834769470935006,0.057057057057057,0.1771771771771771,0.1021021021021021,0.3933933933933934,-1.4221264962348266,0.0651899692098936,0.1011460733070479
0,0.1004791445281598,0.077866879636175,0.0780430336171374,0.094532319478317,0.0626325765436599,0.0,0.2,0.0,0.0,-1.239029007445135,0.0779258327146909,0.0973641779604082
0,0.0988117428676267,0.0972790610163114,0.0887458441784093,0.0866873432668842,0.0792101475905401,0.0242214532871972,0.0484429065743944,0.0761245674740484,0.2698961937716263,-1.8118267194152773,0.01837980558035,0.0735617758787855
0,0.0790506628916587,0.0807912072036695,0.0770769266951193,0.0749622309907811,0.0650034150761196,0.0,0.0454545454545454,0.0,0.0757575757575757,-1.3996500794339517,0.0545021659187896,0.1109104152438943
0,0.0940220559944532,0.0926935424285224,0.0849007602910976,0.0824770772565974,0.0824525797831487,0.0,0.0,0.05,0.1,-1.4761526647746777,0.0782806004975639,0.1465845387839851
0,0.0867897407871505,0.0552544849812447,0.0739449132995458,0.0557514777088362,0.0652608332596416,0.0,0.0,0.0,0.0,,,
0,0.1081165945613738,0.1040445862506973,0.0880901804634709,0.0844757453852165,0.0819371735697643,0.0429184549356223,0.296137339055794,0.0300429184549356,1.6652360515021458,-1.596871853607617,0.0704904168304673,0.0972312154922437
0,0.1099744654258814,0.1149305669451149,0.0968695171065856,0.0957817942396943,0.0865872747098054,0.1111111111111111,0.6666666666666666,0.1111111111111111,0.5555555555555556,-1.643070805618068,0.0625391706508202,0.0847807093945435
0,0.0927638138325937,0.0917405887222514,0.0846292328423171,0.0799988087389427,0.0738921134279316,0.0046948356807511,0.1643192488262911,0.056338028169014,0.215962441314554,-1.6023343678310895,0.0353201823427851,0.100728733871615
0,0.0928585912146464,0.0927071155896091,0.0836921756494648,0.0806668984638552,0.0696863108282628,0.0084745762711864,0.1016949152542373,0.0084745762711864,0.1016949152542373,-1.4727999149140545,0.0686161588393132,0.1058156082852146
0,0.0936166110658794,0.0919430295255356,0.0859025003332833,0.0840221911429809,0.0791194646877723,0.0127516778523489,0.0466442953020134,0.036241610738255,0.1201342281879194,-1.274171224968885,0.0646199899952748,0.1197137825771889
0,0.0876453619914618,0.0858590473320977,0.0790023203909657,0.0753326961396963,0.0744229126607198,0.025,0.0708333333333333,0.0583333333333333,0.1625,-1.3532959632930244,0.0851538489672825,0.1541588593710589
0,0.0902279214782425,0.0845687232160213,0.0852164544011519,0.0847712246249904,0.0666745821872483,0.0122199592668024,0.0733197556008146,0.0244399185336048,0.185336048879837,-1.4880788631881623,0.0430282282057862,0.1116158328080937
0,0.0965529394175798,0.0922118687473451,0.0882792626590899,0.0829994360441367,0.0765000005156481,0.0264900662251655,0.0794701986754966,0.0596026490066225,0.2980132450331126,-1.5791014595914945,0.0356344432941064,0.122657488203594
0,0.0974061903721197,0.1004088417914464,0.0914909605744962,0.0890461814126246,0.0819114015044031,0.0520191649555099,0.2197125256673511,0.0917180013689254,0.4914442162902122,-1.5892197305720723,0.0618578604569491,0.1113114954294834
0,0.0982739676665653,0.1017607918028405,0.0870793567704994,0.0877711460760571,0.0807462965483671,0.0392156862745098,0.0915032679738562,0.0915032679738562,0.3856209150326797,-1.460278681694588,0.0197081963237797,0.1168373269807375
0,0.0838593467394959,0.0867582832990721,0.0790941231515183,0.0770475270721244,0.071685590454826,0.0186915887850467,0.0404984423676012,0.0062305295950155,0.1775700934579439,-1.62290263267794,0.0797214807018987,0.1227648800703755
0,0.0879916428211714,0.0779401582236127,0.0806310187469621,0.070999614399081,0.0691878231146542,0.0344827586206896,0.0344827586206896,0.0344827586206896,0.1379310344827586,-1.1323745989132707,0.1132137301892347,0.1572506541403115
0,0.0939812950049983,0.0968276307376736,0.0860505566925365,0.082296597370301,0.0802100822610439,0.0717094610224381,0.303030303030303,0.3259310663890816,0.3844552394170715,-1.2333302554142134,0.0937161225995634,0.111718085889866
0,0.1019917705652796,0.1007480546971821,0.092315138095893,0.0919045913536293,0.0864576266049308,0.0683636363636363,0.3098181818181818,0.0989090909090909,0.416,-1.5235844162009735,0.0734250768045167,0.1465702140525951
0,0.0640875617643179,0.0588182279666672,0.0597590483310949,0.0563828688870858,0.0555233244668357,0.0,0.0,0.0,0.0175438596491228,-0.9773413897280968,0.0302114803625377,0.0330520029925516
0,0.0640486543616382,0.0672758819912263,0.0564400029176809,0.0452770770796442,0.0561006691731261,0.0,0.0,0.0,0.0,-1.127585616486816,0.1180065600864867,0.1403683904472155
0,0.1004726430732444,0.092664567892501,0.085206477195469,0.0821386585303291,0.0788345618434193,0.018018018018018,0.054054054054054,0.081081081081081,0.1801801801801801,-1.047933753314284,0.0466876954299124,0.1117500032716344
0,0.0947212392708806,0.0886274862104421,0.0848102545474648,0.0836652254534001,0.0754641285396392,0.0022123893805309,0.060287610619469,0.0259955752212389,0.1327433628318584,-1.377166054001612,0.0477762025947595,0.1243031772499051
0,0.102045457480892,0.1073946396338761,0.0952646109995962,0.0979405748767225,0.084163363933848,0.0584518167456556,0.2006319115323854,0.0979462875197472,0.4723538704581358,-1.6380600950337427,0.0568838371136958,0.1305045900741747
0,0.0974852064441612,0.0951501012448514,0.0872033406818198,0.0862539293323986,0.0780663920071861,0.0094195060393005,0.0543987741121326,0.042365242473409,0.1572020912204795,-1.526850311668266,0.0783263692125409,0.1456587882526445
0,0.1168765210040073,0.1224641727390932,0.1134082463314185,0.11477334823978,0.1016128334817228,0.0,0.0,0.0,0.0,-1.4799999999999998,0.1085714285714285,0.1269799252396226
0,0.1048123231591095,0.1103056113246147,0.0933893526222258,0.0940937241724709,0.0862300157426623,0.0151024811218985,0.0798274002157497,0.0226537216828478,0.1413160733549083,-1.3549807917753218,0.1139969411805203,0.1523030309204123
0,0.1009784862888893,0.0999199357755917,0.0897809560870598,0.0902194132010133,0.0838689183996371,0.0610021786492374,0.1053013798111837,0.0580973129992737,0.2527233115468409,-1.4737004018096418,0.0923677812368847,0.1271679194018396
0,0.0965206324580291,0.0884749619998304,0.0840814733205965,0.0803274934671929,0.0784255324410772,0.0154696132596685,0.1270718232044199,0.0773480662983425,0.3370165745856354,-1.570210150704159,0.0507157626916978,0.1167685702489177
0,0.0721677872426885,0.0695438715447288,0.0653970649707089,0.0640038414862924,0.0619923812446345,0.0,0.0126582278481012,0.0126582278481012,0.0759493670886076,-1.5791512402184484,0.0625331360734022,0.119901828641447
0,0.0975852799250363,0.1000682265749876,0.0887837978333014,0.0877308094936877,0.0817597928061964,0.0126582278481012,0.050632911392405,0.0253164556962025,0.1772151898734177,-1.556431858126066,0.0699148147549244,0.1077942441744079
0,0.0935046961974986,0.0924033416220253,0.0856681652192516,0.084282516826052,0.0784975806451046,0.0142857142857142,0.0642857142857142,0.0375,0.2696428571428571,-1.3527058247361836,0.0707139477191674,0.1095954971318195
0,0.0880153255118738,0.0862133962937984,0.0815415266208794,0.0811923043692213,0.0713033347041743,0.0060240963855421,0.0481927710843373,0.036144578313253,0.108433734939759,-1.534398531799191,0.050621791133811,0.1129365435890245
0,0.0551752828445745,0.0931241984317156,0.0893259504331403,0.0617877534766992,0.0492749199665134,0.0,0.0,0.25,0.0,-1.2090032154340835,0.22508038585209,0.1307623663473684
0,0.0850803334103911,0.0761064354936815,0.0778406348726221,0.0727589666410683,0.0706540602121444,0.0100502512562814,0.0494137353433835,0.0351758793969849,0.1113902847571189,-1.4180753301684634,0.0664569691132011,0.1285445182816999
0,0.0930142581372209,0.0959088915370185,0.0821484211401892,0.0842812783371022,0.0769664130544813,0.0,0.0294117647058823,0.0294117647058823,0.1764705882352941,-1.345339174249882,0.0942620116687047,0.1015103379267578
0,0.0933355349035544,0.0908911508605706,0.0832397284942701,0.0782152627935025,0.0768500644212788,0.032258064516129,0.0967741935483871,0.0564516129032258,0.0967741935483871,-1.322044768378105,0.1184891870357713,0.1508823671967334
0,0.0926570959553536,0.0896642162824498,0.0845213785062291,0.0789994899236003,0.0749994843999215,0.0063391442155309,0.0538827258320126,0.0475435816164817,0.1664025356576862,-1.4959536336790502,0.0734718074678094,0.1068275104202183
0,0.0938403711042852,0.0998361757318524,0.0864158319420198,0.085447761419277,0.0767880194197035,0.0537534754402224,0.1501390176088971,0.0481927710843373,0.2585727525486561,-1.4814552460030186,0.0686599882167154,0.0995703155525356
0,0.1008061013059874,0.0993512733049884,0.0885371221952421,0.0892940916666744,0.081158424981051,0.0091074681238615,0.046903460837887,0.0200364298724954,0.1425318761384335,-1.4674173586033925,0.0781026067950636,0.1200633103091336
0,0.1041252286604154,0.098852223681969,0.0922017296342255,0.0886859979793596,0.0849594617397165,0.0229982964224872,0.0847529812606473,0.057495741056218,0.1490630323679727,-1.52566647873192,0.0744793087410512,0.1556639268488562
0,0.1071667436763128,0.1052411186276044,0.0914473593335161,0.0902599883112148,0.0870648900853455,0.011048951048951,0.0793006993006993,0.024055944055944,0.1576223776223776,-1.5025122198207226,0.0920854715121249,0.147903292707364
0,0.0807576516754121,0.0820540116547148,0.0742486470011324,0.0724363685695306,0.0691804608364716,0.0045132172791747,0.0354609929078014,0.011605415860735,0.0934880722114764,-1.4331784506082708,0.0799155600406008,0.1546542093843975
0,0.0996203411096477,0.0948361787999205,0.0862518001322542,0.0841607757855051,0.0816253122212268,0.0337837837837837,0.1264478764478764,0.0723938223938223,0.2683397683397683,-1.4173964208472942,0.0844466081709437,0.1364307061880063
0,0.1037454435714206,0.1070441941650973,0.0944343822025879,0.0928647317513482,0.0874502034840838,0.0255376344086021,0.1599462365591397,0.0461469534050179,0.2271505376344086,-1.2858250802255973,0.111937582401262,0.1552200751858243
0,0.0890176478981137,0.0882579827952348,0.0787475722688117,0.0776427306473161,0.0743385095300514,0.0061980101125428,0.0503996085467297,0.0167998695155765,0.0654053172402544,-1.5264111301767314,0.0664024598667667,0.1517979435915361
0,0.0968377399564896,0.0954083669047053,0.0864137845376096,0.0855028675967575,0.0799215810352264,0.0155292194523906,0.0559869227625664,0.0322844299141806,0.1385369840621168,-1.4880302776840453,0.0716746969061618,0.1463913627643492
0,0.1004858029432249,0.0952796557792597,0.0914627941654343,0.0872763705842339,0.0815129506817837,0.0426332288401253,0.2031347962382445,0.1717868338557993,0.709717868338558,-1.4388109792926678,0.0517921903704479,0.1304303972139258
0,0.0994175764251787,0.1021888014232533,0.0916975515447722,0.090129262946846,0.0829960986950724,0.0598705501618122,0.1333795654184003,0.0695792880258899,0.3411927877947295,-1.5160669575303345,0.0856698910615289,0.1257560303715762
0,0.1088370693981006,0.1129104274213789,0.0986880939477728,0.0979252263090974,0.0909480519442872,0.0131578947368421,0.1447368421052631,0.0789473684210526,0.3190789473684211,-1.452549868939887,0.1001823102499884,0.1311925808913613
0,0.1094703306026072,0.1112085509818003,0.0983166177660961,0.0993983311209083,0.0905536769660638,0.0515267175572519,0.299618320610687,0.0610687022900763,0.3358778625954198,-1.5590745046006491,0.0623678086056203,0.1343023042986668
0,0.1087928466779525,0.1046345955850431,0.0957517693915915,0.0933059703152052,0.0884923226847465,0.071625344352617,0.215564738292011,0.1026170798898071,0.3326446280991735,-1.4154335058131295,0.0686438240450056,0.1461278429082612
0,0.1069277256595887,0.1147541697826933,0.093894783617526,0.0900360629650382,0.0835542545278045,0.0095693779904306,0.0790880945679707,0.0244863495637489,0.2105263157894736,-1.5020867493838204,0.0679074089823476,0.1382818880244413
0,0.0990097827555082,0.0961171112840698,0.085947916588925,0.0852107783769828,0.0806126373849648,0.0107276953334525,0.0909172179510102,0.0290541748614339,0.1521544788128017,-1.3600585458880754,0.0734697305795279,0.1157694373771402
0,0.0976263481437761,0.097002411872139,0.0853191802277555,0.0829767650640442,0.0787094570081798,0.0129151291512915,0.0424354243542435,0.022140221402214,0.066420664206642,-1.369651677721252,0.092392008609786,0.1170005400641319
0,0.0975425507275775,0.096985236230541,0.0882149411867209,0.0868939721027713,0.080751181185629,0.0165853658536585,0.073170731707317,0.0575609756097561,0.2107317073170731,-1.23724493691261,0.0649459877367046,0.088199765940564
0,0.109585059217524,0.1172981458095939,0.0980819775851812,0.096059901687762,0.0871714583395091,0.0495049504950495,0.198019801980198,0.0569306930693069,0.4306930693069307,-1.3278982727072932,0.0824218689932935,0.1560421225426567
0,0.1073158522025658,0.1031555575187009,0.0922352720617414,0.0910665645079405,0.0882108093349544,0.0459503365049895,0.1433047110698538,0.128452077048039,0.4317707124622882,-1.3607005265648722,0.0845610570123438,0.1150433016166211
0,0.1066087246886777,0.1016155196297486,0.0908925215935945,0.0891320991895137,0.0862263971960987,0.0243212669683257,0.1084841628959276,0.0881221719457013,0.4245475113122172,-1.4224706231790256,0.0294999261871636,0.0751437195043105
0,0.0979414612547132,0.0912484838976664,0.0846261406001164,0.0833444516293017,0.0781166484599734,0.0171394799054373,0.149822695035461,0.0499408983451536,0.2266548463356974,-1.4497288893219948,0.0947953265605839,0.1520603203033975
0,0.0851441843755704,0.0785685365280602,0.0746315114517407,0.0712709802324007,0.0697093323676842,0.0098771193031575,0.0565406750661067,0.0327422616270026,0.1068595426971535,-1.7498091115094636,0.0244007115424825,0.1293513054445744
0,0.0972451815130029,0.1023810866403133,0.0933489600454911,0.0928888866703024,0.0817286499089792,0.0179487179487179,0.0846153846153846,0.0717948717948717,0.2025641025641025,-1.598779230614547,0.0550919894635656,0.1595363232804894
0,0.0904193457454499,0.0874107961758498,0.0802187643433104,0.0785228720792009,0.076803814281103,0.0120827040258319,0.0773918025102859,0.0237487630852559,0.1142128014165928,-1.4383769799926198,0.0819488713498465,0.1656195255868035
0,0.1061740382261443,0.0993886003875868,0.0908945881173155,0.0875375754618204,0.084510372478002,0.0169440242057488,0.132375189107413,0.0800302571860817,0.3366111951588502,-1.5174743427386954,0.0798010406778911,0.1294238278783818
0,0.1038208182658717,0.0995549590288384,0.092351899296515,0.0919849899497364,0.0853678740228462,0.010752688172043,0.0558718110900274,0.0510225595614589,0.1977651275563989,-1.2755434616362866,0.0522156521659733,0.135757239015951
0,0.0880792630850163,0.0874602282717766,0.0806594368436198,0.0801146229750104,0.0716350333891213,0.0078243311458859,0.0454316002019182,0.0177940434124179,0.1356638061585058,-1.5540981863721772,0.0354916369589265,0.1138968191967691
0,0.1075182986178371,0.1062624933166494,0.0994536156311364,0.092102352546892,0.0934824656206082,0.1198129748684979,0.7048509643483343,0.5265926358854471,1.440093512565751,-0.600762868869944,0.0188179185777285,0.1597497025641052
0,0.1040788200906497,0.1029396981057938,0.0922252687717418,0.0918948085142479,0.0859338450208256,0.0241286863270777,0.1131963062257968,0.0327673518022043,0.2147750968126303,-1.4818309668971,0.0756040156198617,0.1470999788071534
0,0.1018343957733545,0.1057707806783963,0.0954809473686885,0.0907977390445195,0.0868937307110857,0.0075471698113207,0.0792452830188679,0.0433962264150943,0.2773584905660377,-1.3696504035503931,0.0386237928618089,0.1289773153574021
0,0.1045457719188862,0.1034443351980757,0.0945635402653755,0.0906701037879642,0.0861757141331756,0.0061465721040189,0.0884160756501182,0.0425531914893617,0.2567375886524822,-1.4054818894135097,0.0479089035422156,0.1239482401037423
0,0.1014758990141992,0.1111232577665492,0.092947075354928,0.1008329070763328,0.0827061442432228,0.018450184501845,0.0797368843253649,0.022140221402214,0.1792074442483555,-1.6619459347207013,0.0425242196300079,0.115077177028655
0,0.1019154533841478,0.0994571178098742,0.0884454245297455,0.087129644392753,0.083840282702184,0.022540440201538,0.0978520286396181,0.0392468841156192,0.2108194112967382,-1.49787463008191,0.0755739800671255,0.1219319843119556
0,0.0927709183621394,0.0891895980961217,0.0826207669102002,0.0799009510696027,0.0773045683692512,0.0114955742039314,0.0513852166915737,0.0241407058282561,0.1113921140360961,-1.3253120629993724,0.0848641091621435,0.1366643988636212
0,0.095388364369216,0.0945403584528389,0.0886823789614506,0.0854983513158573,0.0740934225314094,0.0058651026392961,0.093841642228739,0.0527859237536656,0.4340175953079179,-1.8087374209786533,0.0141043408948268,0.0900965738959759
0,0.0335017506537251,0.0297413776192774,0.0318731859090814,0.0228624892044909,0.018746506198415,0.0,0.0,0.0,0.0,,,0.0632516121035087
0,0.0955113966886537,0.1066701384888276,0.0895940316693783,0.0943262411240474,0.0791472030776027,0.0083752093802345,0.0485762144053601,0.0201005025125628,0.1323283082077052,-1.7812069323988655,0.0286443905141979,0.1057760136988538
0,0.0914742360850792,0.0910886413114896,0.0845165331451448,0.0748641515002404,0.0746978691599977,0.0,0.0,0.0,0.5,,,0.118117104737931
0,0.099144228339696,0.1035454925934169,0.0933001090765502,0.0917508514504483,0.0853392492725558,0.007278020378457,0.131004366812227,0.0174672489082969,0.2125181950509461,-1.6084010242647466,0.0722201333398147,0.1321590262095571
0,0.0986972687518261,0.0973690778759353,0.0876286899634174,0.085543543108245,0.0826857875005916,0.0173024807171148,0.1279966645820304,0.0446112153429226,0.2461955388784657,-1.6278652919473613,0.0575397819010419,0.1435791216807592
0,0.108808530903595,0.1044885135304961,0.0925874504027404,0.0911870535156526,0.0864726478877445,0.0195044807590933,0.1273062730627306,0.0682656826568265,0.3062730627306273,-1.6843635514437385,0.0339088598117014,0.1141517520154345
0,0.1064608204191373,0.1054156376244471,0.0955534625844716,0.0933071425812928,0.0860413845974934,0.0230645808263136,0.1173285198555956,0.0471319695146409,0.2924187725631769,-1.5105221762462884,0.0703671866961435,0.1380700245372066
0,0.0989277450331315,0.0955674853661167,0.0875587157256063,0.0841231496986369,0.081945621530233,0.0220338983050847,0.0864406779661016,0.0932203389830508,0.2271186440677966,-1.2461623210000727,0.1300670815031277,0.1232665282015758
0,0.0993217510858445,0.1001758903669395,0.090576501134545,0.0890951973152289,0.0819230800145401,0.0196560196560196,0.0786240786240786,0.0343980343980344,0.1744471744471744,-1.5256961093613153,0.0744965075557367,0.1221374607779815
0,0.0995973303652159,0.098783994786027,0.0912373552559307,0.0902367562240677,0.0830346041816557,0.0464516129032258,0.1458064516129032,0.1178494623655913,0.3883870967741935,-1.3996855781484585,0.0595107127541801,0.1278323494602472
0,0.10385809955838,0.1034158735269221,0.0968337571099943,0.0938434491300996,0.0851045734599476,0.0093457943925233,0.102803738317757,0.0327102803738317,0.2383177570093458,-1.5745856152804685,0.0773041532442521,0.1089829579098717
0,0.0969698691565736,0.1016843670187966,0.0890324117791343,0.0897996872651822,0.079915488904037,0.0095923261390887,0.0671462829736211,0.022062350119904,0.1630695443645084,-1.5728184464688142,0.0605451760545617,0.1327737633920314
0,0.1142378473631865,0.1027696956855921,0.0984021959468287,0.088280595142651,0.0880408277511871,0.074074074074074,0.2037037037037037,0.074074074074074,0.3888888888888889,-1.4695256484128425,0.1150085003646345,0.146789583073144
0,0.10085714932073,0.1069546386757697,0.0905569187047916,0.0894382356341149,0.0822055836834911,0.0097481722177091,0.087327376116978,0.0467099918765231,0.1770917952883834,-1.5152771484990435,0.0600922449962435,0.1195458054851098
0,0.1124083865488821,0.1125250242878572,0.0963701683319672,0.0994145599664499,0.0924139976605327,0.0765987350667603,0.1510892480674631,0.1328179901616303,0.2740688685874912,-1.4534932243052483,0.0882928422970149,0.1366589733606227
0,0.099831852303447,0.0963937574708855,0.0885008588886526,0.0845058513518378,0.0779411617745842,0.011214953271028,0.102803738317757,0.0429906542056074,0.2579439252336448,-1.5719954389363504,0.0737217549472428,0.1260102330642361
0,0.1067989348219386,0.1015724300062062,0.094734982309735,0.0915329134954983,0.086634803682015,0.0867158671586715,0.2630996309963099,0.1350553505535055,0.5509225092250922,-1.3965673804200631,0.0720367530684536,0.1239852171554539
0,0.0940607374797107,0.093075961400727,0.0858206671738067,0.0864727635077254,0.0767513241530388,0.0103331276989512,0.07449105490438,0.0320789636027143,0.2483035163479333,-1.3678858380888008,0.0750069014227164,0.0986041280056887
0,0.1034273318809203,0.0999112679567642,0.0899208864405825,0.0878481473496977,0.083863012889026,0.0058976905885274,0.0541345915073255,0.0148994288552272,0.1224857213806804,-1.4437705162461214,0.0859806232013245,0.142750152208174
0,0.0973230230555839,0.0956716324771038,0.0875987345022633,0.0871381936090021,0.078107345237364,0.0046189376443418,0.0315627405696689,0.0173210161662817,0.0781370284834488,-1.7227009936763529,0.0386658078262495,0.1038749980432104
0,0.1163912919121239,0.110363158748249,0.0987274561779875,0.0962288490539787,0.0957943964570184,0.0367331717322394,0.14581391012493,0.058176393809435,0.2256199888122319,-1.280408180151673,0.0999243406813497,0.1552561543043216
0,0.10185082916645,0.1028812091822554,0.0891810231292239,0.0872356284214786,0.084501337252862,0.017910447761194,0.0880597014925373,0.0462686567164179,0.2186567164179104,-1.4329201145953263,0.0453072643765146,0.1305785661065981
0,0.1075849880111839,0.1058578977690136,0.095786547215875,0.0938293372973259,0.0966132784535286,0.0344827586206896,0.1551724137931034,0.0172413793103448,0.2758620689655172,-1.4809092677045446,0.0726537038680787,0.1618475224818735
0,0.0989769727034093,0.0946340349169001,0.0866001628987389,0.0834377233631789,0.080845038631442,0.0069289226642825,0.0815824765310684,0.0348681269557443,0.1299731783638802,-1.3948663933787186,0.099028092441165,0.1563188172829094
0,0.0981327183697994,0.0955484800596939,0.0869391280178302,0.0843723655028354,0.0811624021362071,0.0140470766894457,0.0979498861047836,0.0622627182991647,0.2479119210326499,-1.401136654911501,0.0894411246810452,0.1273592559126225
0,0.0949763186907553,0.09673163617765,0.0867230157328911,0.0877995979094489,0.0833093380212113,0.0429835651074589,0.1340075853350189,0.1248419721871049,0.4118204804045512,-1.455144703870585,0.0624498026343443,0.0730733639393309
0,0.0970532294506484,0.0987087068123712,0.0886618995836262,0.0864906847297062,0.0813400313156233,0.0175695461200585,0.1039531478770131,0.068814055636896,0.2957540263543192,-1.3263823909894084,0.0446234789560751,0.0866872837360253
0,0.1233575165521762,0.1251974335012762,0.0982541087693987,0.0956027534520753,0.0908321479963126,0.0625,0.0,0.0,0.0625,-1.859193913367672,0.0395619834382403,0.1033591941345932
0,0.1164788185652059,0.118204649046934,0.1000293047101273,0.1031581362185321,0.0915172959156753,0.0863150129103651,0.2596827738841756,0.0955367023238657,0.5909258576171155,-1.2516244454915384,0.1764892853208558,0.1701663991770031
0,0.1069659218407079,0.1083489712887384,0.0946858633675534,0.0962712331904052,0.0850373703552762,0.0725075528700906,0.175226586102719,0.0332326283987915,0.3474320241691843,-1.3939164365394792,0.1174703741969882,0.1207485639559867
0,0.1068918926162018,0.1061570466774846,0.0946470871910421,0.0929257385788034,0.0870370300487982,0.0391006842619745,0.1309872922776148,0.0547409579667644,0.2561094819159335,-1.416099259722736,0.0762676039050734,0.1026372148408846
0,0.1070122072001806,0.1075838933379414,0.0957217632361562,0.0925963322860173,0.0864298170866195,0.0343007915567282,0.1864555848724714,0.0659630606860158,0.3658751099384345,-1.3963840929374811,0.0781439509626029,0.1085544438136717
0,0.1016489069752547,0.0985530990233034,0.091571524092326,0.0879586164593956,0.0837780308430067,0.0282846715328467,0.1222627737226277,0.1186131386861313,0.3421532846715328,-1.23982377429882,0.0501793235584015,0.0974990492411086
0,0.1063388267945647,0.1112320675870968,0.097250038345324,0.0986167712323417,0.0874781018847009,0.0420757363253856,0.1458625525946704,0.0904628330995792,0.4810659186535764,-1.2937880570383784,0.1402473988004613,0.143989172279669
0,0.0989059601806402,0.104600056809336,0.0886120445320412,0.0915970885446532,0.0826714481075319,0.0382775119617224,0.138755980861244,0.0717703349282296,0.3301435406698564,-1.2800597010643184,0.0584232724112608,0.1228173903408059
0,0.1036967465393421,0.1067702580564989,0.0998835413213355,0.0982536156440552,0.0851159114642284,0.0131736526946107,0.1724550898203593,0.0281437125748503,0.2526946107784431,-1.557140349380683,0.0589178024029759,0.1254633265047117
0,0.0978445090115481,0.0985191331146756,0.0874609926652643,0.0857059147954686,0.0791810244273426,0.0091524074810982,0.0628730600875447,0.0258654994031038,0.1635495423796259,-1.5945588929001164,0.0315470816309311,0.0857153594646409
0,0.0959607860759201,0.0954607065148254,0.0867293963577196,0.0838096919522153,0.0781729876792244,0.0081094630061042,0.0951608622570847,0.0260977264014626,0.1688832532216684,-1.61580115347791,0.0487586146126041,0.1436391668778806
0,0.1065955935667577,0.0988840448304964,0.0933755308609654,0.0911654139704277,0.0822875233887273,0.0441988950276243,0.154696132596685,0.0497237569060773,0.2099447513812154,-1.446489266860886,0.0936957364424588,0.1243028152581632
0,0.0976699125959507,0.1070792494577342,0.0870622627277291,0.0855275674869437,0.0822479108643899,0.0,0.0,0.05,0.3,-1.4551089193275293,0.0688554153339375,0.1235321748255748
0,0.101237065495289,0.0948355027740485,0.0871843287896397,0.0881801216062833,0.0798711710937481,0.0171755725190839,0.0801526717557251,0.0610687022900763,0.2748091603053435,-1.3452999496461466,0.1224935999486813,0.131191179337222
0,0.1039364142613861,0.1097383694005454,0.0945265869082795,0.0965992236392553,0.0833711906311463,0.0,0.0307692307692307,0.0307692307692307,0.0769230769230769,-1.5211688473005918,0.0656647211577887,0.1495776695436556
0,0.099444472513733,0.1002559885638856,0.0940675353587689,0.0891394780013125,0.080560518279558,0.0762886597938144,0.4144329896907217,0.1360824742268041,0.5154639175257731,-1.6093260236084257,0.0302712146313074,0.0931949151853619
0,0.1036790161985523,0.1110687915041293,0.0918508813185133,0.0942294100576277,0.0810646085743408,0.0411280846063454,0.2150411280846063,0.0517038777908343,0.4888366627497062,-1.6280731683953158,0.0669676036658409,0.1156138135769856
0,0.0995857071464629,0.1030650840102671,0.0879910826096616,0.0873914591211349,0.0818002008862638,0.01018025031439,0.0676687226780046,0.01503084017007,0.1104856578238217,-1.5193329410797105,0.0513209778951116,0.095391257378101
0,0.0988307661404891,0.0950844438378129,0.0858403317622214,0.0827788568127651,0.078154150528742,0.0070993914807302,0.075050709939148,0.0192697768762677,0.1511156186612576,-1.4899283855623635,0.0679275180708119,0.1221613533451709
0,0.0904423447251445,0.0898429301947464,0.0799978275753494,0.0788961824719952,0.0719248942095654,0.0042735042735042,0.0555555555555555,0.0128205128205128,0.1282051282051282,-1.414713977526228,0.1204793073690462,0.1353243053216802
0,0.0966697911266713,0.0953711264224101,0.0848102535299602,0.0842571119184713,0.0792333752790937,0.0104935872522347,0.0788962300816168,0.0345899727944034,0.1643995336183443,-1.5510078386934505,0.0540370316318016,0.1341641064101225
0,0.0909305387447999,0.090332660294676,0.0860419520181627,0.0851689939508503,0.0742777390971453,0.0161527165932452,0.1027900146842878,0.0279001468428781,0.2276064610866373,-1.5666395165166676,0.0514278185931824,0.1278870395105205
0,0.1063823430212745,0.1007359842176506,0.0914799670283648,0.0891100307541678,0.0883268597446913,0.023370233702337,0.1537515375153751,0.082410824108241,0.2730627306273063,-1.5496126190169883,0.0483906033492469,0.1162261077351924
0,0.0980763774466156,0.099488044118676,0.0867160668733706,0.0877378306282872,0.0820626216616912,0.0171730515191545,0.074416556583003,0.0290620871862615,0.1624834874504623,-1.508602061206154,0.0855346531209763,0.131449519941707
0,0.1018376219454732,0.1035861569590635,0.0936224535179205,0.0892178325197533,0.0878384203806812,0.0310445022174644,0.1480348677167762,0.0812050772289341,0.2787888056277718,-1.3066762997418797,0.1118856366480799,0.1495241009608934
0,0.1013140135330697,0.0964253554689294,0.0885640085077511,0.0839530871942364,0.0780301744474451,0.0094562647754137,0.0839243498817966,0.0419621749408983,0.3989361702127659,-1.5682847967358415,0.0728786864531612,0.1044184977795503
0,0.09723620694517,0.0952773457893259,0.0863984696958421,0.0827850552617795,0.0806481740861514,0.0106698280972139,0.0515708358032009,0.0231179608772969,0.1387077652637818,-1.223312365918634,0.065904711285092,0.0922070028424803
0,0.1003830945185753,0.0973722228775463,0.0893167657711468,0.0875511282449625,0.0824099321765379,0.0305177111716621,0.108991825613079,0.0773841961852861,0.2544959128065395,-1.5691688220034845,0.0608253222338647,0.1183619209509704
0,0.0997055293907955,0.0946909325529914,0.0869031818481584,0.0820625190110919,0.0835805092378537,0.027803099361896,0.1645396536007292,0.0774840474020054,0.365542388331814,-1.5404619091768426,0.0326296047592404,0.1135986988350947
0,0.0977546414079179,0.0921370190340303,0.0817262382391884,0.0825350124022105,0.0769657573571943,0.00836820083682,0.0167364016736401,0.0167364016736401,0.0836820083682008,-1.6095319229263725,0.0538332278865926,0.1048563141911912
0,0.1018430140791588,0.1023689325887343,0.0883377196298445,0.0882071449766729,0.0846092772137902,0.0082644628099173,0.0909090909090909,0.0413223140495867,0.1900826446280991,-1.340226781142965,0.1059315880057042,0.1271724358578179
0,0.1102903825800361,0.1151235300581227,0.0900077957012356,0.0974840584673219,0.0815587030250212,0.0,0.0,0.0,0.0,-1.506517915822965,0.0863759487165837,0.1623441467068966
0,0.102870676962586,0.1053561987160326,0.0941261139239401,0.0935587576148071,0.0832797267180055,0.0090252707581227,0.0722021660649819,0.0324909747292418,0.167870036101083,-1.4875893688585449,0.1005999788394862,0.1286697589907281
0,0.0928685478755831,0.0935855051264523,0.0833207226559908,0.0821531370390724,0.0781776815340734,0.0185185185185185,0.0405643738977072,0.0167548500881834,0.0564373897707231,-1.36547951777802,0.0988927492219381,0.1419880602457427
0,0.0981913904147377,0.1010152830360271,0.0897927912366052,0.0891500130558284,0.0828381286621013,0.0099547511312217,0.03710407239819,0.0162895927601809,0.1294117647058823,-1.6481697135685276,0.0202719810568671,0.0886124350836914
0,0.0949689027162901,0.0938759578831619,0.0882859716606522,0.0829634589365421,0.0793609537807217,0.0279369627507163,0.1805157593123209,0.0620821394460362,0.3760744985673352,-1.48813759198122,0.0375881981278593,0.1071091580121318
0,0.1038672973794396,0.1058015950319954,0.0966868841461537,0.0936095905516424,0.0874060464954848,0.0705394190871369,0.3278008298755187,0.1078838174273859,0.4647302904564315,-1.5136641008030318,0.0752601547242617,0.1306042515008166
0,0.1053634261450143,0.1016751503274338,0.0934931482478851,0.0901284287308922,0.0853754906515324,0.0167936959049218,0.1121302157344012,0.0383671360289368,0.1753003487921457,-1.5756417327145886,0.0569842432140771,0.1548014043677446
0,0.0934430258630544,0.094373415312494,0.0874654687360195,0.0832935631300336,0.0789962049279869,0.0077615220825606,0.0912150559791194,0.0543993406140531,0.2735077958651006,-1.4852676256084982,0.0668519253708612,0.1171079282691636
0,0.0993437845074085,0.1072943369468049,0.0925797657807348,0.0936807602735671,0.0848014517175767,0.0329411764705882,0.1270588235294117,0.0435294117647058,0.2141176470588235,-1.6006698596572768,0.0609804234693907,0.1157781828631088
0,0.1054410078293704,0.0992745283168486,0.0917478342395481,0.088661868713968,0.0885264653927585,0.0250696378830083,0.0724233983286908,0.0863509749303621,0.2089136490250696,-1.3645736228071266,0.1052053518413417,0.142645329136518
0,0.0992035025509406,0.0964817880915936,0.0897109732468625,0.086010094768241,0.0804508208949521,0.0133928571428571,0.0613839285714285,0.0546875,0.1674107142857142,-1.4354699638208257,0.0647858282758004,0.144310464427841
0,0.1039931238736803,0.1029163620477069,0.0926729281887048,0.090266876153951,0.0861955010125877,0.0533380430943129,0.1734369480748852,0.1246909219357117,0.4182267749911692,-1.48312304928118,0.0817038392940992,0.1392855221869696
0,0.0956349183420021,0.0916812984243574,0.0830389188925275,0.0828706907578389,0.0762884098685203,0.0,0.0762124711316397,0.0254041570438799,0.1362586605080831,-1.276532854207422,0.0954425819671397,0.144600884780259
0,0.1001678631474997,0.1030926929102416,0.0888222613517456,0.0864478770675805,0.0816058311374871,0.0151770657672849,0.0792580101180438,0.0337268128161888,0.1467116357504216,-1.5590335441836924,0.052043637814307,0.1104195927048639
0,0.1066496943236966,0.1102772764378617,0.094293384194293,0.0997697769960246,0.0863429467979717,0.0354166666666666,0.1458333333333333,0.0395833333333333,0.25625,-1.3456577944360053,0.1461670251814427,0.1318808578482876
0,0.0940808234228981,0.0902503306777288,0.0818920984999637,0.0780875220728583,0.0770371093014065,0.0048725311058905,0.0519446619681545,0.030018271991647,0.1317323588271121,-1.4096278253426413,0.09325244251175,0.1212756956473406
0,0.1015336420025098,0.0998676735393663,0.0948652517582313,0.0906807361222828,0.0856792274442598,0.0521472392638036,0.1717791411042944,0.0552147239263803,0.3006134969325153,-1.5646555591234126,0.0390689353026499,0.1020568834897879
0,0.0954539995192657,0.0888935449074763,0.0899662775204637,0.0935495901429903,0.0846951955326888,0.0,0.0,0.0,0.3333333333333333,,,0.0509573194014598
0,0.1051426815413063,0.1031946044396331,0.0915205897255464,0.0896201994130232,0.0838911821393128,0.0278565901470208,0.158756770698994,0.0951766830023213,0.4558937322672169,-1.404649331903331,0.0653360372700619,0.0975407273474623
0,0.1019469694351859,0.0999397957324582,0.0914266186201202,0.089572432568388,0.0859159563981356,0.0355104629042485,0.1414077362079898,0.0688015218769816,0.2783766645529486,-1.501397298935718,0.0767756215055591,0.1477923228788698
0,0.1051423293660655,0.0790067612441901,0.0829266825013957,0.0803317426950181,0.0888662383090667,0.0025031289111389,0.0350438047559449,0.0275344180225281,0.2453066332916145,-1.4278404539246103,0.1258273137688252,0.2208787189137361
0,0.1072063353991056,0.1074701071227776,0.0955827673380246,0.0949950035545166,0.0887429705653487,0.0480887792848335,0.1479654747225647,0.0665844636251541,0.2231812577065351,-1.4722502207291022,0.0841842546652636,0.1484584936361276
0,0.0944953382224197,0.0920803522433686,0.0862143389257109,0.0827831174506278,0.0781282102962026,0.0085015457355882,0.0751500272776868,0.0337334060738316,0.1871703946172031,-1.4311468164208996,0.0638537085282261,0.1403028981215546
0,0.1027208952636443,0.1019964003909859,0.09419207588524,0.0906932126668722,0.0849111538392726,0.0306825297432686,0.1634314339386349,0.0488415779586725,0.2279273638071383,-1.6113638091399367,0.0760202625424058,0.1397214947134849
0,0.1072463263749445,0.1109718149024616,0.0982679998832768,0.0992103342191289,0.088650781110563,0.0588235294117647,0.232620320855615,0.0588235294117647,0.3663101604278075,-1.5572143738310815,0.0764214232834331,0.1213839103000691
0,0.1060225377470225,0.1084319384518587,0.0940458891867579,0.0904019598649576,0.0866656307273478,0.0784913353720693,0.2803261977573904,0.127420998980632,0.6442405708460754,-1.6981576879776965,0.0540571143584029,0.0943727063941328
0,0.0995354149426323,0.1045372176569384,0.0926256776918073,0.0939822370143814,0.086200070509715,0.0851970181043663,0.2928647497337593,0.2055378061767838,0.6464323748668797,-1.2524667566584275,0.0647504927897128,0.0858064605959934
0,0.0902211268755357,0.0969667490913982,0.0892310667959856,0.0882241700443578,0.077505508480458,0.074074074074074,0.1728395061728395,0.0864197530864197,0.5802469135802469,-1.7930644259693982,0.026885248091245,0.1470255981967498
0,0.1019373673538304,0.0970016491505058,0.090155114339071,0.0867784423966588,0.0842514550754066,0.0216154721274175,0.0970800151687523,0.0640879787637466,0.2309442548350398,-1.331037842763551,0.1460325781650241,0.1425803090657972
0,0.0995200116673931,0.0977623570856873,0.0886434661796991,0.0885789754452051,0.0818481211639648,0.0166523112259546,0.0999138673557278,0.0381854722939994,0.2001148435256962,-1.3972035152036808,0.0471285775269424,0.1208876794231109
0,0.1053814429533964,0.1067890486829684,0.0937295832455871,0.0944762402782806,0.0849316275561464,0.0260782347041123,0.1424272818455366,0.0672016048144433,0.2587763289869609,-1.6583220100260754,0.0428139461667305,0.0969329852015352
0,0.0963222643295285,0.1019970068222517,0.0900727177990848,0.0930732867023726,0.0836146510699361,0.0621761658031088,0.0984455958549222,0.1191709844559585,0.6010362694300518,-1.595775171412224,0.0718573966732936,0.0496232154298301
0,0.0954209649801625,0.0909097965364669,0.0846796637732315,0.0815383754489697,0.0754658593772017,0.0212765957446808,0.0992907801418439,0.0496453900709219,0.1773049645390071,-1.432202598872292,0.084711066826523,0.1175766600354066
0,0.1052121968349693,0.1036302840356644,0.0933884185810521,0.0913058223114037,0.087706576084529,0.0454016298020954,0.1990686845168801,0.1769499417927823,0.4039580908032596,-1.3955727921783063,0.0716627815265471,0.1152121354833651
0,0.1043154153945965,0.1045901647299529,0.0919894047376346,0.0907567197639634,0.0869032804727282,0.0306122448979591,0.1318027210884353,0.0493197278911564,0.2049319727891156,-1.3406015795607324,0.1153942574711199,0.1465980766054911
0,0.1026729942433626,0.098110665826406,0.0895857904449363,0.0863108980623083,0.08295957629116,0.0173808409653051,0.1574303095126679,0.0570225282438665,0.1900528110167792,-1.4114260675193493,0.0459111083446335,0.1245079067032775
0,0.0981763259845595,0.0912123499547985,0.0868546328882264,0.0805510145836377,0.0832827807737031,0.0138620245003223,0.142488716956802,0.1115409413281753,0.2611218568665377,-1.518153310980359,0.0647455549624164,0.1570948768195985
0,0.1030582495455598,0.1094265954286897,0.0935317980251597,0.0932400809851086,0.0850593096015358,0.0307692307692307,0.15,0.0846153846153846,0.4461538461538462,-1.6475182730762,0.0459214951744102,0.0876260576060571
0,0.1026779446994253,0.1018650314061477,0.0914387024201687,0.0902262794180687,0.0846670465835668,0.0109729334308705,0.1185076810534016,0.0285296269202633,0.2414045354791514,-1.4823884200445792,0.0250877597810654,0.1014339839962894
0,0.1105502532177736,0.1167463314958717,0.0902292584031284,0.0883017961332952,0.0797306820396046,0.0051107325383304,0.0519591141396933,0.0817717206132879,0.393526405451448,-1.8502675213314128,0.0564982248399461,0.0519752481051495
0,0.1057120294594426,0.1104133534005491,0.0979382713885533,0.098400709141637,0.0880971821378706,0.0211102423768569,0.1575449569976544,0.0453479280688037,0.2935887412040657,-1.4559903528664089,0.0779294383747152,0.1551147584171884
0,0.1050327516006081,0.1077950327494279,0.0910347003094165,0.0879397705439366,0.0833554035683424,0.034227240649259,0.2247706422018348,0.0652787579393084,0.3807339449541284,-1.5007773086308296,0.056965343046045,0.1123187993514016
0,0.121477859962939,0.1168168348380835,0.1028558572690499,0.1022682207371399,0.0960152030315843,0.0,0.1470588235294117,0.0441176470588235,0.1911764705882352,-1.8254758061625127,0.0291165243963891,0.0983575700573764
0,0.1081894410113698,0.1087170724687781,0.0950375414546325,0.0923143356873717,0.0839170928200918,0.009090909090909,0.0545454545454545,0.0272727272727272,0.2545454545454545,-1.5730324441464705,0.0548876963379048,0.0701833079562226
0,0.1032461652675581,0.1058805772277708,0.09406744339106,0.0942370159207665,0.0860522713381989,0.0711111111111111,0.4466666666666666,0.1622222222222222,0.7577777777777778,-1.013066407861001,0.20354607808123,0.1333352429994475
0,0.0935119786446585,0.0895162432251103,0.0833011168154836,0.0801512627692945,0.0784965985420397,0.011054813450023,0.0506678949792722,0.0223399355135882,0.1377245508982036,-1.5634826491585685,0.0531620215613737,0.1305027055833379
0,0.1034747520912646,0.0995051692656001,0.091186523074874,0.0871659240491535,0.0837800391473158,0.0274454609429978,0.1469387755102041,0.1013370865587614,0.3346938775510204,-1.6267970875882656,0.0270880108703159,0.1195647669978293
0,0.1026050929794347,0.1003819967805189,0.0906980312694461,0.0888405949676785,0.0826275417681601,0.0163618864292589,0.1212704523580365,0.0558229066410009,0.3647738209817132,-1.568931310113641,0.0627833454947996,0.1182577105998907
0,0.102973151461349,0.1008963149884944,0.0952737404696065,0.0941902785714407,0.0813480613561329,0.024793388429752,0.1735537190082644,0.0661157024793388,0.3140495867768595,-1.2616666369813403,0.1584877858359697,0.1438364210449514
0,0.0918854277849366,0.0965088791758205,0.0873768671424638,0.0846138576527505,0.080227286137123,0.0148619957537154,0.0403397027600849,0.0276008492569002,0.1740976645435244,-1.6985751254601822,0.0352139048075243,0.1073905923038455
0,0.0924577251124544,0.08951220471975,0.0839574765936939,0.0800488847803641,0.0775868234118683,0.0064973419964559,0.0702894270525694,0.028352037802717,0.1512108682811577,-1.276095391400492,0.1047887766055122,0.102906159536771
0,0.114427414361034,0.1097206927491213,0.0965659867956054,0.0988403288876269,0.0896291202057174,0.018348623853211,0.0958205912334352,0.0392456676860346,0.1926605504587156,-1.4718644646750538,0.1039372545449784,0.1487407337363873
0,0.0988191959929618,0.1004432744760352,0.0887867734319625,0.0889100051189926,0.0794252565065474,0.0165289256198347,0.0449954086317722,0.0459136822773186,0.2258953168044077,-1.3253927207151377,0.0364409660381007,0.0789874322604854
0,0.108260308937725,0.1092031884969015,0.0977055493213676,0.0970234829292004,0.0879220966470294,0.0276346604215456,0.1426229508196721,0.0362997658079625,0.2091334894613583,-1.5677824871103547,0.076035891263811,0.1121787923572328
0,0.102218988525188,0.0988341448374992,0.0849711143340772,0.085227135845817,0.0816272649814151,0.0185375901132852,0.0983522142121524,0.0386199794026776,0.1951596292481977,-1.6882666885041706,0.0520844215927618,0.1272094200825252
0,0.1013580397210463,0.0965605693546554,0.0888112000147024,0.0853007874940794,0.0809167621539043,0.0113432835820895,0.1325373134328358,0.0322388059701492,0.1498507462686567,-1.410928389897289,0.0973083377949747,0.1546726370476792
0,0.0993059375884496,0.0972906128517706,0.087755492900518,0.0852056913494486,0.0823867123844497,0.029663810151615,0.1357943309162821,0.068556361239288,0.3206987475280158,-1.4498134954194395,0.0761428671691692,0.1395189218775615
0,0.1100542142628233,0.1080460072838993,0.0992682079907834,0.0998726463526907,0.0874645735010918,0.0770281810418445,0.3541417591801878,0.0950469684030742,0.4422715627668659,-1.4424222491211585,0.0754710923574517,0.1424878463161686
0,0.0991529372652562,0.0954476895599937,0.0919414525728993,0.0915050383260353,0.0811968695338751,0.0431519699812382,0.2157598499061913,0.073170731707317,0.3133208255159475,-1.5081383421350023,0.0711846545942792,0.1276781449734263
0,0.0930889669958455,0.1021918931592554,0.0891945278155472,0.0911753942611163,0.0868030913298564,0.0505050505050505,0.0808080808080808,0.0202020202020202,0.3131313131313131,-1.4499114153756707,0.0849064692665577,0.1231971771330919
0,0.1032466244014938,0.1054924140303477,0.0933922128493251,0.0927302023410274,0.0853103720397054,0.0334844785490059,0.1974189047785141,0.057900244157656,0.2797349145448203,-1.4797299285755652,0.071586833735616,0.1447627528743476
0,0.1104390966405724,0.1061815322912877,0.0950339520097632,0.0921213601363188,0.0877184029114534,0.0242478670857656,0.2088010776829816,0.0633138751683879,0.325101032779524,-1.4631125525055118,0.0613050235995621,0.1222904072240797
0,0.0963528965106318,0.0873933793514359,0.0811619379101978,0.0777443154305185,0.0795096325403357,0.011574074074074,0.0601851851851851,0.0231481481481481,0.0949074074074074,-1.3488366723920078,0.1101616552951444,0.1283330088212051
0,0.0996379144672321,0.0956034512324491,0.0844714597628655,0.0826422851881644,0.0825234632188398,0.0169055494303564,0.0632120543917677,0.0503491363469312,0.1440646821021683,-1.363895635283207,0.1019840369155913,0.1111661467738222
0,0.0973204348255575,0.0991598124142248,0.0881243716322352,0.0892917544913312,0.0791765648824949,0.0188487009679062,0.0924605196128375,0.0392256749872643,0.3196637799286806,-1.645634573593399,0.0504482784517246,0.1186678079959583
0,0.1059179865159019,0.1034009871768521,0.0953187848517977,0.0920518594444502,0.0891495226794683,0.0292915531335149,0.2156675749318801,0.0689373297002724,0.3253405994550408,-1.4447495519415343,0.0748012066279754,0.1521792097331416
0,0.1057995865723041,0.1089693254176592,0.0982841327627315,0.0975646374048921,0.0875861450799047,0.0216998191681736,0.1618444846292947,0.0424954792043399,0.2640144665461121,-1.5877238410542895,0.0703458810272628,0.1197972500327807
0,0.0968981538951387,0.0964165801340708,0.0915952318947261,0.0872378350267539,0.0796675853731909,0.0831295843520782,0.187041564792176,0.1118581907090464,0.534841075794621,-1.2879547389714645,0.0761324260645014,0.112407999553042
0,0.0960150248077384,0.0987035197305173,0.0910654555473524,0.0870310284489836,0.0811339022089554,0.0112630732099758,0.0852775543041029,0.0289621882542236,0.1810136765888978,-1.5840673485523635,0.0431865747304746,0.1150308709951065
0,0.1002970247586653,0.1059743332508663,0.0968388154305561,0.0977271886687174,0.0870951107283655,0.0373333333333333,0.1573333333333333,0.0293333333333333,0.2586666666666666,-1.5353121708118276,0.0625075037609273,0.1361608640179661
0,0.1030525162606487,0.1022354056850262,0.0954746495018635,0.0917990669377522,0.0872682852525009,0.0489313835770528,0.1751968503937007,0.1164229471316085,0.2764341957255343,-1.472219540773444,0.0761406975847567,0.152100783600729
0,0.1034661055757452,0.1004349314029541,0.0924341427118308,0.0884116308509883,0.0878935261279262,0.0324483775811209,0.1268436578171091,0.0855457227138643,0.2979351032448377,-1.408942010816399,0.0706891907880124,0.1319984118804348
0,0.0954363824669236,0.0960280897431466,0.0905458587560467,0.0873021693733677,0.0805673059182057,0.0182672233820459,0.080375782881002,0.0292275574112734,0.1722338204592902,-1.324228546644724,0.0670604554042272,0.1413927472101183
0,0.0996467800171675,0.0979462137926169,0.0897169478036,0.0862806266716291,0.0817177643549385,0.0209285542458503,0.1113783978830887,0.0413759923021409,0.2068799615107048,-1.478671150071435,0.0688548770516147,0.1480009881205389
0,0.1018374082804145,0.1042708951057818,0.0889411305983973,0.0885187799107545,0.0808092706830848,0.0202652910832719,0.1024318349299926,0.0423728813559322,0.2630803242446573,-1.5303650570606628,0.0600545566769766,0.1016096431364717
0,0.1094948957659699,0.1042681698702582,0.0909096055399114,0.0870826300142428,0.0901828405154909,0.0168539325842696,0.0561797752808988,0.0730337078651685,0.2565543071161049,-1.4637099681657018,0.0777546976268569,0.1211366371017502
0,0.098115293228141,0.0955874212148454,0.0884146231933703,0.0863371793652407,0.0811603711177566,0.0193696651346027,0.1270518713066316,0.0623768877216021,0.1694024950755088,-1.419195608049642,0.0746923370179586,0.1393424495603127
0,0.1041513108378187,0.1026816753705673,0.0928953745785843,0.0921962699756827,0.0843076441427869,0.0174291938997821,0.0893246187363834,0.0348583877995642,0.2244008714596949,-1.7370998151124966,0.0606010018630059,0.1196015805180909
0,0.1100521087860138,0.1102601879033598,0.0960957861821902,0.0927177427569892,0.0876160421898182,0.0353846153846153,0.2307692307692307,0.2276923076923077,0.5692307692307692,-1.5444630016125005,0.0747857980361273,0.1396509279674868
0,0.1092392333215177,0.1120853214502087,0.0921664047677777,0.0891756304811501,0.0833412990343653,0.039360393603936,0.1611316113161131,0.059040590405904,0.4784747847478475,-1.5936880401102131,0.0706620432802189,0.1021801424974807
0,0.1021799625655144,0.1015815359907556,0.088637704815094,0.0888051638123783,0.0819806614680329,0.0202247191011235,0.1213483146067415,0.049438202247191,0.2359550561797752,-1.5069772618015504,0.0492870987827499,0.1191686680526849
0,0.0955861002201985,0.09930974564065,0.0892030301556767,0.0877058994316659,0.0805921779986949,0.0185185185185185,0.1402116402116402,0.0767195767195767,0.4894179894179894,-1.4321478771527696,0.0865770330687914,0.1406637415010535
0,0.1101667197355916,0.1107443586112976,0.0990630997512809,0.0968394245655479,0.0907567585344242,0.1907023244188952,0.6408397900524869,0.2536865783554111,1.078980254936266,-1.4552903706601843,0.0833842022663102,0.1576580463168534
0,0.1047955636555619,0.0990854996988834,0.0916454088173362,0.0892541026811021,0.0835281111330266,0.0382513661202185,0.1329690346083788,0.0692167577413479,0.3296903460837887,-1.5704008202335846,0.0620245739026659,0.0870136948651558
0,0.093418608923486,0.0890830660591266,0.0827501698127654,0.07984591275707,0.077308577691679,0.0104567969179966,0.077600440286186,0.0418271876719867,0.1766648321408915,-1.491316185769118,0.0629813599996563,0.1362733390200325
0,0.0981941119466063,0.0973993372974157,0.0901651083222391,0.0870271286548205,0.0819364717087563,0.0022744503411675,0.1053828658074298,0.0181956027293404,0.2198635329795299,-1.7102959269619713,0.0321882601901528,0.0861872043018043
0,0.0909291101222095,0.0858940217139736,0.0808791718689221,0.0770207590782026,0.0739909970160889,0.0087829360100376,0.0735048097030531,0.0248849853617733,0.1504600585529067,-0.9411468365692358,0.1394053981154812,0.1322453953423428
0,0.1011243052573941,0.1009793962575793,0.0901455477448997,0.0883990655316889,0.0820134731329001,0.0079365079365079,0.0734989648033126,0.0408902691511387,0.204623878536922,-1.566164170052537,0.068191905167606,0.1342830045921706
0,0.095820783563468,0.088839200477905,0.0826523977571892,0.0800006819258768,0.0777436302215159,0.0124688279301745,0.0872817955112219,0.0872817955112219,0.3466334164588528,-1.5139303942272342,0.0748448878940735,0.0930404650608403
0,0.098515550179849,0.096381594162562,0.0909218874751044,0.0868984579496518,0.0820590563870522,0.0397830018083182,0.1301989150090416,0.0452079566003616,0.2260397830018083,-1.5116042847002231,0.0652736890491608,0.1432115090788541
0,0.0999797755868697,0.0779888299913932,0.0922652726778316,0.0956092745929005,0.1054889043121898,0.0,0.0,0.0,0.0,-1.8768296210587208,0.017992479028059,0.1934058799444445
0,0.0948724205710902,0.0944159399649343,0.0852042350867774,0.0834213707218604,0.0763314994856834,0.0087618169241411,0.0410421950657136,0.0239797094765967,0.1362693105833525,-1.5034508221599634,0.0657584511808802,0.0990578377076601
0,0.1044534714864778,0.1035345082041725,0.0929368303477419,0.0906003003239631,0.0851182239956777,0.0120514193893947,0.1316282806641671,0.0407070166041778,0.2376807712908409,-1.3476354631404293,0.0681474368049483,0.1314605249019795
0,0.0927817768868758,0.0857036840856281,0.081690754848485,0.0827844148895923,0.0686556412233127,0.0,0.0547945205479452,0.0410958904109589,0.1643835616438356,-1.4885461003810108,0.0661993071948163,0.1252459341589775
0,0.1030573753204313,0.1075966909962303,0.0957278114854093,0.0986673804008778,0.0866165424354307,0.043569187870338,0.192401533635413,0.0745904496340188,0.4614848379226211,-1.6796467612901465,0.0388282555708136,0.1294316693929252
0,0.093271016844279,0.0898902067574684,0.0800018997516304,0.0798519690097797,0.0730612549180068,0.0055197792088316,0.0450781968721251,0.0202391904323827,0.124195032198712,-1.917368406620316,0.0098221711056129,0.1741199241328712
0,0.0966062053331841,0.0956592986361859,0.0898621323286337,0.0856787193916462,0.0810973928768849,0.0201612903225806,0.1088709677419354,0.1411290322580645,0.2862903225806452,-1.4799737339837304,0.0795437668972629,0.1306356957984828
0,0.0913061949942224,0.0862130625985443,0.0813659476163046,0.0800212283389684,0.0772067116486934,0.0219780219780219,0.0549450549450549,0.0,0.0989010989010989,-1.0228234023314946,0.2406075721992633,0.2309063441346938
0,0.0876909370876673,0.084433100746314,0.0799836665603465,0.075746708453928,0.0745639476676684,0.0062356416147029,0.0374138496882179,0.0255989497866754,0.1053495241220873,-1.4230038177546072,0.0627881333633432,0.1357884563715348
0,0.102063623596767,0.1036841545339025,0.092931910284024,0.090849553005781,0.0868963422114052,0.0153253349680357,0.0968561169979858,0.0562220859970225,0.2063227953410981,-1.3722177406279268,0.0905475868251711,0.1347713180819296
0,0.084338075773336,0.079226751238459,0.075999703263472,0.071308810057,0.0691156329630124,0.0143306536176162,0.1027612722824187,0.1468018175463124,0.2139112198531982,-1.4690149703124875,0.0706250736896471,0.1423462869270136
0,0.0956303925553084,0.091345736185745,0.0834103952936481,0.080669691504515,0.0788724759028143,0.0109832635983263,0.0996338912133891,0.0434100418410041,0.2327405857740585,-1.3778492354438905,0.0423374924889068,0.1366017478267719
0,0.1000304906451669,0.1002982808850481,0.089195691166108,0.0869189437239375,0.085504923637096,0.0080924855491329,0.1271676300578034,0.0682080924855491,0.1907514450867052,-1.617396555515236,0.0460705769876063,0.1208164493397368
0,0.0940663003407343,0.0993793155840298,0.0871408190946576,0.0896946667608236,0.078340960817026,0.0657894736842105,0.1118421052631579,0.1381578947368421,0.2828947368421052,-1.6323629453821324,0.0442696780970745,0.090188872899719
0,0.097264707575579,0.0935516102978573,0.0865810461078577,0.0831130245994495,0.0793240913714599,0.0153144346692733,0.0417073965461062,0.032258064516129,0.2518735744542196,-1.5157892668276085,0.0381629670067321,0.1196936171887343
0,0.1003213472716124,0.1046575322560916,0.0959696548907641,0.095880848984965,0.0876759176493301,0.0256410256410256,0.0512820512820512,0.0,0.1282051282051282,-1.767587660851362,0.0205090548750852,0.0834923750969068
0,0.1073869956731217,0.1040438373409493,0.0937669520216171,0.0927270894159287,0.0871811281373419,0.0243251260753485,0.1566300800949273,0.0290714921388312,0.1957876001186591,-1.2286367580160709,0.1038442573973342,0.1449227590981304
0,0.1125446880802788,0.1093987494964186,0.0977766365264458,0.0973532871375759,0.0899793580431205,0.0179558011049723,0.2285911602209945,0.0649171270718232,0.468232044198895,-1.439890054011603,0.0964974798712677,0.1501038980421536
0,0.1011718593856504,0.0983307127594939,0.0868179085316082,0.0873338187316034,0.0825741336592545,0.0116279069767441,0.0610465116279069,0.066860465116279,0.2616279069767442,-1.62948069230241,0.0316095182794505,0.0815020624616288
0,0.0978669008486252,0.1001879565907662,0.0875454643588867,0.0847554820166985,0.0795810405005194,0.0165509877202349,0.0704751735184196,0.0154831820608649,0.1468232781633742,-1.4594444387682588,0.0751708468432552,0.1485929512295241
0,0.102114509165747,0.1068895374831986,0.093817416847428,0.0895506751206068,0.0859120646035405,0.0628366247755834,0.2567324955116696,0.1400359066427289,0.5296229802513465,-1.3919025172689603,0.049113456751424,0.1228134994004086
0,0.0975975411570388,0.091515400768317,0.0839774319175249,0.0828787417223874,0.0813005047135652,0.0097560975609756,0.0546341463414634,0.033170731707317,0.1970731707317073,-1.4366138852797,0.0598775566410645,0.1083832995140964
0,0.0905113918829482,0.0923725893880053,0.0835008077183889,0.0825440396735539,0.0798303600453781,0.0046296296296296,0.0462962962962962,0.0138888888888888,0.0787037037037037,-1.2326239346858,0.1309637126962234,0.1371984963616829
0,0.1066149944801407,0.094234565711167,0.086432569255379,0.0784492630504484,0.0818040465652606,0.0217821782178217,0.0712871287128712,0.0772277227722772,0.2257425742574257,-1.329205664208918,0.130054541664794,0.1057111376881692
0,0.0906239133397457,0.0851381679726036,0.080677923512627,0.0740828110792932,0.0751928546826425,0.0051487414187643,0.0772311212814645,0.0612128146453089,0.1641876430205949,-1.399095718641742,0.0854049366512084,0.1365299302147764
0,0.0901566166804777,0.085083489295443,0.0792465425851952,0.0793579383887699,0.0739444943152215,0.0062893081761006,0.0534591194968553,0.0267295597484276,0.1635220125786163,-1.4960371073376812,0.0760180501620413,0.1353726390092126
0,0.1025317479217692,0.1046656436514535,0.0930692696712613,0.0887560187439777,0.082329915100935,0.125,0.0625,0.25,0.6875,,,0.1107535942566616
0,0.0998879198846273,0.1015131861741357,0.0915623647417655,0.0869535037090336,0.0869822551216148,0.2543859649122807,0.4649122807017544,0.7105263157894737,1.149122807017544,-1.0824684993411031,0.0456810577264764,0.1248789141431694
0,0.0931011106162063,0.098879023827735,0.0916790950582941,0.0936005542753128,0.0805791791077533,0.0209790209790209,0.0629370629370629,0.0139860139860139,0.0769230769230769,-1.500897016198644,0.063811343666547,0.1428770477735766
0,0.104008304555054,0.1048729878241813,0.0959623311182748,0.0933682628863956,0.0881817046673717,0.0167364016736401,0.0972803347280334,0.051255230125523,0.1621338912133891,-1.3679448722122725,0.1177400471405184,0.1412229832084031
0,0.0880804335167597,0.086059400362275,0.0835208860018092,0.0784524433015029,0.0760232268634248,0.0491803278688524,0.1639344262295081,0.0327868852459016,0.3360655737704918,-1.3369484372247322,0.068886211111948,0.1074152055360545
0,0.0897171083172258,0.0894002597476811,0.0867489121317134,0.0802822711924522,0.0755425739324712,0.0086668767727702,0.0567286479672234,0.0272612669398046,0.3490387645761109,-1.4407156700890464,0.0601339187832516,0.1071053005540721
0,0.1039661810182305,0.1003943804179731,0.0928799489566223,0.092660916064773,0.0860871138953003,0.0222222222222222,0.1422222222222222,0.1333333333333333,0.5688888888888889,-1.5974727378954137,0.0443907319275722,0.1041372607989587
0,0.0953967065375311,0.0952141176242931,0.0875731521263183,0.0855198539114409,0.0771142732421125,0.0079697986577181,0.0792785234899328,0.0434144295302013,0.167994966442953,-1.5303129675046625,0.0546890552104368,0.1195771207863549
0,0.1047054002684254,0.0963847783020562,0.1020560804362962,0.089872362318989,0.0930760110222945,0.0,0.1428571428571428,0.0476190476190476,0.238095238095238,,,0.153326633510669
0,0.0920247245524189,0.0870183501874941,0.0820695586972446,0.0781712417232212,0.0745503747749119,0.003487358326068,0.066259808195292,0.025283347863993,0.1351351351351351,-1.6920709656927433,0.0298472754303782,0.142637512134539
0,0.0935786231318955,0.0894812247193031,0.0804101191004508,0.0788741877994799,0.075947654534118,0.0070921985815602,0.0177304964539007,0.0070921985815602,0.0921985815602836,-1.3150415291391622,0.1626196111055894,0.1321198246615637
0,0.1009730146923877,0.0992814015630862,0.0928116002990372,0.0891927524676425,0.0867865697071126,0.0373883928571428,0.1183035714285714,0.0848214285714285,0.2421875,-1.1794243204349102,0.1830505113517425,0.1445506403171923
0,0.1087679699004608,0.1030532632329955,0.0954161154041513,0.0947330598572425,0.0853993858346028,0.0327868852459016,0.1557377049180328,0.0655737704918032,0.2622950819672131,-1.6549570102364488,0.0618081948589891,0.1359959346664398
0,,,,,,,,,,,,
0,0.1046961775456869,0.103825771151389,0.0937842520963195,0.0907059482271731,0.0880517605456886,0.0296296296296296,0.1432098765432098,0.0493827160493827,0.2691358024691358,-1.3907726191079437,0.0587976905818724,0.133867650628508
0,0.0983793145690289,0.0957386028285186,0.0873085582097493,0.0862665900352817,0.0813120595342986,0.0116472545757071,0.0831946755407653,0.0848585690515806,0.2229617304492512,-1.4233689275202934,0.046296245006863,0.0994022666832172
0,0.0945681587213979,0.0890897734437286,0.0842445379365611,0.0798043233980526,0.0777179776935908,0.0264244426094137,0.1791907514450867,0.0404624277456647,0.2155243600330305,-1.506863476911824,0.0732952386614711,0.1549252476100476
0,0.0984864874175051,0.0950788962916023,0.093584634638416,0.0894260889340694,0.0787561190575042,0.0273972602739726,0.1232876712328767,0.1917808219178082,0.273972602739726,-1.5211688473005918,0.0656647211577887,0.1582679367343751
0,0.0997787964666908,0.0979612006943702,0.0926044207373281,0.0911495878476321,0.0830710170948332,0.0051092818620493,0.0817485097927902,0.0275333522565994,0.1546977008231621,-1.5189478160030705,0.0741989095392707,0.1192380801355556
0,0.0899729021745706,0.08942013454007,0.0807225016884675,0.0774892584359664,0.0701682646631754,0.0038167938931297,0.0267175572519083,0.0114503816793893,0.0725190839694656,-1.2607790144718745,0.0682740641430224,0.1287131870098006
0,0.0969878525383939,0.0943127723196198,0.0856024073565547,0.0840619365164063,0.0782714054706539,0.007628294036061,0.0450762829403606,0.044382801664355,0.09500693481276,-1.6458313534026972,0.0379551658865977,0.1012691099958689
0,0.0973411886365509,0.0894163906448977,0.0835567362430103,0.0794385745426667,0.0808619924834166,0.0169014084507042,0.1,0.0605633802816901,0.2929577464788732,-1.7426968286560156,0.0220435341038339,0.1065959657955199
0,0.0942998170051729,0.0861034076525442,0.08390811077523,0.0806275354165222,0.0758596682858047,0.0153374233128834,0.0674846625766871,0.0858895705521472,0.2269938650306748,-1.4351641568731528,0.0801229666481476,0.0963570282779643
0,0.1068839066006918,0.1021785729680946,0.0952883303702213,0.0944587500035155,0.0874179344200209,0.0581395348837209,0.1947674418604651,0.0784883720930232,0.3633720930232558,-1.3083796901703015,0.0680893907760422,0.1164992768221216
0,0.1011207393937441,0.0921764188906158,0.0875767259482211,0.0798160844266831,0.0824772756469661,0.0037174721189591,0.070631970260223,0.0650557620817843,0.2527881040892193,-1.5616107992319812,0.0549881810904262,0.0850171661487611
0,0.1012903481683629,0.1025912586827538,0.0953285305301869,0.0908930424719124,0.0856238830089663,0.0171047142261159,0.080517313308302,0.0275344180225281,0.1881518564872757,-1.5047581786452746,0.0745577391623639,0.1349103913413277
0,0.0888765906532104,0.0842668421413219,0.0839430064617426,0.072635238868586,0.0755499605886127,0.004,0.044,0.0813333333333333,0.2106666666666666,-1.313740128613104,0.0662992829049341,0.1044938955829885
0,0.0905133368497084,0.0871057904273817,0.0823005651032692,0.0779858764908401,0.0742738882516359,0.0092838196286472,0.0610079575596817,0.046419098143236,0.2458001768346596,-1.4915412204055871,0.0625638506100409,0.1035853381712436
0,0.1026549552167459,0.1076973031914522,0.0962475025279135,0.0957861720398608,0.0864409997646304,0.0303030303030303,0.1515151515151515,0.0909090909090909,0.8484848484848485,-1.3395827586521345,0.1093963200922918,0.1422225899024605
0,0.0878641151481889,0.0863456489450964,0.0809558236577086,0.0768473196048006,0.0733100460205983,0.0240963855421686,0.0481927710843373,0.0240963855421686,0.253012048192771,-1.28710532466971,0.0858423935234361,0.1097983329164613
0,0.0953061237468251,0.0930440476019837,0.0862479659164594,0.0843931865557515,0.0797589825303171,0.0056753688989784,0.0584562996594778,0.0414301929625425,0.1282633371169126,-1.4662988241909525,0.0526702090281506,0.1274968297831488
0,0.0912248199896349,0.0953168622859069,0.087744023605078,0.0832491198151238,0.0768884234183208,0.0208333333333333,0.0694444444444444,0.0694444444444444,0.1875,-1.3991299174801048,0.0959126704212174,0.1229545571750811
0,0.0977322235207875,0.101524667139784,0.0902565163232379,0.0898984935730649,0.0837145226428163,0.0410367170626349,0.0971922246220302,0.0712742980561555,0.2526997840172786,-1.4096947621712386,0.0702120434227653,0.0863998827728414
0,0.1040640901811894,0.0980532704977907,0.0884418357987381,0.0847045508586165,0.080225573365089,0.011443958263211,0.0706832716257152,0.0366879838438236,0.1289128239649949,-1.6805890894457611,0.0377418836530043,0.1126462487592996
0,0.1103670862036689,0.1047190144149748,0.0961531401763234,0.0887586155593324,0.0859053116331184,0.0,0.0377358490566037,0.0,0.2452830188679245,,,0.1682907299387041
0,0.0870411870455366,0.0817561352881529,0.0780350534522853,0.0746984096997297,0.0717241106995495,0.0091911764705882,0.0716911764705882,0.0404411764705882,0.1590073529411764,-1.406019703740033,0.0814016943779265,0.1273195933532301
0,0.0995697757950054,0.0968349751020274,0.0906503523051118,0.0872256650613877,0.0786207037185317,0.0382165605095541,0.2038216560509554,0.0955414012738853,0.2738853503184713,-1.4607388782818205,0.0489635853949501,0.1074193870706828
0,0.0938007064040724,0.0902276905840613,0.0840334819762598,0.0811300569883233,0.0778016654804938,0.0070351758793969,0.0773869346733668,0.0743718592964824,0.2281407035175879,-1.364267129048159,0.0867345952184194,0.1330836686725953
0,0.0995371522777602,0.0980838183886166,0.0862273659194275,0.0856905843771662,0.0790981539952278,0.0074388947927736,0.0361317747077577,0.0467587672688629,0.1434643995749203,-1.5920789401947035,0.0368570310120225,0.0798994162865423
0,0.0892743899700619,0.0983967002933179,0.0840018080530404,0.0814430497545379,0.0760262532603051,0.0,0.5,0.0,0.0,-1.7483910748005704,0.0215422559636209,0.1116711036651376
0,0.1110981367037452,0.1062149795765675,0.0997110837065078,0.0941092438900461,0.0934289395615883,0.05,0.2833333333333333,0.075,0.3333333333333333,-1.3441115159762993,0.1514533840767865,0.1433189124329864
0,0.0786223229998919,0.0873818771400623,0.053004039945791,0.0433578463111914,0.0503723832904945,0.0,0.0,0.0,0.0,-1.6787121190469383,0.0548333047529223,0.1365915269363048
0,0.0958778342338556,0.1002637286326623,0.091646699619344,0.0912177787798743,0.0784604137020478,0.0242557883131201,0.1444321940463065,0.2734288864388092,0.5082690187431091,-1.5724499448601983,0.0431814803594252,0.0909150408972021
0,0.092863827408678,0.0844794460708191,0.08052217804215,0.0778395782745931,0.0772330772816195,0.0133079847908745,0.0342205323193916,0.0323193916349809,0.1197718631178707,-1.3645925703187458,0.1278756662883018,0.1063307706678725
0,0.0845479022346906,0.0817435167960017,0.0802809292686028,0.0767372343992185,0.0730538617708611,0.0058708414872798,0.0322896281800391,0.0185909980430528,0.0890410958904109,-1.5398629582548544,0.0762691566273007,0.1792527480506958
0,0.097051794659837,0.0948951363844331,0.0909367810907292,0.0890246944744844,0.0809182034654747,0.0288461538461538,0.0522836538461538,0.0739182692307692,0.2367788461538461,-1.520747686100909,0.0650068712096923,0.1371435232336477
0,0.1002859202167561,0.0961247811083908,0.0884220993177001,0.0873263475456875,0.0826502822311846,0.0270506108202443,0.1178010471204188,0.0445026178010471,0.1806282722513089,-1.517738469518376,0.0662033360604748,0.1396347258508669
0,0.091138020444283,0.0895754743118883,0.0798343010595567,0.0789835168352219,0.0794980268519028,0.0277777777777777,0.0555555555555555,0.0,0.25,-1.5038761459951424,0.0680875099342089,0.14725656006685
0,0.0918244270657515,0.0928210207077194,0.0859114023839934,0.0835836850514754,0.0770800952817416,0.0065359477124183,0.099673202614379,0.0784313725490196,0.2875816993464052,-1.5644054264038554,0.0224804002368011,0.0655924059062764
0,0.0491484985470781,0.0631420895762978,0.0490591538178292,0.0486575030796906,0.0486329015039442,0.0,0.0,0.0,0.0,-1.6685613625423743,0.0478897184584344,0.1036422264041023
0,0.0997501499404891,0.0927731856580246,0.0876062218422762,0.0846901709107589,0.0775412806684489,0.0187110187110187,0.0415800415800415,0.0644490644490644,0.1975051975051975,-1.8056983088717595,0.0248206482358857,0.099591762139926
0,0.0912317660429467,0.0879594314282675,0.0804938352930156,0.0779905316287815,0.0761112695484947,0.0148835202761,0.0440034512510785,0.0345125107851596,0.1246764452113891,-1.19116382822888,0.122415005707925,0.132944023354675
0,0.0963544155157703,0.091883615266165,0.0821017679872197,0.0811982663653098,0.0778951788350652,0.0075495438817238,0.0537905001572821,0.0283107895564642,0.1118276187480339,-1.9093554822905987,0.0070783904283084,0.1439202737412483
0,0.089548919898393,0.0838214660520953,0.0789045088590638,0.0765620215736682,0.0715231110219971,0.0056179775280898,0.0280898876404494,0.0126404494382022,0.096441947565543,-1.9349224853017608,0.0089840215704556,0.1778201822306838
0,0.1032208514325265,0.102455776064111,0.0961739889647183,0.090938193454643,0.0886145537754013,0.016,0.1156521739130434,0.0347826086956521,0.1718260869565217,-1.491512874691847,0.0708844377913762,0.1557761543594358
0,0.0996429999816954,0.1011916683378164,0.0931717666215555,0.0879751380104842,0.0838691827553699,0.02803738317757,0.1401869158878504,0.0747663551401869,0.2523364485981308,-1.4277283074136926,0.090269388933767,0.1618928216695556
0,0.0434988072683343,0.054602774517281,0.0435479753013255,0.0600314538838214,0.0507498528807025,0.0,0.125,0.0,0.5,-1.25,0.1875,0.100913109088231
0,0.1009994778331972,0.0940293269632403,0.0881911099749253,0.0840113185922982,0.0819674875129137,0.025391161130936,0.1191325830359593,0.0881141916003294,0.2235794674718638,-1.2964718886560196,0.1032320981608244,0.1339127795991026
0,0.0878488301028028,0.0860104558250863,0.0784159425722836,0.0758744203136224,0.0749840149838822,0.0081680280046674,0.0665110851808634,0.0501750291715285,0.1178529754959159,-1.4976272105047683,0.0599298116590285,0.1189793421580785
0,0.0953843340246925,0.1091124886349195,0.102394889283851,0.1007787362818449,0.0753756642432947,0.0,0.0,0.0,0.0,-1.1443298969072164,0.0515463917525773,0.1043129050241227
0,0.0940050682358655,0.0984985723350554,0.0870680179597272,0.0862189159812406,0.0757487879341338,0.0186046511627906,0.027906976744186,0.041860465116279,0.1720930232558139,-1.2556582302542962,0.0677179251519961,0.1069930428232456
0,0.097916282361586,0.1003443276082468,0.0911980315596935,0.0897560060001233,0.083311157827833,0.0255368543238537,0.1317469529889727,0.0644225188624492,0.2710388856645386,-1.6002697497350895,0.0454642048556268,0.1203379314769983
0,0.0919446953906517,0.0910102041821319,0.0846657016553917,0.0838433297416373,0.0756921104681402,0.0089285714285714,0.1026785714285714,0.0357142857142857,0.2455357142857142,-1.478788262507094,0.0661838080122226,0.1222189997161262
0,0.0932945912732471,0.0893947906675309,0.0821321324000415,0.0784956407729013,0.0767798638183785,0.0077041602465331,0.049306625577812,0.0562403697996918,0.1949152542372881,-1.3622450458899416,0.0478885950960584,0.1227863211370695
0,0.0961766246728584,0.0922954673594786,0.0831839576707069,0.0809291284430786,0.0758898122479589,0.0172910662824207,0.0795389048991354,0.0299711815561959,0.1590778097982708,-1.6760981057864337,0.0437470434951931,0.1477572233128929
0,0.0862285362445947,0.0925837824527655,0.0748315913128888,0.0788531234734693,0.0754451410711158,0.0,0.0476190476190476,0.0,0.1666666666666666,-1.258605738123379,0.1127866489681108,0.1393077092591979
0,0.0525346408859896,0.0523287499754401,0.0466623469926319,0.0512520893396177,0.0438002186863618,0.007100149476831,0.0059790732436472,0.0041106128550074,0.0119581464872944,-1.806201226515856,0.0202603674530531,0.0905469977659233
0,0.0950500037994855,0.0934630144776761,0.0858758593596833,0.0816461249697964,0.078495812386652,0.0085409252669039,0.0417556346381969,0.0220640569395017,0.1501779359430605,-1.5984966817971846,0.0548018733164142,0.0920014090776468
0,0.0968376295166619,0.1001692680058065,0.0936925443319639,0.0905648608208813,0.0842019156758134,0.0631578947368421,0.0842105263157894,0.0210526315789473,0.1894736842105263,-1.5016587418713032,0.0802485843940883,0.1174881521729805
0,0.0972691814180973,0.1002933462160012,0.093395425233377,0.0934355714544402,0.0818173100966825,0.0344827586206896,0.1580459770114942,0.1034482758620689,0.4798850574712643,-1.4572121142194805,0.0387242937679624,0.131132458348706
0,0.1118510835283638,0.106967983203181,0.0920604563995333,0.0837222000201156,0.0926293285306057,0.088235294117647,0.1470588235294117,0.088235294117647,0.2941176470588235,-1.3750429753885134,0.1192541738109221,0.1708380763194423
0,0.0934127607103826,0.0892203744336655,0.08602449973528,0.0804168966167596,0.077126405682012,0.0097826086956521,0.0521739130434782,0.0347826086956521,0.175,-1.5527485995509989,0.0598180397904955,0.1009435159227503
0,0.0956773188240273,0.0905433063952354,0.0875165430701439,0.0855564599620318,0.0795457296602279,0.0080971659919028,0.0607287449392712,0.0404858299595141,0.3198380566801619,-1.379289211450516,0.0781570993256313,0.1278628649221641
0,0.1056960400147596,0.1051955800473363,0.0957216608784543,0.0944592838053632,0.0838049984884835,0.0514933058702368,0.1781668383110195,0.0906282183316168,0.3656024716786817,-1.616210319621881,0.0525393813309591,0.1110495075252037
0,0.103992862860044,0.1016520592221671,0.0918185855278069,0.091230575055639,0.0833758989766228,0.0137781000725163,0.1094996374184191,0.0645395213923132,0.2189992748368383,-1.395487111572445,0.0882910000082253,0.1332301265214661
0,0.1013744743134209,0.0955469817191937,0.0867681244197508,0.0839935240923674,0.0828338837494423,0.0162740899357601,0.0860813704496788,0.0415417558886509,0.267237687366167,-1.2393528710976216,0.1190847876305166,0.1110489747475683
0,0.1011545864369795,0.0928218266449111,0.0865245293498752,0.0821542199253178,0.0826084808839267,0.0282413350449293,0.1309370988446726,0.0962772785622593,0.3324775353016688,-1.3529942224087654,0.0850221478394674,0.088501200049702
0,0.0971565100808885,0.0937287312107007,0.0906860176958662,0.0827452923174021,0.0795473771438201,0.0236220472440944,0.0787401574803149,0.0682414698162729,0.4645669291338583,-1.547714860824613,0.0589594108874838,0.1070601582732263
0,0.1048223221498373,0.1059905117939387,0.0946032341512808,0.0905905136420568,0.0834494070670476,0.0324189526184538,0.1645885286783042,0.0872817955112219,0.341645885286783,-1.4178439648730468,0.1300312280643293,0.1158299881324646
0,0.0972761418193851,0.0951537937437802,0.0863020169155148,0.0862848438314036,0.0771751646134313,0.0100806451612903,0.0362903225806451,0.0100806451612903,0.1774193548387097,-1.4851497917775744,0.0550173956504147,0.1139728789726352
0,0.0766386419251205,0.0801031479553579,0.0752815944283525,0.0746167696572004,0.0628119417004063,0.0217983651226158,0.0435967302452316,0.1280653950953678,0.1743869209809264,-1.2065328399572894,0.0630655004477432,0.0960924838561184
0,0.0964480848746278,0.0875843397002463,0.0841331861918963,0.0837218648234082,0.0752774765306234,0.0084723325390521,0.0397140587768069,0.0219751125231665,0.1710352131321154,-1.5814643180217711,0.0618242924244146,0.1038233407027581
0,0.0987696638960944,0.0982377884959427,0.0891272001880278,0.0889180663256909,0.0804669424828469,0.0250871080139372,0.1296167247386759,0.0794425087108014,0.3700348432055749,-1.571032616758834,0.0282307140299884,0.0916255172372723
0,0.093696028799656,0.0979819678304513,0.0884958189029242,0.0881613173630611,0.0770790637112132,0.0119760479041916,0.0449101796407185,0.0269461077844311,0.2005988023952095,-0.741613468774545,0.0267596872199691,0.0592053600418344
0,0.0862524978725517,0.1088875267914918,0.0927132189160056,0.0950816750240958,0.076255013078762,0.02423938482113,0.0504847876964226,0.1680040120361083,0.3921765295887663,-1.6672272915478683,0.0536960381985617,0.0739752371418512
0,0.0956884602010421,0.1031554006656074,0.0896913618487789,0.0904806539960468,0.0777724133122545,0.0197132616487455,0.078853046594982,0.0483870967741935,0.2078853046594982,-1.4987363245385632,0.05670952043685,0.0850166018375575
0,0.1065016924260234,0.1158710507921026,0.0953173052482454,0.0999139365693217,0.0871050472742407,0.0200125639414879,0.0686080947680158,0.0188010410122947,0.138203356367226,-1.6133579470086548,0.0557392698068399,0.1260363212811311
0,0.1030603967327795,0.1010368712642303,0.0886575911818143,0.0881411537807315,0.0810156208883092,0.0092797171895713,0.0550891147444395,0.0120783620562674,0.110178229488879,-1.3704849971291564,0.1048167885422358,0.129002889982971
0,0.0853212408462214,0.1130618484055205,0.0933431837119783,0.094337693030339,0.0783710170464637,0.0176925912274235,0.0328050129008477,0.4353114633247327,0.5753778105418356,-1.660407980129201,0.0607094341701177,0.0655942636334237
0,0.08860592533514,0.0950125285843954,0.0835830181937206,0.082154424541618,0.0768894169840613,0.0074797160243407,0.0498225152129817,0.1270283975659229,0.0709939148073022,-1.5219474638314672,0.0630855933016129,0.1235317858122954
0,0.0815082312980327,0.0799060204612834,0.0758346854354639,0.0746411693463013,0.0684331802211793,0.0030959752321981,0.044891640866873,0.0154798761609907,0.0990712074303405,-1.4897459489443272,0.0685173535094603,0.1466223020062695
0,0.1004888684016696,0.0978017451480453,0.0898200934577122,0.0877136876010923,0.0817568053287861,0.0520043963672123,0.1842424943599236,0.094926823624689,0.3566842135708914,-1.497744235583221,0.0733303766114707,0.135373107133191
0,0.0954666175668328,0.1113475238108725,0.0942580634714556,0.0989971744949416,0.0842063083370416,0.0459025898724391,0.1839002705836876,0.1219559335137224,0.3100115964437572,-1.6510806963364035,0.0633304824095489,0.1107119643966671
0,0.0991246949132326,0.0920743021813848,0.0842309161944079,0.0811911513412221,0.0791570541421788,0.0081081081081081,0.0763513513513513,0.0337837837837837,0.1783783783783784,-1.400657483288447,0.0968083794298322,0.1357544557687624
0,0.0994929885660565,0.0993105337206378,0.090911929132199,0.0881008092797213,0.0832611150596546,0.0179045092838196,0.1326259946949602,0.0557029177718832,0.276525198938992,-1.3587283558144831,0.074321370206148,0.1285211927911047
0,0.0923279482809911,0.1037053990294076,0.0899017702065662,0.0905087340006937,0.0793264979848738,0.0073529411764705,0.0404411764705882,0.4071691176470588,0.109375,-1.6257618715972524,0.0598375186168103,0.0977654330983776
0,0.1031981867179635,0.1045724746213397,0.0927927019616829,0.0897166837319793,0.0846876035843178,0.0194758355373887,0.1079586439047848,0.0865592690550613,0.2767492185621543,-1.0906971887687156,0.223718709867759,0.1459145940398989
0,0.0947846311352267,0.1035918321957327,0.0895688227535985,0.0865364913684738,0.0832348557988612,0.0,0.038647342995169,0.0338164251207729,0.1400966183574879,-1.761117635722962,0.0327040299765886,0.1163530628204708
0,0.0981755030764318,0.0954834937806658,0.0865065687950742,0.0824957651313533,0.0791812106044903,0.0140835844360015,0.0965544346914712,0.0453949954146469,0.2305777544870955,-1.4878007922722107,0.0778418830341352,0.1303374521529933
0,0.0937168584383981,0.0932995846550277,0.0847119896634273,0.08124964099913,0.0790471761078211,0.005003716528581,0.1071810583948222,0.0259069236208053,0.1511630015047408,-1.1722658677079274,0.0965271175485395,0.1274231988285707
0,0.102087765681706,0.1023781148782593,0.0931939521512947,0.0916351593534742,0.0854608501403272,0.0189525890063175,0.1285351597095117,0.0373737970124579,0.1994450020664816,-1.4514967976794468,0.0764454978572803,0.1486803625720069
0,0.1041735957482551,0.1070725927128873,0.0959362854392415,0.0929676551406834,0.0882796530217281,0.0553359683794466,0.2254761049227452,0.1313330937836866,0.404599353215954,-1.1324249298457298,0.1843818545196261,0.1413916822024039
0,0.103416702665351,0.1062155532081037,0.0961852816464655,0.0938535753903445,0.0866172475767808,0.0184314320388349,0.1099059466019417,0.0310224514563106,0.1827214805825242,-1.3671341009424878,0.0884447950187764,0.1476073320815946
0,0.1008035375373745,0.1028142067587022,0.0916739111192059,0.0908369630426839,0.0830954534906097,0.0111111111111111,0.0716666666666666,0.0252777777777777,0.1191666666666666,-1.4967023664735897,0.0745851230213365,0.1199337505991309
0,0.1106597070725007,0.1154415610277581,0.0972654761324602,0.1004533571885207,0.088563564909691,0.0552800734618916,0.1573921028466483,0.0653810835629017,0.3709825528007346,-1.282866588671089,0.1311996486655404,0.1445272696564641
0,0.1005423544128016,0.1000915279811554,0.0895625401818785,0.0884923905098112,0.0833607357584476,0.0169111779510158,0.0820391627278865,0.0292799705358787,0.1460008593702044,-1.1887352194449363,0.1603505969623457,0.1455174234905287
0,0.1018085057073485,0.1002600957150432,0.0916578219071493,0.0905429340023911,0.0834362391993035,0.0160398059152579,0.0797663565843557,0.0258367586611861,0.1252588311648175,-1.4650675592284417,0.0912788962374749,0.1563677229396089
0,0.1015958137973724,0.100441678912438,0.0887359157764229,0.08713126620552,0.084145140102745,0.0127037392138063,0.061601150527325,0.0258868648130393,0.1351869606903163,-1.5519737163821063,0.0492920065765614,0.122483648788773
0,0.0822561777017807,0.0832248975031859,0.0735594850271689,0.0719963358800458,0.0663552658173714,0.0091792656587473,0.0183585313174946,0.0107991360691144,0.0718142548596112,-1.1346186469248831,0.0556765273339954,0.0953169454058563
0,0.1029997162939412,0.0974061882133534,0.0903182119387713,0.0871190531454331,0.0828555258489587,0.0095573440643863,0.0643863179074446,0.0262826961770623,0.1561871227364185,-1.7784987702108048,0.0397489016569702,0.1462010206012729
0,0.1013924028704637,0.1015065203324511,0.0901390757130688,0.0887610140449746,0.0852575383356979,0.0075779656076945,0.0725735937044593,0.037015447391431,0.1238705916642378,-1.5535090562218616,0.0634461782638328,0.1392666060553788
0,0.0944420122170748,0.0948308589852202,0.0858926600407178,0.0848524030249023,0.0792621904470456,0.0241102181400688,0.1176286400166997,0.0524997390669032,0.2430852729360192,-1.56444337076326,0.0685051630906886,0.1290605119804485
0,0.1018185790572632,0.1006317682227761,0.0883812309127063,0.0969235036520545,0.0791785156962371,0.0715804493187477,0.1510645441065383,0.0634250062949388,0.2271493719049883,-1.351847033504141,0.117935291177331,0.1252105322146129
0,0.1046297380379895,0.1033536250776245,0.0940598936848505,0.0935908317728879,0.0858990654622745,0.0335797905113986,0.1327788046826863,0.0650030807147258,0.288354898336414,-1.175169809569119,0.1852409849209092,0.1481840165351389
0,0.1053493310322281,0.1048661039284716,0.0960227898426015,0.0958782322138515,0.0874212179245922,0.0211000901713255,0.1340847610459873,0.0447249774571686,0.1742110009017132,-1.479361806501689,0.0765076826906516,0.146248908559178
0,0.1008156819631117,0.1020763275822841,0.0905759002014448,0.0897848524657486,0.0848240676200214,0.0224056603773584,0.1459316037735849,0.033313679245283,0.1591981132075471,-1.4161647740504972,0.0890237423348637,0.1509420232233419
0,0.1041654347609347,0.109158063560255,0.0943049793343391,0.0942215858825652,0.0891043606790683,0.0567164179104477,0.1253731343283582,0.0492537313432835,0.2343283582089552,-1.5181049190100344,0.0656425238112562,0.139833886050444
0,0.0858016592609551,0.0850197843419617,0.0777751712804769,0.0744898238677813,0.0736915853054183,0.0059265442404006,0.0588480801335559,0.0179465776293823,0.1045075125208681,-1.342598518924328,0.0942905526846411,0.1755911851845678
0,0.096736733399058,0.0951070950388263,0.0893872787451372,0.0857895879423843,0.0807683712261083,0.0141236397314193,0.1097476267654549,0.0595045149340125,0.1643899050706182,-1.4846455542094623,0.0773017208392767,0.1601951118995361
0,0.1113224562970852,0.1104382102046878,0.0987601455097458,0.0966056806746608,0.0924982853526018,0.030961791831357,0.2424242424242424,0.0540184453227931,0.3208168642951252,-1.4483782862215766,0.0801075397677837,0.1619256182582875
0,0.1081607185711454,0.1026683683556441,0.0957455393648201,0.0891090706761333,0.08821796917899,0.0294433186315413,0.262724997019907,0.104541661699845,0.4446298724520205,-1.0006121973182662,0.2453772736274819,0.1554446183772289
0,0.0931954466292172,0.0902815702391935,0.0856041551684549,0.0809097633419004,0.0790649902309806,0.0149532710280373,0.0897196261682242,0.0392523364485981,0.119626168224299,-1.5463423589737808,0.0706272101732993,0.1517522896637425
0,0.1058708466387984,0.1085843597747445,0.0954026398550678,0.0948898957299256,0.0866597897084737,0.0286992172940738,0.1411666045471487,0.0438874394334699,0.2983600447260529,-1.4124393435224658,0.1118171543394705,0.1435883177731303
0,0.0947322265549272,0.0929782205426662,0.084755607159843,0.0811245720772538,0.0800126241659108,0.0119889598067966,0.0689149560117302,0.026651716405037,0.1080731412799724,-1.2914194031845614,0.1280302805991193,0.151561497956636
0,0.0973953966074924,0.0963848512457059,0.0892082022924486,0.0864029019231374,0.0821271503037197,0.0157629255989911,0.0775535939470365,0.0372005044136191,0.1497477931904161,-1.3063543403968911,0.1352891895929606,0.134998595739314
0,0.1067537583542767,0.097839549987819,0.089968729265839,0.0889529887250514,0.0850171179488759,0.0223490252020922,0.1436043747028055,0.0385164051355206,0.1724067658447116,-1.36265863099868,0.1295487591263279,0.1508352211686388
0,0.1067082141925629,0.1023567083926769,0.0934169654901996,0.0913617975745829,0.0879287578743738,0.0197837067737339,0.1195441005051159,0.0421253723610931,0.1738116824245564,-1.3261236784192123,0.0666454756149639,0.1492814771545701
0,0.1028087685151303,0.1004111742331013,0.0924879386266556,0.0897705898162098,0.0861802937435127,0.0115125049622866,0.0651052004763795,0.0246129416435093,0.1250496228662167,-1.3731138370016098,0.0948147193291837,0.1614975069501874
0,0.1016475027226531,0.0983746531593054,0.0890106095707218,0.0904009007495996,0.0811346986484951,0.0107069521853916,0.0356409504253446,0.0174537987679671,0.0957758873569961,-1.6574565634914873,0.0194141792729172,0.0627985904777989
0,0.1035269778220767,0.0966870030332618,0.0881188120443881,0.0863468458576355,0.083424576187175,0.0145705521472392,0.061042944785276,0.028680981595092,0.1133435582822085,-1.4155025415036666,0.0828929708868207,0.1530631438410939
0,0.1066568204156948,0.1022714550510914,0.0870503642630602,0.0903116747513513,0.0895621375120341,0.0215546503733876,0.0835030549898167,0.0488798370672097,0.2104548540393754,-1.5008806880235035,0.0791500961717253,0.1311203911257801
0,0.0994290947282378,0.1018076688721389,0.0919936111931619,0.0892755013404425,0.0838891322715147,0.0333333333333333,0.1003508771929824,0.111578947368421,0.2582456140350877,-1.002333782752891,0.2442651154830835,0.1406964711882215
0,0.1034668353474752,0.1063062253844818,0.0906515141193694,0.0865277869200504,0.0815740901512086,0.0058212058212058,0.0565488565488565,0.0253638253638253,0.2130977130977131,-1.628463088066521,0.0610760938184128,0.1031476272023802
0,0.1045282827426924,0.1015114915454592,0.0920829848320419,0.0912202369175587,0.0854867262199409,0.0258972554539057,0.1261083743842364,0.0585503166783955,0.2802251935256861,-1.431291693059634,0.0899303447375264,0.1317519263002425
0,0.0907181668889965,0.0872269084632973,0.0804047313970558,0.0785714140339193,0.0759061726094449,0.0100114885934679,0.0580994583948793,0.0382406039717708,0.1193172493024782,-1.4737098370188595,0.0925596234360439,0.118636592410801
0,0.0997454129107985,0.0993812261840522,0.0933643552421592,0.0905769114025596,0.083043823662044,0.053402239448751,0.2032730404823428,0.0809646856158484,0.3643410852713178,-1.1172558457977584,0.2027637713933731,0.1510014985062048
0,0.0944577544539158,0.0950014012914669,0.0862730877553557,0.0851864209839891,0.0792360294109982,0.0133779264214046,0.0953177257525083,0.0217391304347826,0.1622073578595317,-1.501043756117829,0.0650936304190276,0.1186806582909397
0,0.1010356268013931,0.1021885415820809,0.0909484452105721,0.0893370648183045,0.0828119805981396,0.0190562613430127,0.0934664246823956,0.0562613430127041,0.2359346642468239,-1.3077294401062876,0.1051723585985597,0.1394778781931896
0,0.0888722890670882,0.085714939658785,0.0771797019864042,0.0755134083821423,0.0729400036770986,0.010660106601066,0.0471094710947109,0.0248462484624846,0.077080770807708,-1.2470471172613686,0.1467149467376224,0.14640831689426
0,0.1033517638559531,0.1040267470325004,0.0883682609334259,0.0905447166526568,0.082403696434034,0.0114449213161659,0.0615164520743919,0.0271816881258941,0.2002861230329041,-1.6615265806660051,0.0458124104603918,0.1046881012507748
0,0.1074565080803593,0.1033918665409646,0.0935529452058507,0.0911710679099987,0.0846306572083744,0.0275735294117647,0.150735294117647,0.0533088235294117,0.2610294117647059,-1.4062423799221917,0.0944725360374789,0.1405856194518195
0,0.1063808955450301,0.1039382220503091,0.0950679887569238,0.0911826975580688,0.0891604312471484,0.0416080967107112,0.2173179645768906,0.0598819229687939,0.3643519820073095,-0.5116654372579419,0.4162199775676145,0.1579971677298991
0,0.0854882252357471,0.0903974444223198,0.0829104960591991,0.0813075253864395,0.0703938956903808,0.0083333333333333,0.0791666666666666,0.0375,0.1333333333333333,-1.5040568084688608,0.0875065512234436,0.1151016085591929
0,0.0905163119429311,0.0873045688911117,0.0811968408290969,0.0799845736945206,0.0742796194817647,0.0135593220338983,0.083002421307506,0.0293462469733656,0.2661501210653753,-1.175575701816093,0.0736526009850288,0.1133721441621781
0,0.1105249875633385,0.1009649538267884,0.0982768191922763,0.0914619005387068,0.0940616313360738,0.0198019801980198,0.2376237623762376,0.0792079207920792,0.3663366336633663,-1.439857857882778,0.1015145626048938,0.1456785811902929
0,0.0970437254285026,0.0949634946201134,0.0871928449084706,0.0829529764224381,0.080310306501836,0.0210970464135021,0.1068917018284106,0.0808720112517581,0.2447257383966244,-1.5737408718625523,0.0591552888456765,0.1147747887400569
0,0.1119406261221353,0.10856449753057,0.0975997091240732,0.0968070614973441,0.0936034265333839,0.088431429399826,0.2841403305305885,0.1240939402725427,0.4178022615250797,-1.4222511688236483,0.0873851915755522,0.1423631994223848
0,0.110186734727515,0.1043932296041946,0.0921448503441682,0.0943533269948607,0.0875055486343513,0.0263975155279503,0.0947204968944099,0.0559006211180124,0.2282608695652173,-1.4796880737238354,0.0781913493739688,0.1287974674755486
0,0.1060462352651406,0.0989669593806691,0.0906285221150414,0.0874982949964688,0.0863970180560602,0.0175337740730094,0.0909744179361885,0.0353549870652486,0.1379706812302385,-1.4659027159959213,0.0801420957915854,0.1474853869515946
0,0.1034185645946182,0.1030757745680904,0.0906814872411437,0.0909084190321753,0.0842556301415874,0.0246434231378763,0.0952060221870047,0.0253565768621236,0.15526941362916,-1.439374217479429,0.0984322360978198,0.149054684020969
0,0.0992556373732345,0.1039481812833896,0.0902617256912889,0.0876801831419142,0.0833174828646953,0.0201680672268907,0.1327731092436974,0.0504201680672268,0.242016806722689,-1.506399212674158,0.0688779009296633,0.1021767919369341
0,0.0993195676748495,0.0997453283276753,0.0893456599331593,0.0893488570092994,0.0811997834680067,0.0161534578495709,0.077514162319816,0.0763923944135958,0.1579449211958045,-1.420591426702286,0.1038786041995628,0.1447918354981577
0,0.1000252961629869,0.0969813255379692,0.0856251412859653,0.0867636407122522,0.0808086631417689,0.0153974198918019,0.0532667498959633,0.0374531835205992,0.1186017478152309,-1.5394660762186652,0.0585777998767691,0.1299003012919526
0,0.0963251466592088,0.094252248467537,0.0865264402860007,0.0877735084474189,0.0794008760522327,0.0192926045016077,0.0506430868167202,0.0281350482315112,0.1173633440514469,-1.4024502518412263,0.1071199842324073,0.1414627580123739
0,0.0994200402290121,0.0954289367540581,0.0881760347106083,0.0874373580570961,0.0820918020983554,0.0163476874003189,0.0631977671451355,0.0283094098883572,0.1158293460925039,-0.5580475725563252,0.3792163485637351,0.1346605543337125
0,0.0981268035749923,0.098960421270328,0.09130143418668,0.0869293982846411,0.0816039291870467,0.0114942528735632,0.0862068965517241,0.0201149425287356,0.1408045977011494,-1.4635071710790142,0.0624278620114462,0.1445140016331035
0,0.1075022671878358,0.109706355107855,0.0977461355709801,0.0953535432271124,0.0921606678690501,0.1046511627906976,0.3604651162790697,0.160644007155635,0.5320214669051878,-1.164186940596531,0.1531384830698826,0.1766845332963965
0,0.104001408330839,0.0975327533464471,0.0920802460996639,0.0884760615376029,0.0850419640927888,0.0225225225225225,0.1554054054054054,0.0743243243243243,0.271021021021021,-1.4051892217205544,0.0937161762252303,0.1392096325518915
0,0.0926168850342265,0.0938815709870767,0.0842319712176443,0.0841721412980927,0.0757985552704156,0.0076244221648556,0.0482079606171579,0.0131476256228612,0.0889115687098517,-1.756056597827771,0.0288723529347086,0.1343887633683069
0,0.1032247661388358,0.1089856810235574,0.095806228186651,0.093560992177171,0.0890383835912455,0.0379289584587597,0.1173991571342564,0.0692354003612281,0.2522576760987357,-1.421276380526705,0.0858945405745947,0.1345766074381258
0,0.095602918997429,0.0938191991268175,0.0859831609697102,0.0835955236029783,0.08083797905316,0.0216609096142774,0.0931922855497985,0.0340385722510074,0.1596142774899251,-1.0564319327084717,0.1359980499531682,0.1885656167928399
0,0.1104547145948114,0.1090842616817747,0.0948269502361719,0.0921845768887119,0.0896474588814127,0.0332214765100671,0.1630872483221476,0.0966442953020134,0.3154362416107382,-1.2547937596763727,0.1104447625913076,0.1478707036009892
0,0.0930161209248189,0.1029971273833399,0.0911682754267486,0.093355657925344,0.0773083976918038,0.0185410334346504,0.0524316109422492,0.0974164133738601,0.4071428571428571,-1.6238772768832552,0.0676427013108229,0.0754401089643561
0,0.1015061130835314,0.0978996516339234,0.08991279693326,0.0890832074958578,0.0830518336003183,0.0276752767527675,0.1273062730627306,0.0424354243542435,0.3265682656826568,-1.5391620793457772,0.0583042305660862,0.153631781604911
0,0.1012272201289111,0.0973310921297774,0.0890347560977878,0.088239282956516,0.0819676652039566,0.0389768574908648,0.2862362971985384,0.1278928136419001,0.4445797807551766,-1.4806792233258912,0.073702404611837,0.1475450148828413
0,0.0879845741034837,0.0840844826661608,0.0776378182447377,0.0756996464977632,0.0717312343978979,0.0054868208714362,0.0334588488434642,0.0131253362022592,0.0688542227003765,-1.576677081234106,0.0587035433240227,0.1845532880280778
0,0.103647867141866,0.1012722452290117,0.0916844913831468,0.0919754683659041,0.083868501960358,0.0315315315315315,0.1261261261261261,0.0593093093093093,0.2957957957957958,-1.4781745857713824,0.0641008003774945,0.1406874423490607
0,0.0928191156963184,0.0938974588316617,0.0866518268642172,0.085112244000906,0.0772498193053674,0.0084955052849945,0.0412921070828805,0.0261780104712041,0.1340511706016003,-1.7043146717531354,0.0275101177458202,0.0894633167864895
0,0.0951617204631761,0.0989207801987942,0.0872326053141932,0.085709244785461,0.0794507223605745,0.0151933701657458,0.1146408839779005,0.0331491712707182,0.1657458563535911,-1.354105656061263,0.1379363261022646,0.1425140722647638
0,0.0966899407158101,0.0931489469474841,0.0828832467920814,0.0812465829149643,0.0806999571219639,0.0138888888888888,0.0697751322751322,0.0181878306878306,0.0876322751322751,-1.0823787650037708,0.1827021046500557,0.1589218212455901
0,0.091111846381813,0.0958996487292671,0.0881325529170455,0.089191755162724,0.0786560859272981,0.0131147540983606,0.0524590163934426,0.0243559718969555,0.1231850117096018,-0.4997872578791117,0.4012855227796545,0.1316921668270539
0,0.1006182685931792,0.0995586449897328,0.0894748089201797,0.0870949205895028,0.0844083753034323,0.0345773874862788,0.132821075740944,0.0883644346871569,0.3029637760702525,-1.2368668612198137,0.1122659210225482,0.1484281535551713
0,0.0837780803930927,0.079562086682095,0.0748345808899943,0.0719375299408285,0.0688540869144874,0.0060488749092668,0.0796031938059521,0.0145172997822405,0.1146866682796999,-1.2354203765776677,0.0924473191125753,0.1707628459295921
0,0.1010417732069999,0.0953276838513221,0.0889372691003738,0.0856130882278766,0.0823208959609664,0.0127077223851417,0.1242950597789307,0.0409053312279118,0.1891871569290924,-1.4473559866471477,0.080216916103874,0.1671542105273038
0,0.1053239858953608,0.1136976478424743,0.0983915798056809,0.1021638270499686,0.0858946946332024,0.0161082474226804,0.0724871134020618,0.0193298969072164,0.2094072164948453,-1.5823451886581856,0.0687892908440285,0.0944089778285058
0,0.0881182409176425,0.0993737590011623,0.0869819845677418,0.0866193224433078,0.0768673450050131,0.0071627536808595,0.0465578989255869,0.2578591325109431,0.1197771587743732,-1.5058786097094947,0.0811051300660199,0.1206170574901297
0,0.1030876554848054,0.0962025895035038,0.0893076634763487,0.0845002545404662,0.084900410431412,0.0079265748852732,0.065081351689612,0.1126408010012515,0.2332081768877764,-1.4465221764271536,0.0661541358947961,0.1044638237709229
0,0.0990340164982734,0.0934201721355512,0.0877351616580858,0.0850141704388264,0.0814202462863836,0.0573042776432606,0.2138821630347054,0.1525423728813559,0.4124293785310734,-1.5866201673726452,0.0633088649928388,0.1128106778419827
0,0.090127423894042,0.0987718722343204,0.0899860291685685,0.0853645687034456,0.079562199333887,0.0204778156996587,0.0875995449374289,0.3466059916571862,0.2969283276450511,-1.5407908018465095,0.0640919533915111,0.0792634089922106
0,0.0897811166577895,0.0925718022218457,0.0843143871992223,0.083056976641227,0.0768852361087146,0.0152396785813244,0.0745358825159323,0.1041839844832363,0.1633416458852868,-1.5339041554199873,0.0684163439668818,0.1267382123224518
0,0.1022766754245713,0.1004500980377456,0.0919906481184215,0.0888381815910851,0.0859679977293128,0.0190548780487804,0.1088414634146341,0.0301829268292682,0.1633384146341463,-1.3278714798991913,0.1133419878424197,0.1538678064749187
0,0.1078509800685279,0.1128557534135835,0.0998566042072465,0.0961552920245569,0.0921136804302579,0.0277349768875192,0.1661530559835644,0.062788906009245,0.239085772984078,-1.3572030394438377,0.097214000377537,0.1626071637196733
0,0.1035879494744746,0.107574127603711,0.0981036881005422,0.0977909277951253,0.0849028309089943,0.0286602209944751,0.1034185082872928,0.0347030386740331,0.2230662983425414,-1.0554672367171043,0.2079680070921314,0.1258923910666867
0,0.1096541707920502,0.1091614561002366,0.0983025787799273,0.0960055265611891,0.0903600627770674,0.0388618432096692,0.2197414806110458,0.0556488165183817,0.2795031055900621,-1.1322964554905726,0.0671250191570885,0.1510648499764785
0,0.0948353964805312,0.0955889908061295,0.0887126912273716,0.0859636032783569,0.0797274432749901,0.0195663670015864,0.0883130618720253,0.0380750925436277,0.1745108408249603,-1.4496316991916456,0.0836916916537197,0.1463586286597696
0,0.0993703481622249,0.099037015755778,0.0913437530445188,0.0900454507923346,0.0843239008205865,0.0203456146071079,0.1443756113465927,0.0298011085751548,0.174633192044343,-1.4919696962210869,0.0577693674007635,0.140678525682984
0,0.103021398305852,0.1028717233762565,0.0925444901351426,0.0925827935877391,0.082766795923164,0.017139090309822,0.1076686442540101,0.040650406504065,0.2076466710613052,-1.5151528882410603,0.0998038949324999,0.1460042996693482
0,0.1006764608945339,0.1020014172673902,0.0919785684899726,0.088435300852481,0.0860668617288229,0.0142439737034331,0.151935719503287,0.0310445580715851,0.2304601899196493,-1.4898732051139272,0.0562779418501245,0.130647660193984
0,0.0970974567833277,0.0937165143204266,0.0862553607210179,0.0825568690668659,0.0804921283534571,0.0100891309730131,0.0646818519435503,0.0444416934884872,0.1786333250804654,-1.1638607337864917,0.0518955666377355,0.1223518950729816
0,0.0968074299924498,0.0958870405195369,0.0887139849056519,0.0869547598843479,0.0824126469037483,0.0194666937037412,0.1011862516475717,0.0463347865760924,0.1544154922437392,-1.3317742281324203,0.0944303343283881,0.1863162939192814
0,0.0924555229412463,0.0983346578451655,0.0892492942468681,0.0864338714233425,0.0792487387783359,0.013312139876813,0.0951718656864693,0.0248360818597258,0.2193522749850983,-1.5333436998028744,0.0652198666699837,0.1328780131167173
0,0.1021424955693205,0.1044234040873063,0.0922054865186335,0.0893564277193335,0.0841942612741633,0.0224680262703076,0.1769789146215001,0.0459730383684756,0.2744555824403733,-1.405417754766121,0.0915000484526187,0.163167942953341
0,0.0919086023180744,0.0949607059662525,0.0855333216686109,0.0842466618402444,0.0780620629497903,0.0143860823017731,0.0652392104382736,0.0368016058882569,0.1876881900301104,-1.5135964728155062,0.0631641989345211,0.117287212331424
0,0.1030282224500831,0.1057285106440494,0.0934648996102213,0.0929531424188121,0.0863545614658259,0.0376873661670235,0.1190578158458244,0.0706638115631691,0.2877944325481799,-1.5494990848493726,0.0583216827169365,0.1310345701588118
0,0.1059402592886936,0.1088518999603925,0.0945719852852528,0.0936713342684238,0.0874155467092604,0.0117169896349707,0.1073681838666065,0.0229833258224425,0.1551374493014871,-1.4590636548718054,0.0604171077033033,0.1475870156592047
0,0.1006212731602001,0.1005107448728651,0.0900232793363621,0.0868832879321381,0.0837088083366431,0.0230801510700797,0.1460344104070499,0.0914813260595887,0.4024339068401175,-1.4815560753873802,0.0807838740479676,0.1180743563907
0,0.0958052386822883,0.0961175524684298,0.0862304265032386,0.0859367191578989,0.0793672779971851,0.0398519335276049,0.0995510750571001,0.0441836654327794,0.1853981255414664,-1.4485663612255806,0.0773357636629115,0.1493792516104363
0,0.0913233186841786,0.0954234249996631,0.086925963433442,0.0860118057129531,0.0792952828449648,0.0077787381158167,0.0293863439930855,0.0916162489196197,0.2082973206568712,-1.33922874535454,0.0659356157516081,0.1015858441565238
0,0.1064843532212187,0.1049023826478879,0.0939701402752311,0.0923053394504993,0.0849970660698677,0.0252495596007046,0.091015854374633,0.0563711098062243,0.1920140927774515,-1.80320138868496,0.0284910369611903,0.1429231438208879
0,0.0971077025045506,0.1027378270553764,0.0937283915726651,0.0918227484368176,0.082915081946474,0.0149863028414889,0.0778320889509588,0.0203040232045979,0.0984583982381694,-1.5235492734729958,0.0640754591125997,0.1531785915151828
0,0.1055850113049788,0.1051768801894812,0.0952586943912711,0.0938153864397437,0.0869177700153978,0.0518977536793183,0.1835786212238574,0.0588690937257939,0.3106119287374128,-1.6124416569709792,0.0678667059169461,0.1115626050313313
0,0.0978909954963994,0.1043720865818099,0.0897975481746083,0.0902506622714965,0.0812551704761577,0.0078630897317298,0.0707678075855689,0.0263644773358001,0.1077705827937095,-1.371420353186751,0.1190755512148564,0.153690419730596
0,0.0959251745832866,0.0937381956861212,0.0862127376034515,0.083543660851836,0.0793710741842924,0.00786782061369,0.0572383949645948,0.0344217151848937,0.1233280881195908,-1.4131462140017428,0.0578191420838448,0.1259565084350703
0,0.1003422910842836,0.094536149300495,0.0877165688867102,0.085035927434875,0.0824356532238211,0.0170185721347362,0.0694160016947955,0.0413812583857072,0.1998446437398489,-1.4745305166847056,0.0670923918758878,0.106504071909943
0,0.097923858626423,0.1016925248177487,0.0949601137734772,0.0899399320014042,0.0844604540533973,0.0119201030927835,0.0600837628865979,0.027061855670103,0.1055090206185567,-0.6317985575319651,0.3531607249396257,0.137307811651432
0,0.1038805259082797,0.0995017682755306,0.0943314246375519,0.0933529947395438,0.0808525408365248,0.0489699061589904,0.1566174091252292,0.0664437493258548,0.3584295113795707,-1.5089730243733406,0.0744861531850003,0.1283021397852664
0,0.1151543310969726,0.113898489135151,0.097168149811659,0.0965556952482278,0.0910340085131154,0.0358598207008964,0.1255093724531377,0.0317848410757946,0.1882640586797066,-1.4451489790079903,0.0941242846768119,0.1159996873662198
0,0.0879824584505433,0.0906417121080341,0.0829854227401584,0.0812399582440922,0.0731373613560264,0.0053510832680762,0.0544244322631166,0.0210127903941529,0.1115896632732968,-1.4916700922812458,0.0572246493734865,0.120372351161797
0,0.095430672560359,0.0939614552581305,0.0854062682951382,0.0860375190960333,0.0807152586985555,0.0287150035893754,0.0760947595118449,0.04091888011486,0.2038765254845657,-1.454595293520393,0.0838059219990736,0.1430007930852125
0,0.0887551561114288,0.0896497734050342,0.083533898250656,0.0804416750199179,0.0748903642923828,0.0085015940488841,0.0690754516471838,0.0332979100247963,0.181721572794899,-1.692694475886549,0.0466988573264387,0.1351406226147158
0,0.0933604633694252,0.0950672341034438,0.0847829855411849,0.081892278879817,0.0781848585582779,0.0051500223914017,0.0557545902373488,0.0151141961486789,0.0986341244961934,-1.443517770694129,0.0984116499612075,0.1497601000434181
0,0.0976927922841683,0.0971183926710356,0.0865738674028986,0.0854989919357993,0.080487154401605,0.0200845665961945,0.0835095137420718,0.0591966173361522,0.2241014799154334,-1.258135065807742,0.1724805090461419,0.132653497471243
0,0.1055795831310321,0.1059888184687194,0.0944889335900605,0.0921106634122813,0.0867982609238187,0.0172764227642276,0.1934281842818428,0.0914634146341463,0.4027777777777778,-1.5359301182700589,0.0470295394881542,0.1217435326193464
0,0.0950586425049578,0.0965041974435602,0.0877020906504912,0.083723290887039,0.0817353350732534,0.0120048019207683,0.0714285714285714,0.0524609843937575,0.1611044417767106,-1.3904419438306437,0.0929347403721985,0.1443163524243757
0,0.1018119171129693,0.1014354314503581,0.088335542113871,0.088029135985336,0.0828304742925408,0.0307076101468624,0.1475300400534045,0.1088117489986648,0.3805073431241655,-1.4869538805392206,0.0816421834279662,0.0693041216180703
0,0.1024501345006371,0.1052939688500384,0.0914529974645351,0.0934061733539171,0.0847354102234881,0.0302405498281786,0.1321305841924398,0.0400343642611683,0.2740549828178694,-0.9418602501748272,0.2676415943359577,0.1635932089982785
0,0.0880108382835927,0.0896756489974431,0.0822074067930565,0.0799167673111005,0.073023669714383,0.0153452685421994,0.0985817251801906,0.0401069518716577,0.1719367588932806,-0.9023332868540992,0.2727893919159505,0.1738532162944865
0,0.1095332267832714,0.1047708580512456,0.0943052823355998,0.0922497763273719,0.0895455086571725,0.0314759676733304,0.2487239472564866,0.0705019140791152,0.3516588685665674,-1.3178052201349946,0.0425743775113096,0.1260581016737081
0,0.1014423911195503,0.0992928581671219,0.0894828039485311,0.0887604678731607,0.082841887970898,0.0130297446696499,0.0737694130034219,0.0207949460384311,0.1006843906291129,-1.4284648050621969,0.0472668591557341,0.1197131329817536
0,0.0989912560625157,0.0933603696885194,0.0861859790966253,0.0826579364290249,0.0809781188391789,0.0131793036121054,0.0655711031565245,0.0495173012257294,0.1577719926239288,-1.32496539173256,0.0952614438611392,0.1421539673604393
0,0.0919893615461989,0.1006060519008792,0.0863812762306871,0.0856710835365431,0.0780041585971046,0.0063715627095908,0.0415828303152246,0.0114017437961099,0.0714285714285714,-1.33424624137967,0.1286006517467792,0.1615488219144333
0,0.1001218641345384,0.1034385555317946,0.0899948311778603,0.0910086530267392,0.0823870312749835,0.0086382113821138,0.0264227642276422,0.0172764227642276,0.1189024390243902,-1.328643651049575,0.1449475361438517,0.1172520595800841
0,0.1041897956596995,0.1052080805478704,0.0930605010393828,0.0894473105158936,0.084709941812838,0.0031223389156968,0.0570536474595515,0.0175986375248367,0.1115526539880783,-1.349159953589636,0.1138427190738464,0.1479033380832132
0,0.0993892020312446,0.0994583750715601,0.0876441704681006,0.0871187662922907,0.0845915508354441,0.0088065002676008,0.063640344475259,0.0192672602539775,0.0748795796234126,-1.402695583814005,0.0939096901594614,0.179504516170304
0,0.1050693562435413,0.1059286124263977,0.0885374176649249,0.0871913927718012,0.0805333303825819,0.0198525241066364,0.0567214974475326,0.0799773114010209,0.205331820760068,-1.446507356378346,0.0757348783989702,0.1450315343455436
0,0.1072722557022985,0.1044851037439815,0.0924181124573532,0.0898195392005978,0.0888283457217118,0.0177246496290189,0.0597691673536685,0.0119538334707337,0.0989282769991756,-0.8952576789916474,0.2395838592992699,0.1962976397347934
0,0.1100550793355938,0.116440623740318,0.0963842668433741,0.0972855305474674,0.0928083934484842,0.0,0.125,0.0,0.5,-1.637305699481865,0.0673575129533678,0.0673748855125331
0,0.1029082648933402,0.0989793614740466,0.0894721283887208,0.0866352088532234,0.0832196696814371,0.0113354587318455,0.0641161884520014,0.053134962805526,0.2075805880269217,-1.2997570765130342,0.0877864184585338,0.1321574765074597
